RECNUM,SPECIES,SITE,ID,SEX,TREAT,FWL,BUT_WT,WTDBUT_WT,REL_DATE,COND_0,RECAP_DATE,NRECAP,BEH,TIME,WEAR,NOTEBOOK
1,Pontia_occidentalis,Corfu_WA,1,M,WTD,2.4,68,78,1994-06-08,1,159,0,NA,NA,NA,Corfu.Weighted.1994
2,Pontia_occidentalis,Corfu_WA,2,M,CTL,2.6,73,69,1994-06-08,1,159,0,NA,NA,NA,Corfu.Weighted.1994
3,Pontia_occidentalis,Corfu_WA,5,M,WTD,2.2,53,67,1994-06-08,1,159,0,NA,NA,NA,Corfu.Weighted.1994
4,Pontia_occidentalis,Corfu_WA,6,M,CTL,2.5,84,75,1994-06-08,2,159,0,NA,NA,NA,Corfu.Weighted.1994
5,Pontia_occidentalis,Corfu_WA,7,M,WTD,2.3,49,65,1994-06-08,1,159,0,NA,NA,NA,Corfu.Weighted.1994
6,Pontia_occidentalis,Corfu_WA,8,M,CTL,2.5,81,76,1994-06-08,2,159,0,NA,NA,NA,Corfu.Weighted.1994
7,Pontia_occidentalis,Corfu_WA,9,M,WTD,2.4,77,89,1994-06-08,1,159,0,NA,NA,NA,Corfu.Weighted.1994
8,Pontia_occidentalis,Corfu_WA,10,M,CTL,2.4,74,71,1994-06-08,1,159,0,NA,NA,NA,Corfu.Weighted.1994
9,Pontia_occidentalis,Corfu_WA,11,M,WTD,2.3,65,70,1994-06-08,1,159,0,NA,NA,NA,Corfu.Weighted.1994
10,Pontia_occidentalis,Corfu_WA,12,M,CTL,2.4,79,72,1994-06-08,2,159,0,NA,NA,NA,Corfu.Weighted.1994
11,Pontia_occidentalis,Corfu_WA,13,M,WTD,2.4,67,77,1994-06-08,2,159,0,NA,NA,NA,Corfu.Weighted.1994
12,Pontia_occidentalis,Corfu_WA,14,M,CTL,2.5,71,67,1994-06-08,3,159,0,NA,NA,NA,Corfu.Weighted.1994
13,Pontia_occidentalis,Corfu_WA,15,M,WTD,2.4,77,89,1994-06-08,1,159,0,NA,NA,NA,Corfu.Weighted.1994
14,Pontia_occidentalis,Corfu_WA,16,M,CTL,2.6,65,62,1994-06-08,2,159,0,NA,NA,NA,Corfu.Weighted.1994
15,Pontia_occidentalis,Corfu_WA,17,M,WTD,2.5,76,87,1994-06-08,1,159,0,NA,NA,NA,Corfu.Weighted.1994
16,Pontia_occidentalis,Corfu_WA,18,M,CTL,2.4,64,60,1994-06-08,2,159,0,NA,NA,NA,Corfu.Weighted.1994
17,Pontia_occidentalis,Corfu_WA,19,M,WTD,2.4,67,85,1994-06-08,1,159,0,NA,NA,NA,Corfu.Weighted.1994
18,Pontia_occidentalis,Corfu_WA,20,M,CTL,2.4,64,59,1994-06-08,2,159,0,NA,NA,NA,Corfu.Weighted.1994
19,Pontia_occidentalis,Corfu_WA,21,M,WTD,2.4,72,86,1994-06-08,1,159,0,NA,NA,NA,Corfu.Weighted.1994
20,Pontia_occidentalis,Corfu_WA,22,M,CTL,2.4,68,62,1994-06-08,2,159,0,NA,NA,NA,Corfu.Weighted.1994
21,Pontia_occidentalis,Corfu_WA,23,M,WTD,2.4,93,105,1994-06-08,1,159,0,NA,NA,NA,Corfu.Weighted.1994
22,Pontia_occidentalis,Corfu_WA,24,M,CTL,2.5,61,54,1994-06-08,1,159,0,NA,NA,NA,Corfu.Weighted.1994
23,Pontia_occidentalis,Corfu_WA,25,M,WTD,2.3,53,67,1994-06-08,2,159,0,NA,NA,NA,Corfu.Weighted.1994
24,Pontia_occidentalis,Corfu_WA,26,M,CTL,2.3,57,55,1994-06-08,3,159,0,NA,NA,NA,Corfu.Weighted.1994
25,Pontia_occidentalis,Corfu_WA,27,M,WTD,2.5,68,81,1994-06-08,2,159,0,NA,NA,NA,Corfu.Weighted.1994
26,Pontia_occidentalis,Corfu_WA,28,M,CTL,2.5,78,75,1994-06-08,2,159,0,NA,NA,NA,Corfu.Weighted.1994
27,Pontia_occidentalis,Corfu_WA,29,M,WTD,2.1,69,81,1994-06-08,2,159,0,NA,NA,NA,Corfu.Weighted.1994
28,Pontia_occidentalis,Corfu_WA,30,M,CTL,2.3,63,58,1994-06-08,2,159,0,NA,NA,NA,Corfu.Weighted.1994
29,Pontia_occidentalis,Corfu_WA,31,M,WTD,2.5,71,82,1994-06-08,3,159,0,NA,NA,NA,Corfu.Weighted.1994
30,Pontia_occidentalis,Corfu_WA,32,M,CTL,2.3,64,59,1994-06-08,1,159,0,NA,NA,NA,Corfu.Weighted.1994
31,Pontia_occidentalis,Corfu_WA,33,M,WTD,2.3,71,83,1994-06-08,1,159,0,NA,NA,NA,Corfu.Weighted.1994
32,Pontia_occidentalis,Corfu_WA,34,M,CTL,2.4,82,77,1994-06-08,3,159,0,NA,NA,NA,Corfu.Weighted.1994
33,Pontia_occidentalis,Corfu_WA,35,M,WTD,2.5,84,91,1994-06-08,1,159,0,NA,NA,NA,Corfu.Weighted.1994
34,Pontia_occidentalis,Corfu_WA,36,M,CTL,2.5,82,76,1994-06-08,2,159,0,NA,NA,NA,Corfu.Weighted.1994
35,Pontia_occidentalis,Corfu_WA,37,M,WTD,2.4,66,75,1994-06-08,1,159,0,NA,NA,NA,Corfu.Weighted.1994
36,Pontia_occidentalis,Corfu_WA,38,M,CTL,2.3,77,71,1994-06-08,2,159,0,NA,NA,NA,Corfu.Weighted.1994
37,Pontia_occidentalis,Corfu_WA,39,M,WTD,2.3,80,92,1994-06-08,3,159,0,NA,NA,NA,Corfu.Weighted.1994
38,Pontia_occidentalis,Corfu_WA,40,M,CTL,2.4,56,54,1994-06-08,1,159,0,NA,NA,NA,Corfu.Weighted.1994
39,Pontia_occidentalis,Corfu_WA,41,M,WTD,2.5,72,81,1994-06-08,1,159,0,NA,NA,NA,Corfu.Weighted.1994
40,Pontia_occidentalis,Corfu_WA,42,M,CTL,2.4,62,55,1994-06-08,1,159,0,NA,NA,NA,Corfu.Weighted.1994
41,Pontia_occidentalis,Corfu_WA,43,M,WTD,2.3,63,77,1994-06-08,2,159,0,NA,NA,NA,Corfu.Weighted.1994
42,Pontia_occidentalis,Corfu_WA,44,M,CTL,2.4,93,90,1994-06-08,2,159,0,NA,NA,NA,Corfu.Weighted.1994
43,Pontia_occidentalis,Corfu_WA,45,M,WTD,2.5,58,75,1994-06-08,2,159,0,NA,NA,NA,Corfu.Weighted.1994
44,Pontia_occidentalis,Corfu_WA,46,M,CTL,2.3,63,60,1994-06-08,2,159,0,NA,NA,NA,Corfu.Weighted.1994
45,Pontia_occidentalis,Corfu_WA,47,F,WTD,2.5,84,91,1994-06-08,2,159,0,NA,NA,NA,Corfu.Weighted.1994
46,Pontia_occidentalis,Corfu_WA,48,F,CTL,2.7,106,101,1994-06-08,1,159,0,NA,NA,NA,Corfu.Weighted.1994
47,Pontia_occidentalis,Corfu_WA,49,F,WTD,2.4,79,87,1994-06-08,1,159,0,NA,NA,NA,Corfu.Weighted.1994
48,Pontia_occidentalis,Corfu_WA,50,F,CTL,2.5,79,76,1994-06-08,1,159,0,NA,NA,NA,Corfu.Weighted.1994
49,Pontia_occidentalis,Corfu_WA,51,F,WTD,2.5,87,92,1994-06-08,1,159,0,NA,NA,NA,Corfu.Weighted.1994
50,Pontia_occidentalis,Corfu_WA,53,F,WTD,2.4,69,73,1994-06-08,3,159,0,NA,NA,NA,Corfu.Weighted.1994
51,Pontia_occidentalis,Corfu_WA,54,F,CTL,2.5,78,76,1994-06-08,3,159,0,NA,NA,NA,Corfu.Weighted.1994
52,Pontia_occidentalis,Corfu_WA,55,F,WTD,2.4,88,91,1994-06-08,2,159,0,NA,NA,NA,Corfu.Weighted.1994
53,Pontia_occidentalis,Corfu_WA,56,F,CTL,2.4,82,78,1994-06-08,3,159,0,NA,NA,NA,Corfu.Weighted.1994
54,Pontia_occidentalis,Corfu_WA,57,F,WTD,2.6,84,95,1994-06-08,2,159,0,NA,NA,NA,Corfu.Weighted.1994
55,Pontia_occidentalis,Corfu_WA,59,F,WTD,2.5,77,81,1994-06-08,1,159,0,NA,NA,NA,Corfu.Weighted.1994
56,Pontia_occidentalis,Corfu_WA,60,F,CTL,2.4,92,86,1994-06-08,3,159,0,NA,NA,NA,Corfu.Weighted.1994
57,Pontia_occidentalis,Corfu_WA,61,F,WTD,2.3,84,91,1994-06-08,1,159,0,NA,NA,NA,Corfu.Weighted.1994
58,Pontia_occidentalis,Corfu_WA,62,F,CTL,2.5,95,90,1994-06-08,3,159,0,NA,NA,NA,Corfu.Weighted.1994
59,Pontia_occidentalis,Corfu_WA,63,F,WTD,2.6,94,100,1994-06-08,1,159,0,NA,NA,NA,Corfu.Weighted.1994
60,Pontia_occidentalis,Corfu_WA,64,F,CTL,2.4,65,60,1994-06-08,1,159,0,NA,NA,NA,Corfu.Weighted.1994
61,Pontia_occidentalis,Corfu_WA,65,F,WTD,2.6,102,109,1994-06-08,1,159,0,NA,NA,NA,Corfu.Weighted.1994
62,Pontia_occidentalis,Corfu_WA,67,F,WTD,2.6,92,100,1994-06-08,1,159,0,NA,NA,NA,Corfu.Weighted.1994
63,Pontia_occidentalis,Corfu_WA,68,F,CTL,2.4,70,63,1994-06-08,1,159,0,NA,NA,NA,Corfu.Weighted.1994
64,Pontia_occidentalis,Corfu_WA,69,F,WTD,2.5,87,97,1994-06-08,1,159,0,NA,NA,NA,Corfu.Weighted.1994
65,Pontia_occidentalis,Corfu_WA,70,F,CTL,2.3,83,80,1994-06-08,2,159,0,NA,NA,NA,Corfu.Weighted.1994
66,Pontia_occidentalis,Corfu_WA,71,F,WTD,2.6,80,88,1994-06-08,1,159,0,NA,NA,NA,Corfu.Weighted.1994
67,Pontia_occidentalis,Corfu_WA,72,F,CTL,2.5,98,93,1994-06-08,3,159,0,NA,NA,NA,Corfu.Weighted.1994
68,Pontia_occidentalis,Corfu_WA,73,F,WTD,2.4,77,82,1994-06-08,1,159,0,NA,NA,NA,Corfu.Weighted.1994
69,Pontia_occidentalis,Corfu_WA,74,F,CTL,2.6,73,69,1994-06-08,1,159,0,NA,NA,NA,Corfu.Weighted.1994
70,Pontia_occidentalis,Corfu_WA,75,F,WTD,2.4,83,92,1994-06-08,1,159,0,NA,NA,NA,Corfu.Weighted.1994
71,Pontia_occidentalis,Corfu_WA,76,F,CTL,2.5,107,106,1994-06-08,1,159,0,NA,NA,NA,Corfu.Weighted.1994
72,Pontia_occidentalis,Corfu_WA,77,F,WTD,2.5,100,109,1994-06-08,1,159,0,NA,NA,NA,Corfu.Weighted.1994
73,Pontia_occidentalis,Corfu_WA,78,F,CTL,2.4,70,66,1994-06-08,2,159,0,NA,NA,NA,Corfu.Weighted.1994
74,Pontia_occidentalis,Corfu_WA,79,F,WTD,2.6,107,115,1994-06-08,1,159,0,NA,NA,NA,Corfu.Weighted.1994
75,Pontia_occidentalis,Corfu_WA,81,F,WTD,2.3,60,67,1994-06-08,1,159,0,NA,NA,NA,Corfu.Weighted.1994
76,Pontia_occidentalis,Corfu_WA,82,F,CTL,2.6,93,90,1994-06-08,2,159,0,NA,NA,NA,Corfu.Weighted.1994
77,Pontia_occidentalis,Corfu_WA,83,F,WTD,2.5,83,88,1994-06-08,1,159,0,NA,NA,NA,Corfu.Weighted.1994
78,Pontia_occidentalis,Corfu_WA,84,F,CTL,2.6,93,90,1994-06-08,2,159,0,NA,NA,NA,Corfu.Weighted.1994
79,Pontia_occidentalis,Corfu_WA,85,F,WTD,2.5,95,106,1994-06-08,1,159,0,NA,NA,NA,Corfu.Weighted.1994
80,Pontia_occidentalis,Corfu_WA,87,F,WTD,2.6,87,94,1994-06-08,1,159,0,NA,NA,NA,Corfu.Weighted.1994
81,Pontia_occidentalis,Corfu_WA,88,F,CTL,2.4,115,110,1994-06-08,1,159,0,NA,NA,NA,Corfu.Weighted.1994
82,Pontia_occidentalis,Corfu_WA,90,F,CTL,2.5,75,70,1994-06-09,1,160,0,NA,NA,NA,Corfu.Weighted.1994
83,Pontia_occidentalis,Corfu_WA,91,F,WTD,2.5,69,81,1994-06-09,3,160,0,NA,NA,NA,Corfu.Weighted.1994
84,Pontia_occidentalis,Corfu_WA,92,F,CTL,2.5,86,84,1994-06-09,1,160,0,NA,NA,NA,Corfu.Weighted.1994
85,Pontia_occidentalis,Corfu_WA,93,F,WTD,2.5,88,97,1994-06-09,1,160,0,NA,NA,NA,Corfu.Weighted.1994
86,Pontia_occidentalis,Corfu_WA,94,F,CTL,2.4,66,63,1994-06-09,2,160,0,NA,NA,NA,Corfu.Weighted.1994
87,Pontia_occidentalis,Corfu_WA,95,F,WTD,2.6,95,113,1994-06-09,1,160,0,NA,NA,NA,Corfu.Weighted.1994
88,Pontia_occidentalis,Corfu_WA,96,F,CTL,2.4,78,75,1994-06-09,1,160,0,NA,NA,NA,Corfu.Weighted.1994
89,Pontia_occidentalis,Corfu_WA,97,F,WTD,2.4,83,92,1994-06-09,1,160,0,NA,NA,NA,Corfu.Weighted.1994
90,Pontia_occidentalis,Corfu_WA,98,F,CTL,2.3,83,78,1994-06-09,1,160,0,NA,NA,NA,Corfu.Weighted.1994
91,Pontia_occidentalis,Corfu_WA,99,F,WTD,2.5,88,105,1994-06-09,1,160,0,NA,NA,NA,Corfu.Weighted.1994
92,Pontia_occidentalis,Corfu_WA,100,F,CTL,2.5,97,94,1994-06-09,1,160,0,NA,NA,NA,Corfu.Weighted.1994
93,Pontia_occidentalis,Corfu_WA,101,F,WTD,2.4,61,77,1994-06-09,1,160,0,NA,NA,NA,Corfu.Weighted.1994
94,Pontia_occidentalis,Corfu_WA,102,F,CTL,2.4,58,51,1994-06-09,3,160,0,NA,NA,NA,Corfu.Weighted.1994
95,Pontia_occidentalis,Corfu_WA,103,F,WTD,2.5,78,88,1994-06-09,1,160,0,NA,NA,NA,Corfu.Weighted.1994
96,Pontia_occidentalis,Corfu_WA,104,F,CTL,2.4,78,80,1994-06-09,2,160,0,NA,NA,NA,Corfu.Weighted.1994
97,Pontia_occidentalis,Corfu_WA,105,F,WTD,2.5,91,100,1994-06-09,1,160,0,NA,NA,NA,Corfu.Weighted.1994
98,Pontia_occidentalis,Corfu_WA,106,F,CTL,2.2,69,66,1994-06-09,1,160,0,NA,NA,NA,Corfu.Weighted.1994
99,Pontia_occidentalis,Corfu_WA,107,F,WTD,2.5,113,126,1994-06-09,1,160,0,NA,NA,NA,Corfu.Weighted.1994
100,Pontia_occidentalis,Corfu_WA,108,F,CTL,2.5,87,81,1994-06-09,1,160,0,NA,NA,NA,Corfu.Weighted.1994
101,Pontia_occidentalis,Corfu_WA,109,F,WTD,2.6,87,91,1994-06-09,1,160,0,NA,NA,NA,Corfu.Weighted.1994
102,Pontia_occidentalis,Corfu_WA,110,F,CTL,2.4,67,65,1994-06-09,2,160,0,NA,NA,NA,Corfu.Weighted.1994
103,Pontia_occidentalis,Corfu_WA,111,F,WTD,2.4,80,89,1994-06-09,3,160,0,NA,NA,NA,Corfu.Weighted.1994
104,Pontia_occidentalis,Corfu_WA,112,F,CTL,2.5,71,69,1994-06-09,1,160,0,NA,NA,NA,Corfu.Weighted.1994
105,Pontia_occidentalis,Corfu_WA,113,F,WTD,2.4,55,74,1994-06-09,1,160,0,NA,NA,NA,Corfu.Weighted.1994
106,Pontia_occidentalis,Corfu_WA,114,F,CTL,2.4,94,90,1994-06-09,1,160,0,NA,NA,NA,Corfu.Weighted.1994
107,Pontia_occidentalis,Corfu_WA,115,F,WTD,2.5,76,87,1994-06-09,1,160,0,NA,NA,NA,Corfu.Weighted.1994
108,Pontia_occidentalis,Corfu_WA,116,F,CTL,2.6,91,86,1994-06-09,1,160,0,NA,NA,NA,Corfu.Weighted.1994
109,Pontia_occidentalis,Corfu_WA,117,F,WTD,2.4,79,94,1994-06-09,1,160,0,NA,NA,NA,Corfu.Weighted.1994
110,Pontia_occidentalis,Corfu_WA,118,F,CTL,2.3,76,71,1994-06-09,1,160,0,NA,NA,NA,Corfu.Weighted.1994
111,Pontia_occidentalis,Corfu_WA,119,F,WTD,2.4,97,111,1994-06-09,1,160,0,NA,NA,NA,Corfu.Weighted.1994
112,Pontia_occidentalis,Corfu_WA,120,F,CTL,2.4,86,83,1994-06-09,1,160,0,NA,NA,NA,Corfu.Weighted.1994
113,Pontia_occidentalis,Corfu_WA,121,F,WTD,2.5,89,99,1994-06-09,2,160,0,NA,NA,NA,Corfu.Weighted.1994
114,Pontia_occidentalis,Corfu_WA,122,F,CTL,2.4,77,73,1994-06-09,1,160,0,NA,NA,NA,Corfu.Weighted.1994
115,Pontia_occidentalis,Corfu_WA,123,F,WTD,2.4,59,76,1994-06-09,2,160,0,NA,NA,NA,Corfu.Weighted.1994
116,Pontia_occidentalis,Corfu_WA,124,F,CTL,2.5,79,74,1994-06-09,3,160,0,NA,NA,NA,Corfu.Weighted.1994
117,Pontia_occidentalis,Corfu_WA,126,F,CTL,2.5,96,94,1994-06-09,1,160,0,NA,NA,NA,Corfu.Weighted.1994
118,Pontia_occidentalis,Corfu_WA,127,F,WTD,2.4,85,95,1994-06-09,3,160,0,NA,NA,NA,Corfu.Weighted.1994
119,Pontia_occidentalis,Corfu_WA,128,F,CTL,2.6,105,102,1994-06-09,1,160,0,NA,NA,NA,Corfu.Weighted.1994
120,Pontia_occidentalis,Corfu_WA,129,F,WTD,2.3,70,84,1994-06-09,1,160,0,NA,NA,NA,Corfu.Weighted.1994
121,Pontia_occidentalis,Corfu_WA,130,F,CTL,2.4,91,85,1994-06-09,1,160,0,NA,NA,NA,Corfu.Weighted.1994
122,Pontia_occidentalis,Corfu_WA,131,F,WTD,2.4,73,81,1994-06-09,1,160,0,NA,NA,NA,Corfu.Weighted.1994
123,Pontia_occidentalis,Corfu_WA,132,F,CTL,2.6,81,79,1994-06-09,1,160,0,NA,NA,NA,Corfu.Weighted.1994
124,Pontia_occidentalis,Corfu_WA,133,F,WTD,2.4,73,90,1994-06-09,2,160,0,NA,NA,NA,Corfu.Weighted.1994
125,Pontia_occidentalis,Corfu_WA,134,F,CTL,2.5,98,95,1994-06-09,2,160,0,NA,NA,NA,Corfu.Weighted.1994
126,Pontia_occidentalis,Corfu_WA,135,F,WTD,2.6,88,103,1994-06-09,1,160,0,NA,NA,NA,Corfu.Weighted.1994
127,Pontia_occidentalis,Corfu_WA,136,F,CTL,2.5,83,82,1994-06-09,1,160,0,NA,NA,NA,Corfu.Weighted.1994
128,Pontia_occidentalis,Corfu_WA,137,F,WTD,2.6,83,95,1994-06-09,2,160,0,NA,NA,NA,Corfu.Weighted.1994
129,Pontia_occidentalis,Corfu_WA,138,F,CTL,2.4,90,91,1994-06-09,1,160,0,NA,NA,NA,Corfu.Weighted.1994
130,Pontia_occidentalis,Corfu_WA,139,F,WTD,2.4,58,67,1994-06-09,2,160,0,NA,NA,NA,Corfu.Weighted.1994
131,Pontia_occidentalis,Corfu_WA,140,F,CTL,2.3,70,68,1994-06-09,1,160,0,NA,NA,NA,Corfu.Weighted.1994
132,Pontia_occidentalis,Corfu_WA,141,F,WTD,2.6,82,92,1994-06-09,2,160,0,NA,NA,NA,Corfu.Weighted.1994
133,Pontia_occidentalis,Corfu_WA,142,F,CTL,2.5,97,93,1994-06-09,1,160,0,NA,NA,NA,Corfu.Weighted.1994
134,Pontia_occidentalis,Corfu_WA,143,F,WTD,2.5,87,104,1994-06-09,3,160,0,NA,NA,NA,Corfu.Weighted.1994
135,Pontia_occidentalis,Corfu_WA,144,F,CTL,2.5,99,98,1994-06-09,3,160,0,NA,NA,NA,Corfu.Weighted.1994
136,Pontia_occidentalis,Corfu_WA,145,F,WTD,2.6,106,121,1994-06-09,1,160,0,NA,NA,NA,Corfu.Weighted.1994
137,Pontia_occidentalis,Corfu_WA,146,F,CTL,2.4,77,70,1994-06-09,2,160,0,NA,NA,NA,Corfu.Weighted.1994
138,Pontia_occidentalis,Corfu_WA,147,F,WTD,2.4,72,90,1994-06-09,1,160,0,NA,NA,NA,Corfu.Weighted.1994
139,Pontia_occidentalis,Corfu_WA,148,F,CTL,2.6,76,75,1994-06-09,1,160,0,NA,NA,NA,Corfu.Weighted.1994
140,Pontia_occidentalis,Corfu_WA,149,F,WTD,2.4,72,53,1994-06-09,2,160,0,NA,NA,NA,Corfu.Weighted.1994
141,Pontia_occidentalis,Corfu_WA,150,F,CTL,2.5,86,85,1994-06-09,1,160,0,NA,NA,NA,Corfu.Weighted.1994
142,Pontia_occidentalis,Corfu_WA,151,F,WTD,2.6,84,95,1994-06-09,1,160,0,NA,NA,NA,Corfu.Weighted.1994
143,Pontia_occidentalis,Corfu_WA,152,M,CTL,2.3,61,54,1994-06-09,2,160,0,NA,NA,NA,Corfu.Weighted.1994
144,Pontia_occidentalis,Corfu_WA,153,M,WTD,2.2,84,93,1994-06-09,1,160,0,NA,NA,NA,Corfu.Weighted.1994
145,Pontia_occidentalis,Corfu_WA,154,M,CTL,2.3,51,48,1994-06-09,3,160,0,NA,NA,NA,Corfu.Weighted.1994
146,Pontia_occidentalis,Corfu_WA,155,M,WTD,2.1,55,66,1994-06-09,3,160,0,NA,NA,NA,Corfu.Weighted.1994
147,Pontia_occidentalis,Corfu_WA,156,M,CTL,2.2,57,51,1994-06-09,1,160,0,NA,NA,NA,Corfu.Weighted.1994
148,Pontia_occidentalis,Corfu_WA,157,M,WTD,2.4,78,87,1994-06-09,1,160,0,NA,NA,NA,Corfu.Weighted.1994
149,Pontia_occidentalis,Corfu_WA,158,M,CTL,2.4,87,80,1994-06-09,1,160,0,NA,NA,NA,Corfu.Weighted.1994
150,Pontia_occidentalis,Corfu_WA,159,M,WTD,2.5,81,90,1994-06-09,1,160,0,NA,NA,NA,Corfu.Weighted.1994
151,Pontia_occidentalis,Corfu_WA,160,M,CTL,2.2,53,50,1994-06-09,2,160,0,NA,NA,NA,Corfu.Weighted.1994
152,Pontia_occidentalis,Corfu_WA,161,M,WTD,2.1,66,86,1994-06-09,2,160,0,NA,NA,NA,Corfu.Weighted.1994
153,Pontia_occidentalis,Corfu_WA,162,M,CTL,2.4,69,63,1994-06-09,1,160,0,NA,NA,NA,Corfu.Weighted.1994
154,Pontia_occidentalis,Corfu_WA,163,M,WTD,2.3,53,67,1994-06-09,1,160,0,NA,NA,NA,Corfu.Weighted.1994
155,Pontia_occidentalis,Corfu_WA,164,M,CTL,2.4,70,65,1994-06-09,1,160,0,NA,NA,NA,Corfu.Weighted.1994
156,Pontia_occidentalis,Corfu_WA,165,M,WTD,2.4,59,71,1994-06-09,1,160,0,NA,NA,NA,Corfu.Weighted.1994
157,Pontia_occidentalis,Corfu_WA,166,M,CTL,2.3,85,81,1994-06-09,1,160,0,NA,NA,NA,Corfu.Weighted.1994
158,Pontia_occidentalis,Corfu_WA,167,M,WTD,2.3,47,61,1994-06-09,1,160,0,NA,NA,NA,Corfu.Weighted.1994
159,Pontia_occidentalis,Corfu_WA,168,M,CTL,2.4,79,74,1994-06-09,1,160,0,NA,NA,NA,Corfu.Weighted.1994
160,Pontia_occidentalis,Corfu_WA,169,M,WTD,2.4,64,71,1994-06-09,1,160,0,NA,NA,NA,Corfu.Weighted.1994
161,Pontia_occidentalis,Corfu_WA,170,M,CTL,2.4,56,54,1994-06-09,3,160,0,NA,NA,NA,Corfu.Weighted.1994
162,Pontia_occidentalis,Corfu_WA,171,M,WTD,2.3,80,87,1994-06-09,1,160,0,NA,NA,NA,Corfu.Weighted.1994
163,Pontia_occidentalis,Corfu_WA,172,M,CTL,2.5,74,72,1994-06-09,2,160,0,NA,NA,NA,Corfu.Weighted.1994
164,Pontia_occidentalis,Corfu_WA,173,M,WTD,2.3,82,95,1994-06-09,3,160,0,NA,NA,NA,Corfu.Weighted.1994
165,Pontia_occidentalis,Corfu_WA,174,M,CTL,2.3,59,53,1994-06-09,3,160,0,NA,NA,NA,Corfu.Weighted.1994
166,Pontia_occidentalis,Corfu_WA,175,F,WTD,2.5,99,110,1994-06-09,1,160,0,NA,NA,NA,Corfu.Weighted.1994
167,Pontia_occidentalis,Corfu_WA,176,M,CTL,2.3,66,59,1994-06-09,3,160,0,NA,NA,NA,Corfu.Weighted.1994
168,Pontia_occidentalis,Corfu_WA,177,M,WTD,2.3,65,73,1994-06-09,3,160,0,NA,NA,NA,Corfu.Weighted.1994
169,Pontia_occidentalis,Corfu_WA,178,M,CTL,2.5,77,92,1994-06-09,1,160,0,NA,NA,NA,Corfu.Weighted.1994
170,Pontia_occidentalis,Corfu_WA,179,M,WTD,2.4,58,68,1994-06-09,2,160,0,NA,NA,NA,Corfu.Weighted.1994
171,Pontia_occidentalis,Corfu_WA,180,M,CTL,2.3,62,55,1994-06-09,1,160,0,NA,NA,NA,Corfu.Weighted.1994
172,Pontia_occidentalis,Corfu_WA,181,M,WTD,2.4,51,62,1994-06-09,3,160,0,NA,NA,NA,Corfu.Weighted.1994
173,Pontia_occidentalis,Corfu_WA,182,M,CTL,2.3,77,73,1994-06-09,2,160,0,NA,NA,NA,Corfu.Weighted.1994
174,Pontia_occidentalis,Corfu_WA,183,M,WTD,2.2,54,66,1994-06-09,2,160,0,NA,NA,NA,Corfu.Weighted.1994
175,Pontia_occidentalis,Corfu_WA,184,M,CTL,2.5,94,87,1994-06-09,1,160,0,NA,NA,NA,Corfu.Weighted.1994
176,Pontia_occidentalis,Corfu_WA,185,M,WTD,2.3,56,67,1994-06-09,1,160,0,NA,NA,NA,Corfu.Weighted.1994
177,Pontia_occidentalis,Corfu_WA,186,M,CTL,2.5,71,69,1994-06-09,2,160,0,NA,NA,NA,Corfu.Weighted.1994
178,Pontia_occidentalis,Corfu_WA,187,M,WTD,2.6,72,82,1994-06-09,3,160,0,NA,NA,NA,Corfu.Weighted.1994
179,Pontia_occidentalis,Corfu_WA,188,M,CTL,2.3,49,43,1994-06-09,1,160,0,NA,NA,NA,Corfu.Weighted.1994
180,Pontia_occidentalis,Corfu_WA,189,M,WTD,2.4,73,81,1994-06-09,1,160,0,NA,NA,NA,Corfu.Weighted.1994
181,Pontia_occidentalis,Corfu_WA,190,M,CTL,2.2,65,55,1994-06-09,1,160,0,NA,NA,NA,Corfu.Weighted.1994
182,Pontia_occidentalis,Corfu_WA,191,M,WTD,2.4,84,93,1994-06-09,1,160,0,NA,NA,NA,Corfu.Weighted.1994
183,Pontia_occidentalis,Corfu_WA,192,M,CTL,2.3,65,58,1994-06-09,1,160,0,NA,NA,NA,Corfu.Weighted.1994
184,Pontia_occidentalis,Corfu_WA,193,M,WTD,2.4,71,81,1994-06-09,1,160,0,NA,NA,NA,Corfu.Weighted.1994
185,Pontia_occidentalis,Corfu_WA,194,M,CTL,2.3,67,59,1994-06-09,1,160,0,NA,NA,NA,Corfu.Weighted.1994
186,Pontia_occidentalis,Corfu_WA,195,M,WTD,2.3,64,74,1994-06-09,3,160,0,NA,NA,NA,Corfu.Weighted.1994
187,Pontia_occidentalis,Corfu_WA,196,M,CTL,2.2,74,71,1994-06-09,3,160,0,NA,NA,NA,Corfu.Weighted.1994
188,Pontia_occidentalis,Corfu_WA,197,M,WTD,2.4,71,81,1994-06-09,2,160,0,NA,NA,NA,Corfu.Weighted.1994
189,Pontia_occidentalis,Corfu_WA,198,M,CTL,2.4,84,81,1994-06-09,1,160,0,NA,NA,NA,Corfu.Weighted.1994
190,Pontia_occidentalis,Corfu_WA,199,F,WTD,2.4,64,79,1994-06-10,1,161,0,NA,NA,NA,Corfu.Weighted.1994
191,Pontia_occidentalis,Corfu_WA,200,F,CTL,2.5,91,91,1994-06-10,1,161,0,NA,NA,NA,Corfu.Weighted.1994
192,Pontia_occidentalis,Corfu_WA,201,F,WTD,2.4,59,75,1994-06-10,3,161,0,NA,NA,NA,Corfu.Weighted.1994
193,Pontia_occidentalis,Corfu_WA,202,F,CTL,2.5,124,118,1994-06-10,1,161,0,NA,NA,NA,Corfu.Weighted.1994
194,Pontia_occidentalis,Corfu_WA,203,F,WTD,2.6,102,117,1994-06-10,1,161,0,NA,NA,NA,Corfu.Weighted.1994
195,Pontia_occidentalis,Corfu_WA,204,F,CTL,2.5,108,105,1994-06-10,3,161,0,NA,NA,NA,Corfu.Weighted.1994
196,Pontia_occidentalis,Corfu_WA,205,F,WTD,2.4,62,74,1994-06-10,1,161,0,NA,NA,NA,Corfu.Weighted.1994
197,Pontia_occidentalis,Corfu_WA,206,F,CTL,2.3,74,71,1994-06-10,1,161,0,NA,NA,NA,Corfu.Weighted.1994
198,Pontia_occidentalis,Corfu_WA,207,F,WTD,2.5,114,121,1994-06-10,1,161,0,NA,NA,NA,Corfu.Weighted.1994
199,Pontia_occidentalis,Corfu_WA,208,F,CTL,2.6,83,80,1994-06-10,1,161,0,NA,NA,NA,Corfu.Weighted.1994
200,Pontia_occidentalis,Corfu_WA,209,F,WTD,2.5,71,75,1994-06-10,3,161,0,NA,NA,NA,Corfu.Weighted.1994
201,Pontia_occidentalis,Corfu_WA,210,F,CTL,2.2,86,84,1994-06-10,3,161,0,NA,NA,NA,Corfu.Weighted.1994
202,Pontia_occidentalis,Corfu_WA,211,F,WTD,2.2,44,60,1994-06-10,2,161,0,NA,NA,NA,Corfu.Weighted.1994
203,Pontia_occidentalis,Corfu_WA,212,F,CTL,2.3,71,69,1994-06-10,1,161,0,NA,NA,NA,Corfu.Weighted.1994
204,Pontia_occidentalis,Corfu_WA,213,F,WTD,2.6,97,109,1994-06-10,1,161,0,NA,NA,NA,Corfu.Weighted.1994
205,Pontia_occidentalis,Corfu_WA,214,F,CTL,2.4,90,88,1994-06-10,1,161,0,NA,NA,NA,Corfu.Weighted.1994
206,Pontia_occidentalis,Corfu_WA,215,F,WTD,2.5,87,98,1994-06-10,1,161,0,NA,NA,NA,Corfu.Weighted.1994
207,Pontia_occidentalis,Corfu_WA,216,F,CTL,2.5,92,92,1994-06-10,1,161,0,NA,NA,NA,Corfu.Weighted.1994
208,Pontia_occidentalis,Corfu_WA,217,F,WTD,2.5,79,99,1994-06-10,1,161,0,NA,NA,NA,Corfu.Weighted.1994
209,Pontia_occidentalis,Corfu_WA,218,F,CTL,2.5,99,94,1994-06-10,1,161,0,NA,NA,NA,Corfu.Weighted.1994
210,Pontia_occidentalis,Corfu_WA,219,F,WTD,2.5,73,77,1994-06-10,2,161,0,NA,NA,NA,Corfu.Weighted.1994
211,Pontia_occidentalis,Corfu_WA,220,F,CTL,2.4,67,63,1994-06-10,1,161,0,NA,NA,NA,Corfu.Weighted.1994
212,Pontia_occidentalis,Corfu_WA,221,F,WTD,2.4,76,89,1994-06-10,2,161,0,NA,NA,NA,Corfu.Weighted.1994
213,Pontia_occidentalis,Corfu_WA,222,F,CTL,2.5,86,84,1994-06-10,1,161,0,NA,NA,NA,Corfu.Weighted.1994
214,Pontia_occidentalis,Corfu_WA,223,F,WTD,2.4,74,90,1994-06-10,1,161,0,NA,NA,NA,Corfu.Weighted.1994
215,Pontia_occidentalis,Corfu_WA,224,F,CTL,2.5,112,107,1994-06-10,1,161,0,NA,NA,NA,Corfu.Weighted.1994
216,Pontia_occidentalis,Corfu_WA,225,F,WTD,2.5,62,74,1994-06-10,3,161,0,NA,NA,NA,Corfu.Weighted.1994
217,Pontia_occidentalis,Corfu_WA,226,F,CTL,2.4,82,81,1994-06-10,2,161,0,NA,NA,NA,Corfu.Weighted.1994
218,Pontia_occidentalis,Corfu_WA,227,F,WTD,2.5,95,104,1994-06-10,1,161,0,NA,NA,NA,Corfu.Weighted.1994
219,Pontia_occidentalis,Corfu_WA,228,F,CTL,2.5,92,88,1994-06-10,1,161,0,NA,NA,NA,Corfu.Weighted.1994
220,Pontia_occidentalis,Corfu_WA,229,F,WTD,2.5,82,96,1994-06-10,1,161,0,NA,NA,NA,Corfu.Weighted.1994
221,Pontia_occidentalis,Corfu_WA,230,F,CTL,2.5,100,97,1994-06-10,4,161,0,NA,NA,NA,Corfu.Weighted.1994
222,Pontia_occidentalis,Corfu_WA,231,F,WTD,2.6,88,98,1994-06-10,1,161,0,NA,NA,NA,Corfu.Weighted.1994
223,Pontia_occidentalis,Corfu_WA,232,F,CTL,2.5,85,80,1994-06-10,2,161,0,NA,NA,NA,Corfu.Weighted.1994
224,Pontia_occidentalis,Corfu_WA,233,F,WTD,2.4,58,70,1994-06-10,3,161,0,NA,NA,NA,Corfu.Weighted.1994
225,Pontia_occidentalis,Corfu_WA,234,F,CTL,2.6,113,124,1994-06-10,1,161,0,NA,NA,NA,Corfu.Weighted.1994
226,Pontia_occidentalis,Corfu_WA,235,F,WTD,2.6,89,96,1994-06-10,1,161,0,NA,NA,NA,Corfu.Weighted.1994
227,Pontia_occidentalis,Corfu_WA,236,F,CTL,2.6,106,103,1994-06-10,2,161,0,NA,NA,NA,Corfu.Weighted.1994
228,Pontia_occidentalis,Corfu_WA,237,F,WTD,2.4,59,73,1994-06-10,2,161,0,NA,NA,NA,Corfu.Weighted.1994
229,Pontia_occidentalis,Corfu_WA,238,F,CTL,2.4,78,78,1994-06-10,2,161,0,NA,NA,NA,Corfu.Weighted.1994
230,Pontia_occidentalis,Corfu_WA,239,F,WTD,2.4,75,81,1994-06-10,2,161,0,NA,NA,NA,Corfu.Weighted.1994
231,Pontia_occidentalis,Corfu_WA,240,F,CTL,2.4,105,100,1994-06-10,1,161,0,NA,NA,NA,Corfu.Weighted.1994
232,Pontia_occidentalis,Corfu_WA,241,F,WTD,2.3,67,80,1994-06-10,2,161,0,NA,NA,NA,Corfu.Weighted.1994
233,Pontia_occidentalis,Corfu_WA,242,F,CTL,2.6,85,34,1994-06-10,1,161,0,NA,NA,NA,Corfu.Weighted.1994
234,Pontia_occidentalis,Corfu_WA,243,F,WTD,2.3,73,84,1994-06-10,2,161,0,NA,NA,NA,Corfu.Weighted.1994
235,Pontia_occidentalis,Corfu_WA,244,F,CTL,2.5,110,104,1994-06-10,3,161,0,NA,NA,NA,Corfu.Weighted.1994
236,Pontia_occidentalis,Corfu_WA,245,F,WTD,2.5,78,93,1994-06-10,1,161,0,NA,NA,NA,Corfu.Weighted.1994
237,Pontia_occidentalis,Corfu_WA,246,F,CTL,2.4,78,76,1994-06-10,3,161,0,NA,NA,NA,Corfu.Weighted.1994
238,Pontia_occidentalis,Corfu_WA,247,F,WTD,2.6,125,134,1994-06-10,1,161,0,NA,NA,NA,Corfu.Weighted.1994
239,Pontia_occidentalis,Corfu_WA,248,F,CTL,2.4,74,76,1994-06-10,1,161,0,NA,NA,NA,Corfu.Weighted.1994
240,Pontia_occidentalis,Corfu_WA,249,F,WTD,2.6,64,83,1994-06-10,3,161,0,NA,NA,NA,Corfu.Weighted.1994
241,Pontia_occidentalis,Corfu_WA,250,F,CTL,2.3,75,72,1994-06-10,3,161,0,NA,NA,NA,Corfu.Weighted.1994
242,Pontia_occidentalis,Corfu_WA,251,F,WTD,2.3,61,68,1994-06-10,1,161,0,NA,NA,NA,Corfu.Weighted.1994
243,Pontia_occidentalis,Corfu_WA,252,F,CTL,2.4,77,71,1994-06-10,1,161,0,NA,NA,NA,Corfu.Weighted.1994
244,Pontia_occidentalis,Corfu_WA,253,F,WTD,2.4,84,93,1994-06-10,3,161,0,NA,NA,NA,Corfu.Weighted.1994
245,Pontia_occidentalis,Corfu_WA,255,F,WTD,2.4,67,79,1994-06-10,1,161,0,NA,NA,NA,Corfu.Weighted.1994
246,Pontia_occidentalis,Corfu_WA,256,F,CTL,2.6,99,92,1994-06-10,1,161,0,NA,NA,NA,Corfu.Weighted.1994
247,Pontia_occidentalis,Corfu_WA,257,F,WTD,2.5,77,94,1994-06-10,2,161,0,NA,NA,NA,Corfu.Weighted.1994
248,Pontia_occidentalis,Corfu_WA,258,F,CTL,2.4,88,35,1994-06-10,3,161,0,NA,NA,NA,Corfu.Weighted.1994
249,Pontia_occidentalis,Corfu_WA,259,F,WTD,2.5,72,82,1994-06-10,1,161,0,NA,NA,NA,Corfu.Weighted.1994
250,Pontia_occidentalis,Corfu_WA,260,F,CTL,2.5,116,112,1994-06-10,1,161,0,NA,NA,NA,Corfu.Weighted.1994
251,Pontia_occidentalis,Corfu_WA,261,F,WTD,2.5,95,101,1994-06-10,4,161,0,NA,NA,NA,Corfu.Weighted.1994
252,Pontia_occidentalis,Corfu_WA,262,M,CTL,2.6,85,82,1994-06-10,1,161,0,NA,NA,NA,Corfu.Weighted.1994
253,Pontia_occidentalis,Corfu_WA,263,M,WTD,2.4,65,81,1994-06-10,1,161,0,NA,NA,NA,Corfu.Weighted.1994
254,Pontia_occidentalis,Corfu_WA,264,M,CTL,2.3,73,69,1994-06-10,3,161,0,NA,NA,NA,Corfu.Weighted.1994
255,Pontia_occidentalis,Corfu_WA,265,M,WTD,2.3,64,78,1994-06-10,1,161,0,NA,NA,NA,Corfu.Weighted.1994
256,Pontia_occidentalis,Corfu_WA,266,M,CTL,2.4,78,75,1994-06-10,2,161,0,NA,NA,NA,Corfu.Weighted.1994
257,Pontia_occidentalis,Corfu_WA,267,M,WTD,2.5,108,116,1994-06-10,1,161,0,NA,NA,NA,Corfu.Weighted.1994
258,Pontia_occidentalis,Corfu_WA,268,M,CTL,2.6,91,88,1994-06-10,1,161,0,NA,NA,NA,Corfu.Weighted.1994
259,Pontia_occidentalis,Corfu_WA,269,M,WTD,2.3,75,82,1994-06-10,1,161,0,NA,NA,NA,Corfu.Weighted.1994
260,Pontia_occidentalis,Corfu_WA,270,M,CTL,2.3,66,60,1994-06-10,1,161,0,NA,NA,NA,Corfu.Weighted.1994
261,Pontia_occidentalis,Corfu_WA,271,M,WTD,2.3,54,64,1994-06-10,2,161,0,NA,NA,NA,Corfu.Weighted.1994
262,Pontia_occidentalis,Corfu_WA,272,M,CTL,2.4,65,60,1994-06-10,2,161,0,NA,NA,NA,Corfu.Weighted.1994
263,Pontia_occidentalis,Corfu_WA,273,M,WTD,2.5,74,83,1994-06-10,1,161,0,NA,NA,NA,Corfu.Weighted.1994
264,Pontia_occidentalis,Corfu_WA,274,M,CTL,2.4,71,66,1994-06-10,1,161,0,NA,NA,NA,Corfu.Weighted.1994
265,Pontia_occidentalis,Corfu_WA,275,M,WTD,2.4,103,116,1994-06-10,1,161,0,NA,NA,NA,Corfu.Weighted.1994
266,Pontia_occidentalis,Corfu_WA,276,M,CTL,2.3,91,89,1994-06-10,2,161,0,NA,NA,NA,Corfu.Weighted.1994
267,Pontia_occidentalis,Corfu_WA,277,M,WTD,2.4,54,65,1994-06-10,1,161,0,NA,NA,NA,Corfu.Weighted.1994
268,Pontia_occidentalis,Corfu_WA,278,M,CTL,2.4,92,90,1994-06-10,2,161,0,NA,NA,NA,Corfu.Weighted.1994
269,Pontia_occidentalis,Corfu_WA,279,M,WTD,2.3,67,78,1994-06-10,1,161,0,NA,NA,NA,Corfu.Weighted.1994
270,Pontia_occidentalis,Corfu_WA,280,M,CTL,2.3,73,68,1994-06-10,2,161,0,NA,NA,NA,Corfu.Weighted.1994
271,Pontia_occidentalis,Corfu_WA,281,M,WTD,2.4,56,70,1994-06-10,1,161,0,NA,NA,NA,Corfu.Weighted.1994
272,Pontia_occidentalis,Corfu_WA,282,M,CTL,2.3,67,68,1994-06-10,1,161,0,NA,NA,NA,Corfu.Weighted.1994
273,Pontia_occidentalis,Corfu_WA,283,M,WTD,2.3,74,83,1994-06-10,1,161,0,NA,NA,NA,Corfu.Weighted.1994
274,Pontia_occidentalis,Corfu_WA,284,M,CTL,2.6,89,85,1994-06-10,1,161,0,NA,NA,NA,Corfu.Weighted.1994
275,Pontia_occidentalis,Corfu_WA,285,M,WTD,2.3,21,44,1994-06-10,1,161,0,NA,NA,NA,Corfu.Weighted.1994
276,Pontia_occidentalis,Corfu_WA,286,M,CTL,2.2,54,49,1994-06-10,1,161,0,NA,NA,NA,Corfu.Weighted.1994
277,Pontia_occidentalis,Corfu_WA,287,M,WTD,2.4,61,68,1994-06-10,1,161,0,NA,NA,NA,Corfu.Weighted.1994
278,Pontia_occidentalis,Corfu_WA,288,M,CTL,2.4,67,63,1994-06-10,1,161,0,NA,NA,NA,Corfu.Weighted.1994
279,Pontia_occidentalis,Corfu_WA,289,M,WTD,2.2,70,80,1994-06-10,1,161,0,NA,NA,NA,Corfu.Weighted.1994
280,Pontia_occidentalis,Corfu_WA,290,M,CTL,2.4,72,69,1994-06-10,2,161,0,NA,NA,NA,Corfu.Weighted.1994
281,Pontia_occidentalis,Corfu_WA,291,M,WTD,2.3,73,77,1994-06-10,2,161,0,NA,NA,NA,Corfu.Weighted.1994
282,Pontia_occidentalis,Corfu_WA,292,M,CTL,2.4,89,84,1994-06-10,1,161,0,NA,NA,NA,Corfu.Weighted.1994
283,Pontia_occidentalis,Corfu_WA,293,M,WTD,2.4,56,68,1994-06-10,1,161,0,NA,NA,NA,Corfu.Weighted.1994
284,Pontia_occidentalis,Corfu_WA,294,M,CTL,2.4,69,61,1994-06-10,2,161,0,NA,NA,NA,Corfu.Weighted.1994
285,Pontia_occidentalis,Corfu_WA,295,M,WTD,2.3,59,72,1994-06-10,2,161,0,NA,NA,NA,Corfu.Weighted.1994
286,Pontia_occidentalis,Corfu_WA,296,M,CTL,2.6,80,76,1994-06-10,2,161,0,NA,NA,NA,Corfu.Weighted.1994
287,Pontia_occidentalis,Corfu_WA,297,M,WTD,2.3,64,76,1994-06-10,1,161,0,NA,NA,NA,Corfu.Weighted.1994
288,Pontia_occidentalis,Corfu_WA,298,M,CTL,2.5,75,72,1994-06-10,2,161,0,NA,NA,NA,Corfu.Weighted.1994
289,Pontia_occidentalis,Corfu_WA,299,M,WTD,2.4,74,88,1994-06-10,2,161,0,NA,NA,NA,Corfu.Weighted.1994
290,Pontia_occidentalis,Corfu_WA,300,M,CTL,2.4,77,75,1994-06-10,1,161,0,NA,NA,NA,Corfu.Weighted.1994
291,Pontia_occidentalis,Corfu_WA,301,M,WTD,2.4,68,77,1994-06-10,1,161,0,NA,NA,NA,Corfu.Weighted.1994
292,Pontia_occidentalis,Corfu_WA,302,M,CTL,2.3,71,66,1994-06-10,1,161,0,NA,NA,NA,Corfu.Weighted.1994
293,Pontia_occidentalis,Corfu_WA,303,M,WTD,2.4,71,80,1994-06-10,1,161,0,NA,NA,NA,Corfu.Weighted.1994
294,Pontia_occidentalis,Corfu_WA,304,M,CTL,2.3,64,64,1994-06-10,1,161,0,NA,NA,NA,Corfu.Weighted.1994
295,Pontia_occidentalis,Corfu_WA,305,M,WTD,2.5,81,92,1994-06-10,3,161,0,NA,NA,NA,Corfu.Weighted.1994
296,Pontia_occidentalis,Corfu_WA,306,M,CTL,2.5,71,67,1994-06-10,1,161,0,NA,NA,NA,Corfu.Weighted.1994
297,Pontia_occidentalis,Corfu_WA,307,M,WTD,2.3,63,70,1994-06-10,1,161,0,NA,NA,NA,Corfu.Weighted.1994
298,Pontia_occidentalis,Corfu_WA,308,M,CTL,2.4,71,64,1994-06-10,2,161,0,NA,NA,NA,Corfu.Weighted.1994
299,Pontia_occidentalis,Corfu_WA,309,M,WTD,2.5,62,71,1994-06-10,2,161,0,NA,NA,NA,Corfu.Weighted.1994
300,Pontia_occidentalis,Corfu_WA,310,M,CTL,2.4,78,73,1994-06-10,2,161,0,NA,NA,NA,Corfu.Weighted.1994
301,Pontia_occidentalis,Corfu_WA,311,M,WTD,2.4,60,76,1994-06-10,1,161,0,NA,NA,NA,Corfu.Weighted.1994
302,Pontia_occidentalis,Corfu_WA,312,M,CTL,2.4,72,65,1994-06-10,1,161,0,NA,NA,NA,Corfu.Weighted.1994
303,Pontia_occidentalis,Corfu_WA,313,M,WTD,2.3,75,88,1994-06-10,1,161,0,NA,NA,NA,Corfu.Weighted.1994
304,Pontia_occidentalis,Corfu_WA,314,M,CTL,2.3,56,56,1994-06-10,1,161,0,NA,NA,NA,Corfu.Weighted.1994
305,Pontia_occidentalis,Corfu_WA,315,M,WTD,2.3,66,75,1994-06-10,2,161,0,NA,NA,NA,Corfu.Weighted.1994
306,Pontia_occidentalis,Corfu_WA,316,M,CTL,2.6,82,73,1994-06-10,2,161,0,NA,NA,NA,Corfu.Weighted.1994
307,Pontia_occidentalis,Corfu_WA,317,M,WTD,2.4,77,83,1994-06-10,1,161,0,NA,NA,NA,Corfu.Weighted.1994
308,Pontia_occidentalis,Corfu_WA,318,M,CTL,2.2,73,70,1994-06-10,2,161,0,NA,NA,NA,Corfu.Weighted.1994
309,Pontia_occidentalis,Corfu_WA,319,M,WTD,2.3,45,53,1994-06-10,1,161,0,NA,NA,NA,Corfu.Weighted.1994
310,Pontia_occidentalis,Corfu_WA,320,M,CTL,2.3,59,53,1994-06-10,2,161,0,NA,NA,NA,Corfu.Weighted.1994
311,Pontia_occidentalis,Corfu_WA,321,M,WTD,2.4,72,81,1994-06-10,3,161,0,NA,NA,NA,Corfu.Weighted.1994
312,Pontia_occidentalis,Corfu_WA,322,M,CTL,2.3,60,56,1994-06-10,2,161,0,NA,NA,NA,Corfu.Weighted.1994
313,Pontia_occidentalis,Corfu_WA,323,M,WTD,2.3,75,100,1994-06-10,1,161,0,NA,NA,NA,Corfu.Weighted.1994
314,Pontia_occidentalis,Corfu_WA,324,M,CTL,2.3,67,64,1994-06-10,1,161,0,NA,NA,NA,Corfu.Weighted.1994
315,Pontia_occidentalis,Corfu_WA,325,M,WTD,2.4,71,76,1994-06-10,1,161,0,NA,NA,NA,Corfu.Weighted.1994
316,Pontia_occidentalis,Corfu_WA,326,M,CTL,2,42,35,1994-06-10,2,161,0,NA,NA,NA,Corfu.Weighted.1994
317,Pontia_occidentalis,Corfu_WA,327,M,WTD,2.4,67,75,1994-06-10,3,161,0,NA,NA,NA,Corfu.Weighted.1994
318,Pontia_occidentalis,Corfu_WA,328,M,CTL,2.5,70,62,1994-06-11,1,162,0,NA,NA,NA,Corfu.Weighted.1994
319,Pontia_occidentalis,Corfu_WA,329,M,WTD,2.4,72,75,1994-06-11,2,162,0,NA,NA,NA,Corfu.Weighted.1994
320,Pontia_occidentalis,Corfu_WA,330,M,CTL,2.6,89,81,1994-06-11,2,162,0,NA,NA,NA,Corfu.Weighted.1994
321,Pontia_occidentalis,Corfu_WA,331,M,WTD,2.4,71,80,1994-06-11,1,162,0,NA,NA,NA,Corfu.Weighted.1994
322,Pontia_occidentalis,Corfu_WA,332,M,CTL,2.3,69,64,1994-06-11,1,162,0,NA,NA,NA,Corfu.Weighted.1994
323,Pontia_occidentalis,Corfu_WA,333,M,WTD,2.3,62,73,1994-06-11,1,162,0,NA,NA,NA,Corfu.Weighted.1994
324,Pontia_occidentalis,Corfu_WA,334,M,CTL,2.3,52,45,1994-06-11,3,162,0,NA,NA,NA,Corfu.Weighted.1994
325,Pontia_occidentalis,Corfu_WA,335,M,WTD,2.3,86,94,1994-06-11,1,162,0,NA,NA,NA,Corfu.Weighted.1994
326,Pontia_occidentalis,Corfu_WA,336,M,CTL,2.3,96,89,1994-06-11,1,162,0,NA,NA,NA,Corfu.Weighted.1994
327,Pontia_occidentalis,Corfu_WA,337,M,WTD,2.3,70,83,1994-06-11,1,162,0,NA,NA,NA,Corfu.Weighted.1994
328,Pontia_occidentalis,Corfu_WA,338,M,CTL,2.3,64,60,1994-06-11,1,162,0,NA,NA,NA,Corfu.Weighted.1994
329,Pontia_occidentalis,Corfu_WA,339,M,WTD,2.3,63,78,1994-06-11,1,162,0,NA,NA,NA,Corfu.Weighted.1994
330,Pontia_occidentalis,Corfu_WA,340,M,CTL,2.5,75,73,1994-06-11,4,162,0,NA,NA,NA,Corfu.Weighted.1994
331,Pontia_occidentalis,Corfu_WA,341,M,WTD,2.5,73,85,1994-06-11,1,162,0,NA,NA,NA,Corfu.Weighted.1994
332,Pontia_occidentalis,Corfu_WA,342,M,CTL,2.3,66,61,1994-06-11,2,162,0,NA,NA,NA,Corfu.Weighted.1994
333,Pontia_occidentalis,Corfu_WA,343,M,WTD,2.4,68,76,1994-06-11,2,162,0,NA,NA,NA,Corfu.Weighted.1994
334,Pontia_occidentalis,Corfu_WA,344,M,CTL,2.3,75,65,1994-06-11,1,162,0,NA,NA,NA,Corfu.Weighted.1994
335,Pontia_occidentalis,Corfu_WA,345,M,WTD,2.4,92,99,1994-06-11,1,162,0,NA,NA,NA,Corfu.Weighted.1994
336,Pontia_occidentalis,Corfu_WA,346,M,CTL,2.5,80,75,1994-06-11,1,162,0,NA,NA,NA,Corfu.Weighted.1994
337,Pontia_occidentalis,Corfu_WA,347,M,WTD,2.3,56,70,1994-06-11,1,162,0,NA,NA,NA,Corfu.Weighted.1994
338,Pontia_occidentalis,Corfu_WA,348,M,CTL,2.2,47,43,1994-06-11,3,162,0,NA,NA,NA,Corfu.Weighted.1994
339,Pontia_occidentalis,Corfu_WA,349,M,WTD,2.5,72,83,1994-06-11,1,162,0,NA,NA,NA,Corfu.Weighted.1994
340,Pontia_occidentalis,Corfu_WA,350,M,CTL,2.3,66,60,1994-06-11,1,162,0,NA,NA,NA,Corfu.Weighted.1994
341,Pontia_occidentalis,Corfu_WA,351,M,WTD,2.4,70,78,1994-06-11,1,162,0,NA,NA,NA,Corfu.Weighted.1994
342,Pontia_occidentalis,Corfu_WA,352,M,CTL,2.4,77,74,1994-06-11,2,162,0,NA,NA,NA,Corfu.Weighted.1994
343,Pontia_occidentalis,Corfu_WA,353,M,WTD,2.5,74,84,1994-06-11,1,162,0,NA,NA,NA,Corfu.Weighted.1994
344,Pontia_occidentalis,Corfu_WA,354,M,CTL,2.5,70,61,1994-06-11,3,162,0,NA,NA,NA,Corfu.Weighted.1994
345,Pontia_occidentalis,Corfu_WA,355,M,WTD,2.2,46,59,1994-06-11,3,162,0,NA,NA,NA,Corfu.Weighted.1994
346,Pontia_occidentalis,Corfu_WA,356,M,CTL,2.4,88,79,1994-06-11,1,162,0,NA,NA,NA,Corfu.Weighted.1994
347,Pontia_occidentalis,Corfu_WA,357,M,WTD,2.5,77,85,1994-06-11,1,162,0,NA,NA,NA,Corfu.Weighted.1994
348,Pontia_occidentalis,Corfu_WA,358,M,CTL,2.3,65,55,1994-06-11,1,162,0,NA,NA,NA,Corfu.Weighted.1994
349,Pontia_occidentalis,Corfu_WA,359,M,WTD,2.4,55,62,1994-06-11,1,162,0,NA,NA,NA,Corfu.Weighted.1994
350,Pontia_occidentalis,Corfu_WA,360,M,CTL,2.5,80,75,1994-06-11,2,162,0,NA,NA,NA,Corfu.Weighted.1994
351,Pontia_occidentalis,Corfu_WA,361,M,WTD,2.3,68,80,1994-06-11,3,162,0,NA,NA,NA,Corfu.Weighted.1994
352,Pontia_occidentalis,Corfu_WA,362,M,CTL,2.3,76,71,1994-06-11,1,162,0,NA,NA,NA,Corfu.Weighted.1994
353,Pontia_occidentalis,Corfu_WA,363,M,WTD,2.5,70,80,1994-06-11,1,162,0,NA,NA,NA,Corfu.Weighted.1994
354,Pontia_occidentalis,Corfu_WA,364,M,CTL,2.4,87,82,1994-06-11,1,162,0,NA,NA,NA,Corfu.Weighted.1994
355,Pontia_occidentalis,Corfu_WA,365,M,WTD,2.5,82,88,1994-06-11,1,162,0,NA,NA,NA,Corfu.Weighted.1994
356,Pontia_occidentalis,Corfu_WA,366,M,CTL,2.1,53,47,1994-06-11,2,162,0,NA,NA,NA,Corfu.Weighted.1994
357,Pontia_occidentalis,Corfu_WA,367,M,WTD,2.4,68,74,1994-06-11,1,162,0,NA,NA,NA,Corfu.Weighted.1994
358,Pontia_occidentalis,Corfu_WA,368,M,CTL,2.4,78,72,1994-06-11,1,162,0,NA,NA,NA,Corfu.Weighted.1994
359,Pontia_occidentalis,Corfu_WA,369,M,WTD,2.5,67,75,1994-06-11,1,162,0,NA,NA,NA,Corfu.Weighted.1994
360,Pontia_occidentalis,Corfu_WA,370,M,CTL,2.4,74,73,1994-06-11,2,162,0,NA,NA,NA,Corfu.Weighted.1994
361,Pontia_occidentalis,Corfu_WA,371,M,WTD,2.5,66,75,1994-06-11,3,162,0,NA,NA,NA,Corfu.Weighted.1994
362,Pontia_occidentalis,Corfu_WA,372,M,CTL,2.3,55,52,1994-06-11,1,162,0,NA,NA,NA,Corfu.Weighted.1994
363,Pontia_occidentalis,Corfu_WA,373,M,WTD,2.4,72,82,1994-06-11,1,162,0,NA,NA,NA,Corfu.Weighted.1994
364,Pontia_occidentalis,Corfu_WA,374,M,CTL,2.4,69,66,1994-06-11,1,162,0,NA,NA,NA,Corfu.Weighted.1994
365,Pontia_occidentalis,Corfu_WA,375,M,WTD,2.5,73,81,1994-06-11,1,162,0,NA,NA,NA,Corfu.Weighted.1994
366,Pontia_occidentalis,Corfu_WA,376,M,CTL,2.3,71,67,1994-06-11,1,162,0,NA,NA,NA,Corfu.Weighted.1994
367,Pontia_occidentalis,Corfu_WA,377,M,WTD,2.4,61,65,1994-06-11,2,162,0,NA,NA,NA,Corfu.Weighted.1994
368,Pontia_occidentalis,Corfu_WA,378,M,CTL,2.3,74,72,1994-06-11,1,162,0,NA,NA,NA,Corfu.Weighted.1994
369,Pontia_occidentalis,Corfu_WA,379,M,WTD,2.4,79,87,1994-06-11,1,162,0,NA,NA,NA,Corfu.Weighted.1994
370,Pontia_occidentalis,Corfu_WA,380,M,CTL,2.5,78,72,1994-06-11,1,162,0,NA,NA,NA,Corfu.Weighted.1994
371,Pontia_occidentalis,Corfu_WA,381,M,WTD,2.4,80,91,1994-06-11,2,162,0,NA,NA,NA,Corfu.Weighted.1994
372,Pontia_occidentalis,Corfu_WA,382,M,CTL,2.5,84,77,1994-06-11,1,162,0,NA,NA,NA,Corfu.Weighted.1994
373,Pontia_occidentalis,Corfu_WA,383,M,WTD,2.3,67,71,1994-06-11,2,162,0,NA,NA,NA,Corfu.Weighted.1994
374,Pontia_occidentalis,Corfu_WA,384,M,CTL,2.3,69,63,1994-06-11,1,162,0,NA,NA,NA,Corfu.Weighted.1994
375,Pontia_occidentalis,Corfu_WA,385,F,WTD,2.4,80,89,1994-06-11,2,162,0,NA,NA,NA,Corfu.Weighted.1994
376,Pontia_occidentalis,Corfu_WA,386,F,CTL,2.5,79,81,1994-06-11,1,162,0,NA,NA,NA,Corfu.Weighted.1994
377,Pontia_occidentalis,Corfu_WA,387,F,WTD,2.4,70,84,1994-06-11,3,162,0,NA,NA,NA,Corfu.Weighted.1994
378,Pontia_occidentalis,Corfu_WA,388,F,CTL,2.4,85,82,1994-06-11,1,162,0,NA,NA,NA,Corfu.Weighted.1994
379,Pontia_occidentalis,Corfu_WA,389,F,WTD,2.4,69,79,1994-06-11,1,162,0,NA,NA,NA,Corfu.Weighted.1994
380,Pontia_occidentalis,Corfu_WA,390,F,CTL,2.7,106,99,1994-06-11,1,162,0,NA,NA,NA,Corfu.Weighted.1994
381,Pontia_occidentalis,Corfu_WA,391,F,WTD,2.6,86,102,1994-06-11,1,162,0,NA,NA,NA,Corfu.Weighted.1994
382,Pontia_occidentalis,Corfu_WA,392,F,CTL,2.6,99,93,1994-06-11,1,162,0,NA,NA,NA,Corfu.Weighted.1994
383,Pontia_occidentalis,Corfu_WA,394,F,CTL,2.5,73,71,1994-06-11,1,162,0,NA,NA,NA,Corfu.Weighted.1994
384,Pontia_occidentalis,Corfu_WA,395,F,WTD,2.5,76,88,1994-06-11,1,162,0,NA,NA,NA,Corfu.Weighted.1994
385,Pontia_occidentalis,Corfu_WA,396,F,CTL,2.4,85,81,1994-06-11,2,162,0,NA,NA,NA,Corfu.Weighted.1994
386,Pontia_occidentalis,Corfu_WA,397,F,WTD,2.5,92,106,1994-06-11,3,162,0,NA,NA,NA,Corfu.Weighted.1994
387,Pontia_occidentalis,Corfu_WA,398,F,CTL,2.3,55,51,1994-06-11,1,162,0,NA,NA,NA,Corfu.Weighted.1994
388,Pontia_occidentalis,Corfu_WA,399,F,WTD,2.5,84,95,1994-06-11,1,162,0,NA,NA,NA,Corfu.Weighted.1994
389,Pontia_occidentalis,Corfu_WA,400,F,CTL,2.5,99,95,1994-06-11,1,162,0,NA,NA,NA,Corfu.Weighted.1994
390,Pontia_occidentalis,Corfu_WA,401,F,WTD,2.4,83,96,1994-06-11,1,162,0,NA,NA,NA,Corfu.Weighted.1994
391,Pontia_occidentalis,Corfu_WA,402,F,CTL,2.5,110,87,1994-06-11,3,162,0,NA,NA,NA,Corfu.Weighted.1994
392,Pontia_occidentalis,Corfu_WA,403,F,WTD,2.5,92,101,1994-06-11,1,162,0,NA,NA,NA,Corfu.Weighted.1994
393,Pontia_occidentalis,Corfu_WA,404,F,CTL,2.5,82,81,1994-06-11,1,162,0,NA,NA,NA,Corfu.Weighted.1994
394,Pontia_occidentalis,Corfu_WA,405,F,WTD,2.4,65,76,1994-06-11,1,162,0,NA,NA,NA,Corfu.Weighted.1994
395,Pontia_occidentalis,Corfu_WA,406,F,CTL,2.6,91,90,1994-06-11,1,162,0,NA,NA,NA,Corfu.Weighted.1994
396,Pontia_occidentalis,Corfu_WA,407,F,WTD,2.5,77,90,1994-06-11,3,162,0,NA,NA,NA,Corfu.Weighted.1994
397,Pontia_occidentalis,Corfu_WA,408,F,CTL,2.7,81,82,1994-06-11,2,162,0,NA,NA,NA,Corfu.Weighted.1994
398,Pontia_occidentalis,Corfu_WA,409,F,WTD,2.4,93,102,1994-06-11,1,162,0,NA,NA,NA,Corfu.Weighted.1994
399,Pontia_occidentalis,Corfu_WA,410,F,CTL,2.6,89,79,1994-06-11,1,162,0,NA,NA,NA,Corfu.Weighted.1994
400,Pontia_occidentalis,Corfu_WA,411,F,WTD,2.3,50,61,1994-06-11,2,162,0,NA,NA,NA,Corfu.Weighted.1994
401,Pontia_occidentalis,Corfu_WA,412,F,CTL,2.5,86,82,1994-06-11,2,162,0,NA,NA,NA,Corfu.Weighted.1994
402,Pontia_occidentalis,Corfu_WA,413,F,WTD,2.4,71,83,1994-06-11,1,162,0,NA,NA,NA,Corfu.Weighted.1994
403,Pontia_occidentalis,Corfu_WA,414,F,CTL,2.5,86,82,1994-06-11,1,162,0,NA,NA,NA,Corfu.Weighted.1994
404,Pontia_occidentalis,Corfu_WA,415,F,WTD,2.5,78,85,1994-06-11,2,162,0,NA,NA,NA,Corfu.Weighted.1994
405,Pontia_occidentalis,Corfu_WA,416,F,CTL,2.5,112,96,1994-06-11,1,162,0,NA,NA,NA,Corfu.Weighted.1994
406,Pontia_occidentalis,Corfu_WA,417,F,WTD,2.4,99,110,1994-06-11,1,162,0,NA,NA,NA,Corfu.Weighted.1994
407,Pontia_occidentalis,Corfu_WA,418,F,CTL,2.4,91,85,1994-06-11,1,162,0,NA,NA,NA,Corfu.Weighted.1994
408,Pontia_occidentalis,Corfu_WA,419,F,WTD,2.5,88,98,1994-06-11,1,162,0,NA,NA,NA,Corfu.Weighted.1994
409,Pontia_occidentalis,Corfu_WA,420,F,CTL,2.7,125,121,1994-06-11,1,162,0,NA,NA,NA,Corfu.Weighted.1994
410,Pontia_occidentalis,Corfu_WA,421,F,WTD,2.4,84,97,1994-06-11,1,162,0,NA,NA,NA,Corfu.Weighted.1994
411,Pontia_occidentalis,Corfu_WA,422,F,CTL,2.4,79,78,1994-06-11,2,162,0,NA,NA,NA,Corfu.Weighted.1994
412,Pontia_occidentalis,Corfu_WA,423,F,WTD,2.6,92,109,1994-06-11,1,162,0,NA,NA,NA,Corfu.Weighted.1994
413,Pontia_occidentalis,Corfu_WA,424,F,CTL,2.5,79,76,1994-06-11,1,162,0,NA,NA,NA,Corfu.Weighted.1994
414,Pontia_occidentalis,Corfu_WA,425,F,WTD,2.7,75,97,1994-06-11,1,162,0,NA,NA,NA,Corfu.Weighted.1994
415,Pontia_occidentalis,Corfu_WA,426,F,CTL,2.6,105,97,1994-06-11,1,162,0,NA,NA,NA,Corfu.Weighted.1994
416,Pontia_occidentalis,Corfu_WA,427,F,WTD,2.5,103,107,1994-06-11,1,162,0,NA,NA,NA,Corfu.Weighted.1994
417,Pontia_occidentalis,Corfu_WA,428,F,CTL,2.5,76,73,1994-06-11,1,162,0,NA,NA,NA,Corfu.Weighted.1994
418,Pontia_occidentalis,Corfu_WA,429,F,WTD,2.5,80,92,1994-06-11,2,162,0,NA,NA,NA,Corfu.Weighted.1994
419,Pontia_occidentalis,Corfu_WA,430,F,CTL,2.4,73,67,1994-06-11,1,162,0,NA,NA,NA,Corfu.Weighted.1994
420,Pontia_occidentalis,Corfu_WA,431,F,WTD,2.5,107,121,1994-06-11,1,162,0,NA,NA,NA,Corfu.Weighted.1994
421,Pontia_occidentalis,Corfu_WA,432,F,CTL,2.5,90,86,1994-06-11,3,162,0,NA,NA,NA,Corfu.Weighted.1994
422,Pontia_occidentalis,Corfu_WA,433,F,WTD,2.5,73,87,1994-06-11,2,162,0,NA,NA,NA,Corfu.Weighted.1994
423,Pontia_occidentalis,Corfu_WA,434,F,CTL,2.4,84,81,1994-06-11,1,162,0,NA,NA,NA,Corfu.Weighted.1994
424,Pontia_occidentalis,Corfu_WA,435,F,WTD,2.6,82,89,1994-06-11,1,162,0,NA,NA,NA,Corfu.Weighted.1994
425,Pontia_occidentalis,Corfu_WA,436,F,CTL,2.4,97,93,1994-06-11,1,162,0,NA,NA,NA,Corfu.Weighted.1994
426,Pontia_occidentalis,Corfu_WA,437,F,WTD,2.5,86,93,1994-06-11,1,162,0,NA,NA,NA,Corfu.Weighted.1994
427,Pontia_occidentalis,Corfu_WA,438,F,CTL,2.5,75,76,1994-06-11,2,162,0,NA,NA,NA,Corfu.Weighted.1994
428,Pontia_occidentalis,Corfu_WA,646,F,CTL,2.3,104,103,1994-06-10,3,161,0,NA,NA,NA,Corfu.Weighted.1994
429,Pontia_occidentalis,Corfu_WA,10135,F,WTD,2.5,85,95,1994-06-09,1,160,0,NA,NA,NA,Corfu.Weighted.1994
430,Pontia_occidentalis,Corfu_WA,5,M,WTD,2.2,53,67,1994-06-08,1,160,1,N,9.1,NA,Corfu.Weighted.1994
431,Pontia_occidentalis,Corfu_WA,5,M,WTD,2.2,53,67,1994-06-08,1,160,2,N,10.17,NA,Corfu.Weighted.1994
432,Pontia_occidentalis,Corfu_WA,5,M,WTD,2.2,53,67,1994-06-08,1,160,3,N,10.42,NA,Corfu.Weighted.1994
433,Pontia_occidentalis,Corfu_WA,10,M,CTL,2.4,74,71,1994-06-08,1,160,1,B,9,NA,Corfu.Weighted.1994
434,Pontia_occidentalis,Corfu_WA,12,M,CTL,2.4,79,72,1994-06-08,2,161,1,F,10.38,NA,Corfu.Weighted.1994
435,Pontia_occidentalis,Corfu_WA,20,M,CTL,2.4,64,59,1994-06-08,2,160,1,F,9.57,NA,Corfu.Weighted.1994
436,Pontia_occidentalis,Corfu_WA,23,M,WTD,2.4,93,105,1994-06-08,1,160,1,N,12.32,NA,Corfu.Weighted.1994
437,Pontia_occidentalis,Corfu_WA,26,M,CTL,2.3,57,55,1994-06-08,3,160,1,N,10.05,NA,Corfu.Weighted.1994
438,Pontia_occidentalis,Corfu_WA,28,M,CTL,2.5,78,75,1994-06-08,2,166,1,N,9.87,NA,Corfu.Weighted.1994
439,Pontia_occidentalis,Corfu_WA,30,M,CTL,2.3,63,58,1994-06-08,2,160,1,N,9.68,NA,Corfu.Weighted.1994
440,Pontia_occidentalis,Corfu_WA,39,M,WTD,2.3,80,92,1994-06-08,3,160,1,N,12.8,NA,Corfu.Weighted.1994
441,Pontia_occidentalis,Corfu_WA,39,M,WTD,2.3,80,92,1994-06-08,3,161,2,N,8.62,NA,Corfu.Weighted.1994
442,Pontia_occidentalis,Corfu_WA,39,M,WTD,2.3,80,92,1994-06-08,3,161,3,B,8.85,NA,Corfu.Weighted.1994
443,Pontia_occidentalis,Corfu_WA,39,M,WTD,2.3,80,92,1994-06-08,3,161,4,N,9.53,NA,Corfu.Weighted.1994
444,Pontia_occidentalis,Corfu_WA,39,M,WTD,2.3,80,92,1994-06-08,3,161,5,N,10.25,NA,Corfu.Weighted.1994
445,Pontia_occidentalis,Corfu_WA,40,M,CTL,2.4,56,54,1994-06-08,1,161,1,F,9.43,NA,Corfu.Weighted.1994
446,Pontia_occidentalis,Corfu_WA,40,M,CTL,2.4,56,54,1994-06-08,1,163,2,S,9.47,NA,Corfu.Weighted.1994
447,Pontia_occidentalis,Corfu_WA,44,M,CTL,2.4,93,90,1994-06-08,2,160,1,F,10.68,NA,Corfu.Weighted.1994
448,Pontia_occidentalis,Corfu_WA,44,M,CTL,2.4,93,90,1994-06-08,2,160,2,F,13.07,NA,Corfu.Weighted.1994
449,Pontia_occidentalis,Corfu_WA,44,M,CTL,2.4,93,90,1994-06-08,2,161,3,N,9.25,NA,Corfu.Weighted.1994
450,Pontia_occidentalis,Corfu_WA,44,M,CTL,2.4,93,90,1994-06-08,2,162,4,B,8.78,NA,Corfu.Weighted.1994
451,Pontia_occidentalis,Corfu_WA,45,M,WTD,2.5,58,75,1994-06-08,2,160,1,N,9.4,NA,Corfu.Weighted.1994
452,Pontia_occidentalis,Corfu_WA,45,M,WTD,2.5,58,75,1994-06-08,2,161,2,F,8,NA,Corfu.Weighted.1994
453,Pontia_occidentalis,Corfu_WA,46,M,CTL,2.3,63,60,1994-06-08,2,160,1,F,9.05,NA,Corfu.Weighted.1994
454,Pontia_occidentalis,Corfu_WA,53,F,WTD,2.4,69,73,1994-06-08,3,160,1,N,12.42,NA,Corfu.Weighted.1994
455,Pontia_occidentalis,Corfu_WA,54,F,CTL,2.5,78,76,1994-06-08,3,160,1,F,9.95,NA,Corfu.Weighted.1994
456,Pontia_occidentalis,Corfu_WA,56,F,CTL,2.4,82,78,1994-06-08,3,160,1,F,9.78,NA,Corfu.Weighted.1994
457,Pontia_occidentalis,Corfu_WA,59,F,WTD,2.5,77,81,1994-06-08,1,163,1,R,11.08,NA,Corfu.Weighted.1994
458,Pontia_occidentalis,Corfu_WA,60,F,CTL,2.4,92,86,1994-06-08,3,160,1,F,9.65,NA,Corfu.Weighted.1994
459,Pontia_occidentalis,Corfu_WA,60,F,CTL,2.4,92,86,1994-06-08,3,160,2,F,9.97,NA,Corfu.Weighted.1994
460,Pontia_occidentalis,Corfu_WA,60,F,CTL,2.4,92,86,1994-06-08,3,160,3,N,10.48,NA,Corfu.Weighted.1994
461,Pontia_occidentalis,Corfu_WA,63,F,WTD,2.6,94,100,1994-06-08,1,160,1,N,9,NA,Corfu.Weighted.1994
462,Pontia_occidentalis,Corfu_WA,63,F,WTD,2.6,94,100,1994-06-08,1,160,2,B,9.82,NA,Corfu.Weighted.1994
463,Pontia_occidentalis,Corfu_WA,64,F,CTL,2.4,65,60,1994-06-08,1,160,1,N,9.6,NA,Corfu.Weighted.1994
464,Pontia_occidentalis,Corfu_WA,64,F,CTL,2.4,65,60,1994-06-08,1,160,2,F,10.17,NA,Corfu.Weighted.1994
465,Pontia_occidentalis,Corfu_WA,64,F,CTL,2.4,65,60,1994-06-08,1,162,3,S,9.95,NA,Corfu.Weighted.1994
466,Pontia_occidentalis,Corfu_WA,71,F,WTD,2.6,80,88,1994-06-08,1,160,1,N,9,NA,Corfu.Weighted.1994
467,Pontia_occidentalis,Corfu_WA,76,F,CTL,2.5,107,106,1994-06-08,1,160,1,S,10.3,NA,Corfu.Weighted.1994
468,Pontia_occidentalis,Corfu_WA,79,F,WTD,2.6,107,115,1994-06-08,1,161,1,N,8.77,NA,Corfu.Weighted.1994
469,Pontia_occidentalis,Corfu_WA,84,F,CTL,2.6,93,90,1994-06-08,2,162,1,F,11.8,NA,Corfu.Weighted.1994
470,Pontia_occidentalis,Corfu_WA,85,F,WTD,2.5,95,106,1994-06-08,1,160,1,S,9,NA,Corfu.Weighted.1994
471,Pontia_occidentalis,Corfu_WA,88,F,CTL,2.4,115,110,1994-06-08,1,160,1,R,10.42,NA,Corfu.Weighted.1994
472,Pontia_occidentalis,Corfu_WA,92,F,CTL,2.5,86,84,1994-06-09,1,161,1,F,9.8,NA,Corfu.Weighted.1994
473,Pontia_occidentalis,Corfu_WA,93,F,WTD,2.5,88,97,1994-06-09,1,161,1,N,8.57,NA,Corfu.Weighted.1994
474,Pontia_occidentalis,Corfu_WA,94,F,CTL,2.4,66,63,1994-06-09,2,161,1,F,8,NA,Corfu.Weighted.1994
475,Pontia_occidentalis,Corfu_WA,96,F,CTL,2.4,78,75,1994-06-09,1,161,1,N,8,NA,Corfu.Weighted.1994
476,Pontia_occidentalis,Corfu_WA,111,F,WTD,2.4,80,89,1994-06-09,3,161,1,B,10.17,NA,Corfu.Weighted.1994
477,Pontia_occidentalis,Corfu_WA,111,F,WTD,2.4,80,89,1994-06-09,3,161,2,F,10.4,NA,Corfu.Weighted.1994
478,Pontia_occidentalis,Corfu_WA,112,F,CTL,2.5,71,69,1994-06-09,1,161,1,F,9.85,NA,Corfu.Weighted.1994
479,Pontia_occidentalis,Corfu_WA,113,F,WTD,2.4,55,74,1994-06-09,1,161,1,B,9.17,NA,Corfu.Weighted.1994
480,Pontia_occidentalis,Corfu_WA,114,F,CTL,2.4,94,90,1994-06-09,1,161,1,N,10.15,NA,Corfu.Weighted.1994
481,Pontia_occidentalis,Corfu_WA,114,F,CTL,2.4,94,90,1994-06-09,1,161,2,F,10.5,NA,Corfu.Weighted.1994
482,Pontia_occidentalis,Corfu_WA,114,F,CTL,2.4,94,90,1994-06-09,1,161,3,F,11.63,NA,Corfu.Weighted.1994
483,Pontia_occidentalis,Corfu_WA,115,F,WTD,2.5,76,87,1994-06-09,1,161,1,F,8,NA,Corfu.Weighted.1994
484,Pontia_occidentalis,Corfu_WA,115,F,WTD,2.5,76,87,1994-06-09,1,161,2,N,10.3,NA,Corfu.Weighted.1994
485,Pontia_occidentalis,Corfu_WA,115,F,WTD,2.5,76,87,1994-06-09,1,162,3,B,9.23,NA,Corfu.Weighted.1994
486,Pontia_occidentalis,Corfu_WA,116,F,CTL,2.6,91,86,1994-06-09,1,161,1,N,8,NA,Corfu.Weighted.1994
487,Pontia_occidentalis,Corfu_WA,118,F,CTL,2.3,76,71,1994-06-09,1,163,1,F,9.42,NA,Corfu.Weighted.1994
488,Pontia_occidentalis,Corfu_WA,120,F,CTL,2.4,86,83,1994-06-09,1,164,1,F,11.17,NA,Corfu.Weighted.1994
489,Pontia_occidentalis,Corfu_WA,122,F,CTL,2.4,77,73,1994-06-09,1,161,1,B,8.33,NA,Corfu.Weighted.1994
490,Pontia_occidentalis,Corfu_WA,122,F,CTL,2.4,77,73,1994-06-09,1,161,2,F,8.92,NA,Corfu.Weighted.1994
491,Pontia_occidentalis,Corfu_WA,123,F,WTD,2.4,59,76,1994-06-09,2,161,1,R,8.45,NA,Corfu.Weighted.1994
492,Pontia_occidentalis,Corfu_WA,123,F,WTD,2.4,59,76,1994-06-09,2,161,2,S,9.52,NA,Corfu.Weighted.1994
493,Pontia_occidentalis,Corfu_WA,126,F,CTL,2.5,96,94,1994-06-09,1,161,1,N,9.98,NA,Corfu.Weighted.1994
494,Pontia_occidentalis,Corfu_WA,135,F,WTD,2.6,88,103,1994-06-09,1,161,1,B,8.42,NA,Corfu.Weighted.1994
495,Pontia_occidentalis,Corfu_WA,135,F,WTD,2.6,88,103,1994-06-09,1,161,2,B,9.18,NA,Corfu.Weighted.1994
496,Pontia_occidentalis,Corfu_WA,136,F,CTL,2.5,83,82,1994-06-09,1,161,1,F,8,NA,Corfu.Weighted.1994
497,Pontia_occidentalis,Corfu_WA,138,F,CTL,2.4,90,91,1994-06-09,1,161,1,N,8,NA,Corfu.Weighted.1994
498,Pontia_occidentalis,Corfu_WA,138,F,CTL,2.4,90,91,1994-06-09,1,161,2,F,10,NA,Corfu.Weighted.1994
499,Pontia_occidentalis,Corfu_WA,138,F,CTL,2.4,90,91,1994-06-09,1,162,3,F,11.17,NA,Corfu.Weighted.1994
500,Pontia_occidentalis,Corfu_WA,138,F,CTL,2.4,90,91,1994-06-09,1,163,4,N,10.2,NA,Corfu.Weighted.1994
501,Pontia_occidentalis,Corfu_WA,138,F,CTL,2.4,90,91,1994-06-09,1,163,5,N,11,NA,Corfu.Weighted.1994
502,Pontia_occidentalis,Corfu_WA,138,F,CTL,2.4,90,91,1994-06-09,1,163,6,N,11,NA,Corfu.Weighted.1994
503,Pontia_occidentalis,Corfu_WA,138,F,CTL,2.4,90,91,1994-06-09,1,167,7,F,12.1,NA,Corfu.Weighted.1994
504,Pontia_occidentalis,Corfu_WA,139,F,WTD,2.4,58,67,1994-06-09,2,161,1,S,8.62,NA,Corfu.Weighted.1994
505,Pontia_occidentalis,Corfu_WA,139,F,WTD,2.4,58,67,1994-06-09,2,161,2,F,11.6,NA,Corfu.Weighted.1994
506,Pontia_occidentalis,Corfu_WA,140,F,CTL,2.3,70,68,1994-06-09,1,161,1,F,9.97,NA,Corfu.Weighted.1994
507,Pontia_occidentalis,Corfu_WA,143,F,WTD,2.5,87,104,1994-06-09,3,161,1,N,10.18,NA,Corfu.Weighted.1994
508,Pontia_occidentalis,Corfu_WA,147,F,WTD,2.4,72,90,1994-06-09,1,161,1,S,9.73,NA,Corfu.Weighted.1994
509,Pontia_occidentalis,Corfu_WA,149,F,WTD,2.4,72,53,1994-06-09,2,161,1,R,8.37,NA,Corfu.Weighted.1994
510,Pontia_occidentalis,Corfu_WA,149,F,WTD,2.4,72,53,1994-06-09,2,161,2,R,9.2,NA,Corfu.Weighted.1994
511,Pontia_occidentalis,Corfu_WA,150,F,CTL,2.5,86,85,1994-06-09,1,161,1,N,10.12,NA,Corfu.Weighted.1994
512,Pontia_occidentalis,Corfu_WA,152,M,CTL,2.3,61,54,1994-06-09,2,161,1,F,9.02,NA,Corfu.Weighted.1994
513,Pontia_occidentalis,Corfu_WA,153,M,WTD,2.2,84,93,1994-06-09,1,161,1,S,9.92,NA,Corfu.Weighted.1994
514,Pontia_occidentalis,Corfu_WA,158,M,CTL,2.4,87,80,1994-06-09,1,161,1,N,10.02,NA,Corfu.Weighted.1994
515,Pontia_occidentalis,Corfu_WA,160,M,CTL,2.2,53,50,1994-06-09,2,161,1,N,8.7,NA,Corfu.Weighted.1994
516,Pontia_occidentalis,Corfu_WA,160,M,CTL,2.2,53,50,1994-06-09,2,161,2,N,11.45,NA,Corfu.Weighted.1994
517,Pontia_occidentalis,Corfu_WA,160,M,CTL,2.2,53,50,1994-06-09,2,166,3,F,10.78,NA,Corfu.Weighted.1994
518,Pontia_occidentalis,Corfu_WA,162,M,CTL,2.4,69,63,1994-06-09,1,161,1,N,8.5,NA,Corfu.Weighted.1994
519,Pontia_occidentalis,Corfu_WA,162,M,CTL,2.4,69,63,1994-06-09,1,161,2,N,8.58,NA,Corfu.Weighted.1994
520,Pontia_occidentalis,Corfu_WA,164,M,CTL,2.4,70,65,1994-06-09,1,161,1,F,11.48,NA,Corfu.Weighted.1994
521,Pontia_occidentalis,Corfu_WA,168,M,CTL,2.4,79,74,1994-06-09,1,162,1,N,10,NA,Corfu.Weighted.1994
522,Pontia_occidentalis,Corfu_WA,172,M,CTL,2.5,74,72,1994-06-09,2,162,1,S,8.92,NA,Corfu.Weighted.1994
523,Pontia_occidentalis,Corfu_WA,178,M,CTL,2.5,77,92,1994-06-09,1,161,1,F,12.05,NA,Corfu.Weighted.1994
524,Pontia_occidentalis,Corfu_WA,178,M,CTL,2.5,77,92,1994-06-09,1,162,2,F,11.15,NA,Corfu.Weighted.1994
525,Pontia_occidentalis,Corfu_WA,178,M,CTL,2.5,77,92,1994-06-09,1,162,3,F,11.35,NA,Corfu.Weighted.1994
526,Pontia_occidentalis,Corfu_WA,178,M,CTL,2.5,77,92,1994-06-09,1,163,4,B,8.32,NA,Corfu.Weighted.1994
527,Pontia_occidentalis,Corfu_WA,178,M,CTL,2.5,77,92,1994-06-09,1,163,5,F,8.5,NA,Corfu.Weighted.1994
528,Pontia_occidentalis,Corfu_WA,178,M,CTL,2.5,77,92,1994-06-09,1,163,6,N,9,NA,Corfu.Weighted.1994
529,Pontia_occidentalis,Corfu_WA,178,M,CTL,2.5,77,92,1994-06-09,1,163,7,F,9.05,NA,Corfu.Weighted.1994
530,Pontia_occidentalis,Corfu_WA,178,M,CTL,2.5,77,92,1994-06-09,1,163,8,F,11.73,NA,Corfu.Weighted.1994
531,Pontia_occidentalis,Corfu_WA,178,M,CTL,2.5,77,92,1994-06-09,1,163,9,F,12,NA,Corfu.Weighted.1994
532,Pontia_occidentalis,Corfu_WA,180,M,CTL,2.3,62,55,1994-06-09,1,162,1,F,9.23,NA,Corfu.Weighted.1994
533,Pontia_occidentalis,Corfu_WA,182,M,CTL,2.3,77,73,1994-06-09,2,161,1,N,10.3,NA,Corfu.Weighted.1994
534,Pontia_occidentalis,Corfu_WA,182,M,CTL,2.3,77,73,1994-06-09,2,161,2,F,12.93,NA,Corfu.Weighted.1994
535,Pontia_occidentalis,Corfu_WA,182,M,CTL,2.3,77,73,1994-06-09,2,162,3,F,11,NA,Corfu.Weighted.1994
536,Pontia_occidentalis,Corfu_WA,182,M,CTL,2.3,77,73,1994-06-09,2,163,4,F,11.53,NA,Corfu.Weighted.1994
537,Pontia_occidentalis,Corfu_WA,182,M,CTL,2.3,77,73,1994-06-09,2,163,5,F,12,NA,Corfu.Weighted.1994
538,Pontia_occidentalis,Corfu_WA,186,M,CTL,2.5,71,69,1994-06-09,2,161,1,B,8,NA,Corfu.Weighted.1994
539,Pontia_occidentalis,Corfu_WA,186,M,CTL,2.5,71,69,1994-06-09,2,161,2,N,8,NA,Corfu.Weighted.1994
540,Pontia_occidentalis,Corfu_WA,187,M,WTD,2.6,72,82,1994-06-09,3,161,1,F,8,NA,Corfu.Weighted.1994
541,Pontia_occidentalis,Corfu_WA,188,M,CTL,2.3,49,43,1994-06-09,1,162,1,F,11.15,NA,Corfu.Weighted.1994
542,Pontia_occidentalis,Corfu_WA,188,M,CTL,2.3,49,43,1994-06-09,1,162,2,F,11.42,NA,Corfu.Weighted.1994
543,Pontia_occidentalis,Corfu_WA,189,M,WTD,2.4,73,81,1994-06-09,1,161,1,F,9.67,NA,Corfu.Weighted.1994
544,Pontia_occidentalis,Corfu_WA,194,M,CTL,2.3,67,59,1994-06-09,1,161,1,F,9.77,NA,Corfu.Weighted.1994
545,Pontia_occidentalis,Corfu_WA,194,M,CTL,2.3,67,59,1994-06-09,1,161,2,N,11.67,NA,Corfu.Weighted.1994
546,Pontia_occidentalis,Corfu_WA,197,M,WTD,2.4,71,81,1994-06-09,2,161,1,R,10.42,NA,Corfu.Weighted.1994
547,Pontia_occidentalis,Corfu_WA,199,F,WTD,2.4,64,79,1994-06-10,1,162,1,S,8.27,NA,Corfu.Weighted.1994
548,Pontia_occidentalis,Corfu_WA,199,F,WTD,2.4,64,79,1994-06-10,1,163,2,B,8.27,NA,Corfu.Weighted.1994
549,Pontia_occidentalis,Corfu_WA,200,F,CTL,2.5,91,91,1994-06-10,1,163,1,N,8.3,NA,Corfu.Weighted.1994
550,Pontia_occidentalis,Corfu_WA,201,F,WTD,2.4,59,75,1994-06-10,3,162,1,B,8.53,NA,Corfu.Weighted.1994
551,Pontia_occidentalis,Corfu_WA,204,F,CTL,2.5,108,105,1994-06-10,3,162,1,F,11,NA,Corfu.Weighted.1994
552,Pontia_occidentalis,Corfu_WA,204,F,CTL,2.5,108,105,1994-06-10,3,162,2,N,11.1,NA,Corfu.Weighted.1994
553,Pontia_occidentalis,Corfu_WA,208,F,CTL,2.6,83,80,1994-06-10,1,162,1,R,8.47,NA,Corfu.Weighted.1994
554,Pontia_occidentalis,Corfu_WA,208,F,CTL,2.6,83,80,1994-06-10,1,162,2,F,11.87,NA,Corfu.Weighted.1994
555,Pontia_occidentalis,Corfu_WA,210,F,CTL,2.2,86,84,1994-06-10,3,162,1,S,8.43,NA,Corfu.Weighted.1994
556,Pontia_occidentalis,Corfu_WA,210,F,CTL,2.2,86,84,1994-06-10,3,162,2,N,11,NA,Corfu.Weighted.1994
557,Pontia_occidentalis,Corfu_WA,210,F,CTL,2.2,86,84,1994-06-10,3,162,3,N,11,NA,Corfu.Weighted.1994
558,Pontia_occidentalis,Corfu_WA,210,F,CTL,2.2,86,84,1994-06-10,3,163,4,N,9,NA,Corfu.Weighted.1994
559,Pontia_occidentalis,Corfu_WA,210,F,CTL,2.2,86,84,1994-06-10,3,163,5,F,11.17,NA,Corfu.Weighted.1994
560,Pontia_occidentalis,Corfu_WA,210,F,CTL,2.2,86,84,1994-06-10,3,163,6,N,12,NA,Corfu.Weighted.1994
561,Pontia_occidentalis,Corfu_WA,212,F,CTL,2.3,71,69,1994-06-10,1,162,1,N,8.55,NA,Corfu.Weighted.1994
562,Pontia_occidentalis,Corfu_WA,212,F,CTL,2.3,71,69,1994-06-10,1,162,2,S,9.08,NA,Corfu.Weighted.1994
563,Pontia_occidentalis,Corfu_WA,213,F,WTD,2.6,97,109,1994-06-10,1,163,1,F,11.58,NA,Corfu.Weighted.1994
564,Pontia_occidentalis,Corfu_WA,214,F,CTL,2.4,90,88,1994-06-10,1,162,1,F,8.3,NA,Corfu.Weighted.1994
565,Pontia_occidentalis,Corfu_WA,214,F,CTL,2.4,90,88,1994-06-10,1,163,2,N,11,NA,Corfu.Weighted.1994
566,Pontia_occidentalis,Corfu_WA,218,F,CTL,2.5,99,94,1994-06-10,1,163,1,F,9.87,NA,Corfu.Weighted.1994
567,Pontia_occidentalis,Corfu_WA,226,F,CTL,2.4,82,81,1994-06-10,2,162,1,F,9.6,NA,Corfu.Weighted.1994
568,Pontia_occidentalis,Corfu_WA,226,F,CTL,2.4,82,81,1994-06-10,2,162,2,N,11.03,NA,Corfu.Weighted.1994
569,Pontia_occidentalis,Corfu_WA,226,F,CTL,2.4,82,81,1994-06-10,2,162,3,F,11.78,NA,Corfu.Weighted.1994
570,Pontia_occidentalis,Corfu_WA,227,F,WTD,2.5,95,104,1994-06-10,1,162,1,B,11,NA,Corfu.Weighted.1994
571,Pontia_occidentalis,Corfu_WA,230,F,CTL,2.5,100,97,1994-06-10,4,163,1,F,9,NA,Corfu.Weighted.1994
572,Pontia_occidentalis,Corfu_WA,230,F,CTL,2.5,100,97,1994-06-10,4,163,2,F,11,NA,Corfu.Weighted.1994
573,Pontia_occidentalis,Corfu_WA,230,F,CTL,2.5,100,97,1994-06-10,4,166,3,S,9.93,NA,Corfu.Weighted.1994
574,Pontia_occidentalis,Corfu_WA,230,F,CTL,2.5,100,97,1994-06-10,4,167,4,R,9.93,NA,Corfu.Weighted.1994
575,Pontia_occidentalis,Corfu_WA,231,F,WTD,2.6,88,98,1994-06-10,1,162,1,S,9.43,NA,Corfu.Weighted.1994
576,Pontia_occidentalis,Corfu_WA,232,F,CTL,2.5,85,80,1994-06-10,2,162,1,N,9.57,NA,Corfu.Weighted.1994
577,Pontia_occidentalis,Corfu_WA,236,F,CTL,2.6,106,103,1994-06-10,2,162,1,F,9.27,NA,Corfu.Weighted.1994
578,Pontia_occidentalis,Corfu_WA,237,F,WTD,2.4,59,73,1994-06-10,2,162,1,B,8.25,NA,Corfu.Weighted.1994
579,Pontia_occidentalis,Corfu_WA,237,F,WTD,2.4,59,73,1994-06-10,2,163,2,F,11.42,NA,Corfu.Weighted.1994
580,Pontia_occidentalis,Corfu_WA,238,F,CTL,2.4,78,78,1994-06-10,2,166,1,N,14.17,NA,Corfu.Weighted.1994
581,Pontia_occidentalis,Corfu_WA,240,F,CTL,2.4,105,100,1994-06-10,1,162,1,B,9.12,NA,Corfu.Weighted.1994
582,Pontia_occidentalis,Corfu_WA,240,F,CTL,2.4,105,100,1994-06-10,1,162,2,F,9.88,NA,Corfu.Weighted.1994
583,Pontia_occidentalis,Corfu_WA,240,F,CTL,2.4,105,100,1994-06-10,1,162,3,F,11.38,NA,Corfu.Weighted.1994
584,Pontia_occidentalis,Corfu_WA,240,F,CTL,2.4,105,100,1994-06-10,1,162,4,F,11.93,NA,Corfu.Weighted.1994
585,Pontia_occidentalis,Corfu_WA,242,F,CTL,2.6,85,34,1994-06-10,1,162,1,S,8.82,NA,Corfu.Weighted.1994
586,Pontia_occidentalis,Corfu_WA,247,F,WTD,2.6,125,134,1994-06-10,1,162,1,N,9,NA,Corfu.Weighted.1994
587,Pontia_occidentalis,Corfu_WA,248,F,CTL,2.4,74,76,1994-06-10,1,162,1,B,9.58,NA,Corfu.Weighted.1994
588,Pontia_occidentalis,Corfu_WA,248,F,CTL,2.4,74,76,1994-06-10,1,162,2,N,11,NA,Corfu.Weighted.1994
589,Pontia_occidentalis,Corfu_WA,250,F,CTL,2.3,75,72,1994-06-10,3,162,1,B,8.88,NA,Corfu.Weighted.1994
590,Pontia_occidentalis,Corfu_WA,253,F,WTD,2.4,84,93,1994-06-10,3,162,1,B,9.67,NA,Corfu.Weighted.1994
591,Pontia_occidentalis,Corfu_WA,258,F,CTL,2.4,88,35,1994-06-10,3,162,1,N,11.53,NA,Corfu.Weighted.1994
592,Pontia_occidentalis,Corfu_WA,258,F,CTL,2.4,88,35,1994-06-10,3,163,2,F,11.03,NA,Corfu.Weighted.1994
593,Pontia_occidentalis,Corfu_WA,258,F,CTL,2.4,88,35,1994-06-10,3,164,3,F,9.43,NA,Corfu.Weighted.1994
594,Pontia_occidentalis,Corfu_WA,258,F,CTL,2.4,88,35,1994-06-10,3,166,4,N,9.28,NA,Corfu.Weighted.1994
595,Pontia_occidentalis,Corfu_WA,258,F,CTL,2.4,88,35,1994-06-10,3,167,5,R,8.6,NA,Corfu.Weighted.1994
596,Pontia_occidentalis,Corfu_WA,259,F,WTD,2.5,72,82,1994-06-10,1,162,1,B,8.45,NA,Corfu.Weighted.1994
597,Pontia_occidentalis,Corfu_WA,259,F,WTD,2.5,72,82,1994-06-10,1,162,2,S,9.92,NA,Corfu.Weighted.1994
598,Pontia_occidentalis,Corfu_WA,261,F,WTD,2.5,95,101,1994-06-10,4,162,1,F,11,NA,Corfu.Weighted.1994
599,Pontia_occidentalis,Corfu_WA,262,M,CTL,2.6,85,82,1994-06-10,1,162,1,F,9.73,NA,Corfu.Weighted.1994
600,Pontia_occidentalis,Corfu_WA,263,M,WTD,2.4,65,81,1994-06-10,1,162,1,F,11.9,NA,Corfu.Weighted.1994
601,Pontia_occidentalis,Corfu_WA,264,M,CTL,2.3,73,69,1994-06-10,3,162,1,N,11.07,NA,Corfu.Weighted.1994
602,Pontia_occidentalis,Corfu_WA,267,M,WTD,2.5,108,116,1994-06-10,1,162,1,R,10.27,NA,Corfu.Weighted.1994
603,Pontia_occidentalis,Corfu_WA,267,M,WTD,2.5,108,116,1994-06-10,1,162,2,B,11.75,NA,Corfu.Weighted.1994
604,Pontia_occidentalis,Corfu_WA,268,M,CTL,2.6,91,88,1994-06-10,1,162,1,F,9.05,NA,Corfu.Weighted.1994
605,Pontia_occidentalis,Corfu_WA,269,M,WTD,2.3,75,82,1994-06-10,1,162,1,B,8.52,NA,Corfu.Weighted.1994
606,Pontia_occidentalis,Corfu_WA,269,M,WTD,2.3,75,82,1994-06-10,1,162,2,B,8.58,NA,Corfu.Weighted.1994
607,Pontia_occidentalis,Corfu_WA,269,M,WTD,2.3,75,82,1994-06-10,1,162,3,B,9.05,NA,Corfu.Weighted.1994
608,Pontia_occidentalis,Corfu_WA,270,M,CTL,2.3,66,60,1994-06-10,1,163,1,N,11,NA,Corfu.Weighted.1994
609,Pontia_occidentalis,Corfu_WA,271,M,WTD,2.3,54,64,1994-06-10,2,162,1,N,11.1,NA,Corfu.Weighted.1994
610,Pontia_occidentalis,Corfu_WA,271,M,WTD,2.3,54,64,1994-06-10,2,162,2,S,11.67,NA,Corfu.Weighted.1994
611,Pontia_occidentalis,Corfu_WA,272,M,CTL,2.4,65,60,1994-06-10,2,162,1,F,9.97,NA,Corfu.Weighted.1994
612,Pontia_occidentalis,Corfu_WA,276,M,CTL,2.3,91,89,1994-06-10,2,162,1,B,8.75,NA,Corfu.Weighted.1994
613,Pontia_occidentalis,Corfu_WA,276,M,CTL,2.3,91,89,1994-06-10,2,162,2,F,11,NA,Corfu.Weighted.1994
614,Pontia_occidentalis,Corfu_WA,277,M,WTD,2.4,54,65,1994-06-10,1,163,1,B,8.22,NA,Corfu.Weighted.1994
615,Pontia_occidentalis,Corfu_WA,277,M,WTD,2.4,54,65,1994-06-10,1,163,2,N,9,NA,Corfu.Weighted.1994
616,Pontia_occidentalis,Corfu_WA,279,M,WTD,2.3,67,78,1994-06-10,1,162,1,B,8.63,NA,Corfu.Weighted.1994
617,Pontia_occidentalis,Corfu_WA,279,M,WTD,2.3,67,78,1994-06-10,1,162,2,F,9.15,NA,Corfu.Weighted.1994
618,Pontia_occidentalis,Corfu_WA,280,M,CTL,2.3,73,68,1994-06-10,2,163,1,F,8.87,NA,Corfu.Weighted.1994
619,Pontia_occidentalis,Corfu_WA,280,M,CTL,2.3,73,68,1994-06-10,2,163,2,N,9.38,NA,Corfu.Weighted.1994
620,Pontia_occidentalis,Corfu_WA,280,M,CTL,2.3,73,68,1994-06-10,2,163,3,F,11,NA,Corfu.Weighted.1994
621,Pontia_occidentalis,Corfu_WA,282,M,CTL,2.3,67,68,1994-06-10,1,162,1,B,8.5,NA,Corfu.Weighted.1994
622,Pontia_occidentalis,Corfu_WA,282,M,CTL,2.3,67,68,1994-06-10,1,162,2,B,8.77,NA,Corfu.Weighted.1994
623,Pontia_occidentalis,Corfu_WA,282,M,CTL,2.3,67,68,1994-06-10,1,162,3,B,8.87,NA,Corfu.Weighted.1994
624,Pontia_occidentalis,Corfu_WA,287,M,WTD,2.4,61,68,1994-06-10,1,163,1,N,11,NA,Corfu.Weighted.1994
625,Pontia_occidentalis,Corfu_WA,288,M,CTL,2.4,67,63,1994-06-10,1,167,1,B,8.63,NA,Corfu.Weighted.1994
626,Pontia_occidentalis,Corfu_WA,289,M,WTD,2.2,70,80,1994-06-10,1,162,1,B,8.47,NA,Corfu.Weighted.1994
627,Pontia_occidentalis,Corfu_WA,289,M,WTD,2.2,70,80,1994-06-10,1,162,2,B,9.55,NA,Corfu.Weighted.1994
628,Pontia_occidentalis,Corfu_WA,289,M,WTD,2.2,70,80,1994-06-10,1,162,3,R,9.95,NA,Corfu.Weighted.1994
629,Pontia_occidentalis,Corfu_WA,290,M,CTL,2.4,72,69,1994-06-10,2,162,1,B,8.28,NA,Corfu.Weighted.1994
630,Pontia_occidentalis,Corfu_WA,290,M,CTL,2.4,72,69,1994-06-10,2,162,2,N,8.9,NA,Corfu.Weighted.1994
631,Pontia_occidentalis,Corfu_WA,291,M,WTD,2.3,73,77,1994-06-10,2,162,1,B,9.8,NA,Corfu.Weighted.1994
632,Pontia_occidentalis,Corfu_WA,291,M,WTD,2.3,73,77,1994-06-10,2,162,2,F,11.5,NA,Corfu.Weighted.1994
633,Pontia_occidentalis,Corfu_WA,293,M,WTD,2.4,56,68,1994-06-10,1,162,1,B,9.72,NA,Corfu.Weighted.1994
634,Pontia_occidentalis,Corfu_WA,296,M,CTL,2.6,80,76,1994-06-10,2,162,1,N,10.12,NA,Corfu.Weighted.1994
635,Pontia_occidentalis,Corfu_WA,296,M,CTL,2.6,80,76,1994-06-10,2,162,2,N,11,NA,Corfu.Weighted.1994
636,Pontia_occidentalis,Corfu_WA,298,M,CTL,2.5,75,72,1994-06-10,2,162,1,B,9.98,NA,Corfu.Weighted.1994
637,Pontia_occidentalis,Corfu_WA,301,M,WTD,2.4,68,77,1994-06-10,1,162,1,B,9.38,NA,Corfu.Weighted.1994
638,Pontia_occidentalis,Corfu_WA,307,M,WTD,2.3,63,70,1994-06-10,1,162,1,B,8.37,NA,Corfu.Weighted.1994
639,Pontia_occidentalis,Corfu_WA,310,M,CTL,2.4,78,73,1994-06-10,2,162,1,B,8.48,NA,Corfu.Weighted.1994
640,Pontia_occidentalis,Corfu_WA,310,M,CTL,2.4,78,73,1994-06-10,2,162,2,B,8.53,NA,Corfu.Weighted.1994
641,Pontia_occidentalis,Corfu_WA,310,M,CTL,2.4,78,73,1994-06-10,2,162,3,S,8.57,NA,Corfu.Weighted.1994
642,Pontia_occidentalis,Corfu_WA,310,M,CTL,2.4,78,73,1994-06-10,2,162,4,B,9.6,NA,Corfu.Weighted.1994
643,Pontia_occidentalis,Corfu_WA,310,M,CTL,2.4,78,73,1994-06-10,2,163,5,B,8.47,NA,Corfu.Weighted.1994
644,Pontia_occidentalis,Corfu_WA,313,M,WTD,2.3,75,88,1994-06-10,1,162,1,F,10.93,NA,Corfu.Weighted.1994
645,Pontia_occidentalis,Corfu_WA,314,M,CTL,2.3,56,56,1994-06-10,1,162,1,F,11.45,NA,Corfu.Weighted.1994
646,Pontia_occidentalis,Corfu_WA,314,M,CTL,2.3,56,56,1994-06-10,1,163,2,F,9.95,NA,Corfu.Weighted.1994
647,Pontia_occidentalis,Corfu_WA,316,M,CTL,2.6,82,73,1994-06-10,2,162,1,S,9.42,NA,Corfu.Weighted.1994
648,Pontia_occidentalis,Corfu_WA,318,M,CTL,2.2,73,70,1994-06-10,2,162,1,B,9.72,NA,Corfu.Weighted.1994
649,Pontia_occidentalis,Corfu_WA,318,M,CTL,2.2,73,70,1994-06-10,2,162,2,R,11.25,NA,Corfu.Weighted.1994
650,Pontia_occidentalis,Corfu_WA,321,M,WTD,2.4,72,81,1994-06-10,3,162,1,R,9.3,NA,Corfu.Weighted.1994
651,Pontia_occidentalis,Corfu_WA,323,M,WTD,2.3,75,100,1994-06-10,1,162,1,B,9.75,NA,Corfu.Weighted.1994
652,Pontia_occidentalis,Corfu_WA,323,M,WTD,2.3,75,100,1994-06-10,1,162,2,F,11,NA,Corfu.Weighted.1994
653,Pontia_occidentalis,Corfu_WA,323,M,WTD,2.3,75,100,1994-06-10,1,163,3,F,9.95,NA,Corfu.Weighted.1994
654,Pontia_occidentalis,Corfu_WA,323,M,WTD,2.3,75,100,1994-06-10,1,163,4,F,11,NA,Corfu.Weighted.1994
655,Pontia_occidentalis,Corfu_WA,323,M,WTD,2.3,75,100,1994-06-10,1,163,5,F,12.92,NA,Corfu.Weighted.1994
656,Pontia_occidentalis,Corfu_WA,325,M,WTD,2.4,71,76,1994-06-10,1,162,1,B,8.22,NA,Corfu.Weighted.1994
657,Pontia_occidentalis,Corfu_WA,328,M,CTL,2.5,70,62,1994-06-11,1,163,1,F,11.07,NA,Corfu.Weighted.1994
658,Pontia_occidentalis,Corfu_WA,329,M,WTD,2.4,72,75,1994-06-11,2,163,1,F,8.42,NA,Corfu.Weighted.1994
659,Pontia_occidentalis,Corfu_WA,329,M,WTD,2.4,72,75,1994-06-11,2,163,2,F,9.02,NA,Corfu.Weighted.1994
660,Pontia_occidentalis,Corfu_WA,329,M,WTD,2.4,72,75,1994-06-11,2,163,3,F,9.58,NA,Corfu.Weighted.1994
661,Pontia_occidentalis,Corfu_WA,329,M,WTD,2.4,72,75,1994-06-11,2,166,4,F,9.7,NA,Corfu.Weighted.1994
662,Pontia_occidentalis,Corfu_WA,329,M,WTD,2.4,72,75,1994-06-11,2,167,5,B,9.78,NA,Corfu.Weighted.1994
663,Pontia_occidentalis,Corfu_WA,330,M,CTL,2.6,89,81,1994-06-11,2,163,1,N,11,NA,Corfu.Weighted.1994
664,Pontia_occidentalis,Corfu_WA,330,M,CTL,2.6,89,81,1994-06-11,2,166,2,N,12.43,NA,Corfu.Weighted.1994
665,Pontia_occidentalis,Corfu_WA,331,M,WTD,2.4,71,80,1994-06-11,1,163,1,B,8.55,NA,Corfu.Weighted.1994
666,Pontia_occidentalis,Corfu_WA,331,M,WTD,2.4,71,80,1994-06-11,1,163,2,F,9.73,NA,Corfu.Weighted.1994
667,Pontia_occidentalis,Corfu_WA,331,M,WTD,2.4,71,80,1994-06-11,1,163,3,F,11.13,NA,Corfu.Weighted.1994
668,Pontia_occidentalis,Corfu_WA,332,M,CTL,2.3,69,64,1994-06-11,1,163,1,F,8.73,NA,Corfu.Weighted.1994
669,Pontia_occidentalis,Corfu_WA,333,M,WTD,2.3,62,73,1994-06-11,1,163,1,F,9.77,NA,Corfu.Weighted.1994
670,Pontia_occidentalis,Corfu_WA,335,M,WTD,2.3,86,94,1994-06-11,1,163,1,N,9,NA,Corfu.Weighted.1994
671,Pontia_occidentalis,Corfu_WA,343,M,WTD,2.4,68,76,1994-06-11,2,163,1,F,11,NA,Corfu.Weighted.1994
672,Pontia_occidentalis,Corfu_WA,343,M,WTD,2.4,68,76,1994-06-11,2,163,2,F,12,NA,Corfu.Weighted.1994
673,Pontia_occidentalis,Corfu_WA,345,M,WTD,2.4,92,99,1994-06-11,1,163,1,F,11.95,NA,Corfu.Weighted.1994
674,Pontia_occidentalis,Corfu_WA,353,M,WTD,2.5,74,84,1994-06-11,1,163,1,R,9.92,NA,Corfu.Weighted.1994
675,Pontia_occidentalis,Corfu_WA,353,M,WTD,2.5,74,84,1994-06-11,1,163,2,S,11.27,NA,Corfu.Weighted.1994
676,Pontia_occidentalis,Corfu_WA,353,M,WTD,2.5,74,84,1994-06-11,1,166,3,F,9.27,NA,Corfu.Weighted.1994
677,Pontia_occidentalis,Corfu_WA,353,M,WTD,2.5,74,84,1994-06-11,1,167,4,B,8.75,NA,Corfu.Weighted.1994
678,Pontia_occidentalis,Corfu_WA,356,M,CTL,2.4,88,79,1994-06-11,1,163,1,B,9,NA,Corfu.Weighted.1994
679,Pontia_occidentalis,Corfu_WA,356,M,CTL,2.4,88,79,1994-06-11,1,166,2,N,11.03,NA,Corfu.Weighted.1994
680,Pontia_occidentalis,Corfu_WA,361,M,WTD,2.3,68,80,1994-06-11,3,163,1,F,11.48,NA,Corfu.Weighted.1994
681,Pontia_occidentalis,Corfu_WA,363,M,WTD,2.5,70,80,1994-06-11,1,163,1,R,8.28,NA,Corfu.Weighted.1994
682,Pontia_occidentalis,Corfu_WA,364,M,CTL,2.4,87,82,1994-06-11,1,163,1,F,11.47,NA,Corfu.Weighted.1994
683,Pontia_occidentalis,Corfu_WA,364,M,CTL,2.4,87,82,1994-06-11,1,166,2,N,9.1,NA,Corfu.Weighted.1994
684,Pontia_occidentalis,Corfu_WA,364,M,CTL,2.4,87,82,1994-06-11,1,166,3,F,9.57,NA,Corfu.Weighted.1994
685,Pontia_occidentalis,Corfu_WA,364,M,CTL,2.4,87,82,1994-06-11,1,166,4,R,10.15,NA,Corfu.Weighted.1994
686,Pontia_occidentalis,Corfu_WA,364,M,CTL,2.4,87,82,1994-06-11,1,166,5,F,10.92,NA,Corfu.Weighted.1994
687,Pontia_occidentalis,Corfu_WA,364,M,CTL,2.4,87,82,1994-06-11,1,166,6,F,12.88,NA,Corfu.Weighted.1994
688,Pontia_occidentalis,Corfu_WA,364,M,CTL,2.4,87,82,1994-06-11,1,167,7,F,9.18,NA,Corfu.Weighted.1994
689,Pontia_occidentalis,Corfu_WA,369,M,WTD,2.5,67,75,1994-06-11,1,163,1,B,8.5,NA,Corfu.Weighted.1994
690,Pontia_occidentalis,Corfu_WA,369,M,WTD,2.5,67,75,1994-06-11,1,163,2,F,11,NA,Corfu.Weighted.1994
691,Pontia_occidentalis,Corfu_WA,369,M,WTD,2.5,67,75,1994-06-11,1,163,3,F,12.93,NA,Corfu.Weighted.1994
692,Pontia_occidentalis,Corfu_WA,374,M,CTL,2.4,69,66,1994-06-11,1,163,1,B,8.78,NA,Corfu.Weighted.1994
693,Pontia_occidentalis,Corfu_WA,376,M,CTL,2.3,71,67,1994-06-11,1,163,1,F,8.72,NA,Corfu.Weighted.1994
694,Pontia_occidentalis,Corfu_WA,376,M,CTL,2.3,71,67,1994-06-11,1,163,2,F,8.88,NA,Corfu.Weighted.1994
695,Pontia_occidentalis,Corfu_WA,376,M,CTL,2.3,71,67,1994-06-11,1,163,3,N,12.17,NA,Corfu.Weighted.1994
696,Pontia_occidentalis,Corfu_WA,376,M,CTL,2.3,71,67,1994-06-11,1,164,4,B,11,NA,Corfu.Weighted.1994
697,Pontia_occidentalis,Corfu_WA,376,M,CTL,2.3,71,67,1994-06-11,1,167,5,B,8.68,NA,Corfu.Weighted.1994
698,Pontia_occidentalis,Corfu_WA,380,M,CTL,2.5,78,72,1994-06-11,1,163,1,F,8.75,NA,Corfu.Weighted.1994
699,Pontia_occidentalis,Corfu_WA,380,M,CTL,2.5,78,72,1994-06-11,1,163,2,F,10.02,NA,Corfu.Weighted.1994
700,Pontia_occidentalis,Corfu_WA,380,M,CTL,2.5,78,72,1994-06-11,1,163,3,N,11,NA,Corfu.Weighted.1994
701,Pontia_occidentalis,Corfu_WA,380,M,CTL,2.5,78,72,1994-06-11,1,163,4,F,12.98,NA,Corfu.Weighted.1994
702,Pontia_occidentalis,Corfu_WA,380,M,CTL,2.5,78,72,1994-06-11,1,166,5,N,12.88,NA,Corfu.Weighted.1994
703,Pontia_occidentalis,Corfu_WA,380,M,CTL,2.5,78,72,1994-06-11,1,166,6,N,13.75,NA,Corfu.Weighted.1994
704,Pontia_occidentalis,Corfu_WA,382,M,CTL,2.5,84,77,1994-06-11,1,163,1,N,11,NA,Corfu.Weighted.1994
705,Pontia_occidentalis,Corfu_WA,386,F,CTL,2.5,79,81,1994-06-11,1,163,1,S,8.25,NA,Corfu.Weighted.1994
706,Pontia_occidentalis,Corfu_WA,386,F,CTL,2.5,79,81,1994-06-11,1,163,2,S,8.6,NA,Corfu.Weighted.1994
707,Pontia_occidentalis,Corfu_WA,390,F,CTL,2.7,106,99,1994-06-11,1,163,1,R,8.58,NA,Corfu.Weighted.1994
708,Pontia_occidentalis,Corfu_WA,392,F,CTL,2.6,99,93,1994-06-11,1,163,1,S,8.17,NA,Corfu.Weighted.1994
709,Pontia_occidentalis,Corfu_WA,394,F,CTL,2.5,73,71,1994-06-11,1,163,1,F,8.52,NA,Corfu.Weighted.1994
710,Pontia_occidentalis,Corfu_WA,394,F,CTL,2.5,73,71,1994-06-11,1,163,2,N,9,NA,Corfu.Weighted.1994
711,Pontia_occidentalis,Corfu_WA,395,F,WTD,2.5,76,88,1994-06-11,1,163,1,F,9.65,NA,Corfu.Weighted.1994
712,Pontia_occidentalis,Corfu_WA,404,F,CTL,2.5,82,81,1994-06-11,1,163,1,N,9,NA,Corfu.Weighted.1994
713,Pontia_occidentalis,Corfu_WA,406,F,CTL,2.6,91,90,1994-06-11,1,163,1,S,8.78,NA,Corfu.Weighted.1994
714,Pontia_occidentalis,Corfu_WA,408,F,CTL,2.7,81,82,1994-06-11,2,163,1,N,8.92,NA,Corfu.Weighted.1994
715,Pontia_occidentalis,Corfu_WA,410,F,CTL,2.6,89,79,1994-06-11,1,163,1,N,12.8,NA,Corfu.Weighted.1994
716,Pontia_occidentalis,Corfu_WA,410,F,CTL,2.6,89,79,1994-06-11,1,166,2,N,10.47,NA,Corfu.Weighted.1994
717,Pontia_occidentalis,Corfu_WA,412,F,CTL,2.5,86,82,1994-06-11,2,163,1,S,8.23,NA,Corfu.Weighted.1994
718,Pontia_occidentalis,Corfu_WA,412,F,CTL,2.5,86,82,1994-06-11,2,163,2,F,9.17,NA,Corfu.Weighted.1994
719,Pontia_occidentalis,Corfu_WA,414,F,CTL,2.5,86,82,1994-06-11,1,163,1,B,8.57,NA,Corfu.Weighted.1994
720,Pontia_occidentalis,Corfu_WA,415,F,WTD,2.5,78,85,1994-06-11,2,163,1,S,8.53,NA,Corfu.Weighted.1994
721,Pontia_occidentalis,Corfu_WA,415,F,WTD,2.5,78,85,1994-06-11,2,163,2,F,8.75,NA,Corfu.Weighted.1994
722,Pontia_occidentalis,Corfu_WA,416,F,CTL,2.5,112,96,1994-06-11,1,163,1,S,8.3,NA,Corfu.Weighted.1994
723,Pontia_occidentalis,Corfu_WA,417,F,WTD,2.4,99,110,1994-06-11,1,163,1,N,9.5,NA,Corfu.Weighted.1994
724,Pontia_occidentalis,Corfu_WA,417,F,WTD,2.4,99,110,1994-06-11,1,163,2,N,11,NA,Corfu.Weighted.1994
725,Pontia_occidentalis,Corfu_WA,417,F,WTD,2.4,99,110,1994-06-11,1,163,3,F,12.93,NA,Corfu.Weighted.1994
726,Pontia_occidentalis,Corfu_WA,418,F,CTL,2.4,91,85,1994-06-11,1,163,1,F,8.67,NA,Corfu.Weighted.1994
727,Pontia_occidentalis,Corfu_WA,418,F,CTL,2.4,91,85,1994-06-11,1,163,2,N,11.3,NA,Corfu.Weighted.1994
728,Pontia_occidentalis,Corfu_WA,419,F,WTD,2.5,88,98,1994-06-11,1,163,1,B,8.82,NA,Corfu.Weighted.1994
729,Pontia_occidentalis,Corfu_WA,419,F,WTD,2.5,88,98,1994-06-11,1,163,2,S,8.98,NA,Corfu.Weighted.1994
730,Pontia_occidentalis,Corfu_WA,419,F,WTD,2.5,88,98,1994-06-11,1,163,3,F,11.42,NA,Corfu.Weighted.1994
731,Pontia_occidentalis,Corfu_WA,421,F,WTD,2.4,84,97,1994-06-11,1,163,1,F,11.83,NA,Corfu.Weighted.1994
732,Pontia_occidentalis,Corfu_WA,421,F,WTD,2.4,84,97,1994-06-11,1,163,2,N,12,NA,Corfu.Weighted.1994
733,Pontia_occidentalis,Corfu_WA,424,F,CTL,2.5,79,76,1994-06-11,1,163,1,N,11,NA,Corfu.Weighted.1994
734,Pontia_occidentalis,Corfu_WA,425,F,WTD,2.7,75,97,1994-06-11,1,163,1,N,11,NA,Corfu.Weighted.1994
735,Pontia_occidentalis,Corfu_WA,428,F,CTL,2.5,76,73,1994-06-11,1,163,1,F,9.02,NA,Corfu.Weighted.1994
736,Pontia_occidentalis,Corfu_WA,430,F,CTL,2.4,73,67,1994-06-11,1,163,1,F,11,NA,Corfu.Weighted.1994
737,Pontia_occidentalis,Corfu_WA,432,F,CTL,2.5,90,86,1994-06-11,3,163,1,F,9.08,NA,Corfu.Weighted.1994
738,Pontia_occidentalis,Corfu_WA,434,F,CTL,2.4,84,81,1994-06-11,1,163,1,B,8.42,NA,Corfu.Weighted.1994
739,Pontia_occidentalis,Corfu_WA,434,F,CTL,2.4,84,81,1994-06-11,1,163,2,F,9.02,NA,Corfu.Weighted.1994
740,Pontia_occidentalis,Corfu_WA,436,F,CTL,2.4,97,93,1994-06-11,1,163,1,B,8.38,NA,Corfu.Weighted.1994
741,Pontia_occidentalis,Corfu_WA,646,F,CTL,2.3,104,103,1994-06-10,3,162,1,F,8.3,NA,Corfu.Weighted.1994
742,Pontia_occidentalis,Corfu_WA,646,F,CTL,2.3,104,103,1994-06-10,3,162,2,B,9.4,NA,Corfu.Weighted.1994
743,Pontia_occidentalis,Corfu_WA,646,F,CTL,2.3,104,103,1994-06-10,3,162,3,N,11.92,NA,Corfu.Weighted.1994
744,Pontia_occidentalis,Corfu_WA,646,F,CTL,2.3,104,103,1994-06-10,3,163,4,F,9.08,NA,Corfu.Weighted.1994
745,Pontia_occidentalis,Corfu_WA,646,F,CTL,2.3,104,103,1994-06-10,3,163,5,F,9.33,NA,Corfu.Weighted.1994
746,Pontia_occidentalis,Corfu_WA,646,F,CTL,2.3,104,103,1994-06-10,3,163,6,N,9.98,NA,Corfu.Weighted.1994