"STATION","NAME","LATITUDE","LONGITUDE","ELEVATION","DATE","TMAX","TMIN","TOBS"
"USC00456215","OTHELLO 6 ESE, WA US","46.78861","-119.04611","362.7","1991-01-01","36","20",
"USC00456215","OTHELLO 6 ESE, WA US","46.78861","-119.04611","362.7","1991-01-02","26","10",
"USC00456215","OTHELLO 6 ESE, WA US","46.78861","-119.04611","362.7","1991-01-03","28","12",
"USC00456215","OTHELLO 6 ESE, WA US","46.78861","-119.04611","362.7","1991-01-04","29","-6",
"USC00456215","OTHELLO 6 ESE, WA US","46.78861","-119.04611","362.7","1991-01-05","18","12",
"USC00456215","OTHELLO 6 ESE, WA US","46.78861","-119.04611","362.7","1991-01-06","18","12",
"USC00456215","OTHELLO 6 ESE, WA US","46.78861","-119.04611","362.7","1991-01-07","19","16",
"USC00456215","OTHELLO 6 ESE, WA US","46.78861","-119.04611","362.7","1991-01-08","22","10",
"USC00456215","OTHELLO 6 ESE, WA US","46.78861","-119.04611","362.7","1991-01-09","24","20",
"USC00456215","OTHELLO 6 ESE, WA US","46.78861","-119.04611","362.7","1991-01-10","26","22",
"USC00456215","OTHELLO 6 ESE, WA US","46.78861","-119.04611","362.7","1991-01-11","32","28",
"USC00456215","OTHELLO 6 ESE, WA US","46.78861","-119.04611","362.7","1991-01-12","41","31",
"USC00456215","OTHELLO 6 ESE, WA US","46.78861","-119.04611","362.7","1991-01-13","46","37",
"USC00456215","OTHELLO 6 ESE, WA US","46.78861","-119.04611","362.7","1991-01-14","51","33",
"USC00456215","OTHELLO 6 ESE, WA US","46.78861","-119.04611","362.7","1991-01-15","48","35",
"USC00456215","OTHELLO 6 ESE, WA US","46.78861","-119.04611","362.7","1991-01-16","50","32",
"USC00456215","OTHELLO 6 ESE, WA US","46.78861","-119.04611","362.7","1991-01-17","42","30",
"USC00456215","OTHELLO 6 ESE, WA US","46.78861","-119.04611","362.7","1991-01-18","36","32",
"USC00456215","OTHELLO 6 ESE, WA US","46.78861","-119.04611","362.7","1991-01-19","37","28",
"USC00456215","OTHELLO 6 ESE, WA US","46.78861","-119.04611","362.7","1991-01-21",,"20",
"USC00456215","OTHELLO 6 ESE, WA US","46.78861","-119.04611","362.7","1991-01-22","38","21",
"USC00456215","OTHELLO 6 ESE, WA US","46.78861","-119.04611","362.7","1991-01-23","39","22",
"USC00456215","OTHELLO 6 ESE, WA US","46.78861","-119.04611","362.7","1991-01-24","38","22",
"USC00456215","OTHELLO 6 ESE, WA US","46.78861","-119.04611","362.7","1991-01-25","37","18",
"USC00456215","OTHELLO 6 ESE, WA US","46.78861","-119.04611","362.7","1991-01-26","38","15",
"USC00456215","OTHELLO 6 ESE, WA US","46.78861","-119.04611","362.7","1991-01-27","32","17",
"USC00456215","OTHELLO 6 ESE, WA US","46.78861","-119.04611","362.7","1991-01-28","35","16",
"USC00456215","OTHELLO 6 ESE, WA US","46.78861","-119.04611","362.7","1991-01-29","33","13",
"USC00456215","OTHELLO 6 ESE, WA US","46.78861","-119.04611","362.7","1991-01-30","31","18",
"USC00456215","OTHELLO 6 ESE, WA US","46.78861","-119.04611","362.7","1991-01-31","25","22",
"USC00456215","OTHELLO 6 ESE, WA US","46.78861","-119.04611","362.7","1991-02-01","37","29",
"USC00456215","OTHELLO 6 ESE, WA US","46.78861","-119.04611","362.7","1991-02-02","50","34",
"USC00456215","OTHELLO 6 ESE, WA US","46.78861","-119.04611","362.7","1991-02-03","55","40",
"USC00456215","OTHELLO 6 ESE, WA US","46.78861","-119.04611","362.7","1991-02-04","54","40",
"USC00456215","OTHELLO 6 ESE, WA US","46.78861","-119.04611","362.7","1991-02-05","52","40",
"USC00456215","OTHELLO 6 ESE, WA US","46.78861","-119.04611","362.7","1991-02-06","56","32",
"USC00456215","OTHELLO 6 ESE, WA US","46.78861","-119.04611","362.7","1991-02-07","51","33",
"USC00456215","OTHELLO 6 ESE, WA US","46.78861","-119.04611","362.7","1991-02-08","52","35",
"USC00456215","OTHELLO 6 ESE, WA US","46.78861","-119.04611","362.7","1991-02-09","51","34",
"USC00456215","OTHELLO 6 ESE, WA US","46.78861","-119.04611","362.7","1991-02-10","41","33",
"USC00456215","OTHELLO 6 ESE, WA US","46.78861","-119.04611","362.7","1991-02-11","38","35",
"USC00456215","OTHELLO 6 ESE, WA US","46.78861","-119.04611","362.7","1991-02-12","38","34",
"USC00456215","OTHELLO 6 ESE, WA US","46.78861","-119.04611","362.7","1991-02-13","49","39",
"USC00456215","OTHELLO 6 ESE, WA US","46.78861","-119.04611","362.7","1991-02-14","47","40",
"USC00456215","OTHELLO 6 ESE, WA US","46.78861","-119.04611","362.7","1991-02-15","48","43",
"USC00456215","OTHELLO 6 ESE, WA US","46.78861","-119.04611","362.7","1991-02-16","48","36",
"USC00456215","OTHELLO 6 ESE, WA US","46.78861","-119.04611","362.7","1991-02-17","54","32",
"USC00456215","OTHELLO 6 ESE, WA US","46.78861","-119.04611","362.7","1991-02-18","56","30",
"USC00456215","OTHELLO 6 ESE, WA US","46.78861","-119.04611","362.7","1991-02-19","43","30",
"USC00456215","OTHELLO 6 ESE, WA US","46.78861","-119.04611","362.7","1991-02-20","60","40",
"USC00456215","OTHELLO 6 ESE, WA US","46.78861","-119.04611","362.7","1991-02-21","56","33",
"USC00456215","OTHELLO 6 ESE, WA US","46.78861","-119.04611","362.7","1991-02-22","57","34",
"USC00456215","OTHELLO 6 ESE, WA US","46.78861","-119.04611","362.7","1991-02-23","56","32",
"USC00456215","OTHELLO 6 ESE, WA US","46.78861","-119.04611","362.7","1991-02-24","57","29",
"USC00456215","OTHELLO 6 ESE, WA US","46.78861","-119.04611","362.7","1991-02-25","58","23",
"USC00456215","OTHELLO 6 ESE, WA US","46.78861","-119.04611","362.7","1991-02-26","57","27",
"USC00456215","OTHELLO 6 ESE, WA US","46.78861","-119.04611","362.7","1991-02-27","59","30",
"USC00456215","OTHELLO 6 ESE, WA US","46.78861","-119.04611","362.7","1991-02-28","59","30",
"USC00456215","OTHELLO 6 ESE, WA US","46.78861","-119.04611","362.7","1991-03-01","58","32",
"USC00456215","OTHELLO 6 ESE, WA US","46.78861","-119.04611","362.7","1991-03-02","32","28",
"USC00456215","OTHELLO 6 ESE, WA US","46.78861","-119.04611","362.7","1991-03-03","47","37",
"USC00456215","OTHELLO 6 ESE, WA US","46.78861","-119.04611","362.7","1991-03-04","60","42",
"USC00456215","OTHELLO 6 ESE, WA US","46.78861","-119.04611","362.7","1991-03-05","47","31",
"USC00456215","OTHELLO 6 ESE, WA US","46.78861","-119.04611","362.7","1991-03-06","47","32",
"USC00456215","OTHELLO 6 ESE, WA US","46.78861","-119.04611","362.7","1991-03-07","52","32",
"USC00456215","OTHELLO 6 ESE, WA US","46.78861","-119.04611","362.7","1991-03-08","55","31",
"USC00456215","OTHELLO 6 ESE, WA US","46.78861","-119.04611","362.7","1991-03-09","56","33",
"USC00456215","OTHELLO 6 ESE, WA US","46.78861","-119.04611","362.7","1991-03-10","54","37",
"USC00456215","OTHELLO 6 ESE, WA US","46.78861","-119.04611","362.7","1991-03-11","55","28",
"USC00456215","OTHELLO 6 ESE, WA US","46.78861","-119.04611","362.7","1991-03-12","48","37",
"USC00456215","OTHELLO 6 ESE, WA US","46.78861","-119.04611","362.7","1991-03-13","49","28",
"USC00456215","OTHELLO 6 ESE, WA US","46.78861","-119.04611","362.7","1991-03-14","52","32",
"USC00456215","OTHELLO 6 ESE, WA US","46.78861","-119.04611","362.7","1991-03-15","51","27",
"USC00456215","OTHELLO 6 ESE, WA US","46.78861","-119.04611","362.7","1991-03-16","54","28",
"USC00456215","OTHELLO 6 ESE, WA US","46.78861","-119.04611","362.7","1991-03-17","56","27",
"USC00456215","OTHELLO 6 ESE, WA US","46.78861","-119.04611","362.7","1991-03-18","58","27",
"USC00456215","OTHELLO 6 ESE, WA US","46.78861","-119.04611","362.7","1991-03-19","57","38",
"USC00456215","OTHELLO 6 ESE, WA US","46.78861","-119.04611","362.7","1991-03-20","50","34",
"USC00456215","OTHELLO 6 ESE, WA US","46.78861","-119.04611","362.7","1991-03-21","58","30",
"USC00456215","OTHELLO 6 ESE, WA US","46.78861","-119.04611","362.7","1991-03-22","60","37",
"USC00456215","OTHELLO 6 ESE, WA US","46.78861","-119.04611","362.7","1991-03-23","53","34",
"USC00456215","OTHELLO 6 ESE, WA US","46.78861","-119.04611","362.7","1991-03-24","52","41",
"USC00456215","OTHELLO 6 ESE, WA US","46.78861","-119.04611","362.7","1991-03-25","44","29",
"USC00456215","OTHELLO 6 ESE, WA US","46.78861","-119.04611","362.7","1991-03-26","48","30",
"USC00456215","OTHELLO 6 ESE, WA US","46.78861","-119.04611","362.7","1991-03-27","55","35",
"USC00456215","OTHELLO 6 ESE, WA US","46.78861","-119.04611","362.7","1991-03-28","58","33",
"USC00456215","OTHELLO 6 ESE, WA US","46.78861","-119.04611","362.7","1991-03-29","59","33",
"USC00456215","OTHELLO 6 ESE, WA US","46.78861","-119.04611","362.7","1991-03-30","66","38",
"USC00456215","OTHELLO 6 ESE, WA US","46.78861","-119.04611","362.7","1991-03-31","69","44",
"USC00456215","OTHELLO 6 ESE, WA US","46.78861","-119.04611","362.7","1991-04-01","69","42",
"USC00456215","OTHELLO 6 ESE, WA US","46.78861","-119.04611","362.7","1991-04-02","70","35",
"USC00456215","OTHELLO 6 ESE, WA US","46.78861","-119.04611","362.7","1991-04-03","60","38",
"USC00456215","OTHELLO 6 ESE, WA US","46.78861","-119.04611","362.7","1991-04-04","56","50",
"USC00456215","OTHELLO 6 ESE, WA US","46.78861","-119.04611","362.7","1991-04-05","62","53",
"USC00456215","OTHELLO 6 ESE, WA US","46.78861","-119.04611","362.7","1991-04-06","64","32",
"USC00456215","OTHELLO 6 ESE, WA US","46.78861","-119.04611","362.7","1991-04-07","58","36",
"USC00456215","OTHELLO 6 ESE, WA US","46.78861","-119.04611","362.7","1991-04-08","58","30",
"USC00456215","OTHELLO 6 ESE, WA US","46.78861","-119.04611","362.7","1991-04-09","52","39",
"USC00456215","OTHELLO 6 ESE, WA US","46.78861","-119.04611","362.7","1991-04-10","51","28",
"USC00456215","OTHELLO 6 ESE, WA US","46.78861","-119.04611","362.7","1991-04-11","52","31",
"USC00456215","OTHELLO 6 ESE, WA US","46.78861","-119.04611","362.7","1991-04-12","65","35",
"USC00456215","OTHELLO 6 ESE, WA US","46.78861","-119.04611","362.7","1991-04-13","66","34",
"USC00456215","OTHELLO 6 ESE, WA US","46.78861","-119.04611","362.7","1991-04-14","68","38",
"USC00456215","OTHELLO 6 ESE, WA US","46.78861","-119.04611","362.7","1991-04-15","62","37",
"USC00456215","OTHELLO 6 ESE, WA US","46.78861","-119.04611","362.7","1991-04-16","59","42",
"USC00456215","OTHELLO 6 ESE, WA US","46.78861","-119.04611","362.7","1991-04-17","63","36",
"USC00456215","OTHELLO 6 ESE, WA US","46.78861","-119.04611","362.7","1991-04-18","63","39",
"USC00456215","OTHELLO 6 ESE, WA US","46.78861","-119.04611","362.7","1991-04-19","68","35",
"USC00456215","OTHELLO 6 ESE, WA US","46.78861","-119.04611","362.7","1991-04-20","71","40",
"USC00456215","OTHELLO 6 ESE, WA US","46.78861","-119.04611","362.7","1991-04-21","74","43",
"USC00456215","OTHELLO 6 ESE, WA US","46.78861","-119.04611","362.7","1991-04-22","76","43",
"USC00456215","OTHELLO 6 ESE, WA US","46.78861","-119.04611","362.7","1991-04-23","74","41",
"USC00456215","OTHELLO 6 ESE, WA US","46.78861","-119.04611","362.7","1991-04-24","70","48",
"USC00456215","OTHELLO 6 ESE, WA US","46.78861","-119.04611","362.7","1991-04-25","62","32",
"USC00456215","OTHELLO 6 ESE, WA US","46.78861","-119.04611","362.7","1991-04-26","60","32",
"USC00456215","OTHELLO 6 ESE, WA US","46.78861","-119.04611","362.7","1991-04-27","58","36",
"USC00456215","OTHELLO 6 ESE, WA US","46.78861","-119.04611","362.7","1991-04-28","62","32",
"USC00456215","OTHELLO 6 ESE, WA US","46.78861","-119.04611","362.7","1991-04-29","62","42",
"USC00456215","OTHELLO 6 ESE, WA US","46.78861","-119.04611","362.7","1991-04-30","63","41",
"USC00456215","OTHELLO 6 ESE, WA US","46.78861","-119.04611","362.7","1991-05-01","62","40",
"USC00456215","OTHELLO 6 ESE, WA US","46.78861","-119.04611","362.7","1991-05-02","56","45",
"USC00456215","OTHELLO 6 ESE, WA US","46.78861","-119.04611","362.7","1991-05-03","65","43",
"USC00456215","OTHELLO 6 ESE, WA US","46.78861","-119.04611","362.7","1991-05-04","70","50",
"USC00456215","OTHELLO 6 ESE, WA US","46.78861","-119.04611","362.7","1991-05-05","68","44",
"USC00456215","OTHELLO 6 ESE, WA US","46.78861","-119.04611","362.7","1991-05-06","66","42",
"USC00456215","OTHELLO 6 ESE, WA US","46.78861","-119.04611","362.7","1991-05-07","60","46",
"USC00456215","OTHELLO 6 ESE, WA US","46.78861","-119.04611","362.7","1991-05-08","58","34",
"USC00456215","OTHELLO 6 ESE, WA US","46.78861","-119.04611","362.7","1991-05-09","54","40",
"USC00456215","OTHELLO 6 ESE, WA US","46.78861","-119.04611","362.7","1991-05-10","66","46",
"USC00456215","OTHELLO 6 ESE, WA US","46.78861","-119.04611","362.7","1991-05-11","65","48",
"USC00456215","OTHELLO 6 ESE, WA US","46.78861","-119.04611","362.7","1991-05-12","66","42",
"USC00456215","OTHELLO 6 ESE, WA US","46.78861","-119.04611","362.7","1991-05-13","70","38",
"USC00456215","OTHELLO 6 ESE, WA US","46.78861","-119.04611","362.7","1991-05-14",,,
"USC00456215","OTHELLO 6 ESE, WA US","46.78861","-119.04611","362.7","1991-05-15",,,
"USC00456215","OTHELLO 6 ESE, WA US","46.78861","-119.04611","362.7","1991-05-16",,,
"USC00456215","OTHELLO 6 ESE, WA US","46.78861","-119.04611","362.7","1991-05-17",,,
"USC00456215","OTHELLO 6 ESE, WA US","46.78861","-119.04611","362.7","1991-05-18",,,
"USC00456215","OTHELLO 6 ESE, WA US","46.78861","-119.04611","362.7","1991-05-19",,,
"USC00456215","OTHELLO 6 ESE, WA US","46.78861","-119.04611","362.7","1991-05-20","70","47",
"USC00456215","OTHELLO 6 ESE, WA US","46.78861","-119.04611","362.7","1991-05-21","74","44",
"USC00456215","OTHELLO 6 ESE, WA US","46.78861","-119.04611","362.7","1991-05-22","72","42",
"USC00456215","OTHELLO 6 ESE, WA US","46.78861","-119.04611","362.7","1991-05-23","70","47",
"USC00456215","OTHELLO 6 ESE, WA US","46.78861","-119.04611","362.7","1991-05-24","70","39",
"USC00456215","OTHELLO 6 ESE, WA US","46.78861","-119.04611","362.7","1991-05-25","64","38",
"USC00456215","OTHELLO 6 ESE, WA US","46.78861","-119.04611","362.7","1991-05-26","68","48",
"USC00456215","OTHELLO 6 ESE, WA US","46.78861","-119.04611","362.7","1991-05-27","75","38",
"USC00456215","OTHELLO 6 ESE, WA US","46.78861","-119.04611","362.7","1991-05-28","70","50",
"USC00456215","OTHELLO 6 ESE, WA US","46.78861","-119.04611","362.7","1991-05-29","72","44",
"USC00456215","OTHELLO 6 ESE, WA US","46.78861","-119.04611","362.7","1991-05-30","74","50",
"USC00456215","OTHELLO 6 ESE, WA US","46.78861","-119.04611","362.7","1991-05-31","82","52",
"USC00456215","OTHELLO 6 ESE, WA US","46.78861","-119.04611","362.7","1991-06-01","82","48",
"USC00456215","OTHELLO 6 ESE, WA US","46.78861","-119.04611","362.7","1991-06-02","82","46",
"USC00456215","OTHELLO 6 ESE, WA US","46.78861","-119.04611","362.7","1991-06-03","83","48",
"USC00456215","OTHELLO 6 ESE, WA US","46.78861","-119.04611","362.7","1991-06-04","68","37",
"USC00456215","OTHELLO 6 ESE, WA US","46.78861","-119.04611","362.7","1991-06-05","70","52",
"USC00456215","OTHELLO 6 ESE, WA US","46.78861","-119.04611","362.7","1991-06-06","59","48",
"USC00456215","OTHELLO 6 ESE, WA US","46.78861","-119.04611","362.7","1991-06-07","69","50",
"USC00456215","OTHELLO 6 ESE, WA US","46.78861","-119.04611","362.7","1991-06-08","74","48",
"USC00456215","OTHELLO 6 ESE, WA US","46.78861","-119.04611","362.7","1991-06-09","75","51",
"USC00456215","OTHELLO 6 ESE, WA US","46.78861","-119.04611","362.7","1991-06-10","80","55",
"USC00456215","OTHELLO 6 ESE, WA US","46.78861","-119.04611","362.7","1991-06-11","87","60",
"USC00456215","OTHELLO 6 ESE, WA US","46.78861","-119.04611","362.7","1991-06-12","70","43",
"USC00456215","OTHELLO 6 ESE, WA US","46.78861","-119.04611","362.7","1991-06-13","66","45",
"USC00456215","OTHELLO 6 ESE, WA US","46.78861","-119.04611","362.7","1991-06-14","64","38",
"USC00456215","OTHELLO 6 ESE, WA US","46.78861","-119.04611","362.7","1991-06-15","68","45",
"USC00456215","OTHELLO 6 ESE, WA US","46.78861","-119.04611","362.7","1991-06-16","71","47",
"USC00456215","OTHELLO 6 ESE, WA US","46.78861","-119.04611","362.7","1991-06-17","69","39",
"USC00456215","OTHELLO 6 ESE, WA US","46.78861","-119.04611","362.7","1991-06-18","70","44",
"USC00456215","OTHELLO 6 ESE, WA US","46.78861","-119.04611","362.7","1991-06-19","74","49",
"USC00456215","OTHELLO 6 ESE, WA US","46.78861","-119.04611","362.7","1991-06-20","70","52",
"USC00456215","OTHELLO 6 ESE, WA US","46.78861","-119.04611","362.7","1991-06-21","61","48",
"USC00456215","OTHELLO 6 ESE, WA US","46.78861","-119.04611","362.7","1991-06-22","72","50",
"USC00456215","OTHELLO 6 ESE, WA US","46.78861","-119.04611","362.7","1991-06-23","75","53",
"USC00456215","OTHELLO 6 ESE, WA US","46.78861","-119.04611","362.7","1991-06-24","76","44",
"USC00456215","OTHELLO 6 ESE, WA US","46.78861","-119.04611","362.7","1991-06-25","75","52",
"USC00456215","OTHELLO 6 ESE, WA US","46.78861","-119.04611","362.7","1991-06-26","76","50",
"USC00456215","OTHELLO 6 ESE, WA US","46.78861","-119.04611","362.7","1991-06-27","75","51",
"USC00456215","OTHELLO 6 ESE, WA US","46.78861","-119.04611","362.7","1991-06-28","83","48",
"USC00456215","OTHELLO 6 ESE, WA US","46.78861","-119.04611","362.7","1991-06-29","86","56",
"USC00456215","OTHELLO 6 ESE, WA US","46.78861","-119.04611","362.7","1991-06-30","73","52",
"USC00456215","OTHELLO 6 ESE, WA US","46.78861","-119.04611","362.7","1991-07-01","78","54",
"USC00456215","OTHELLO 6 ESE, WA US","46.78861","-119.04611","362.7","1991-07-02","83","59",
"USC00456215","OTHELLO 6 ESE, WA US","46.78861","-119.04611","362.7","1991-07-03","92","60",
"USC00456215","OTHELLO 6 ESE, WA US","46.78861","-119.04611","362.7","1991-07-04","94","57",
"USC00456215","OTHELLO 6 ESE, WA US","46.78861","-119.04611","362.7","1991-07-05","89","51",
"USC00456215","OTHELLO 6 ESE, WA US","46.78861","-119.04611","362.7","1991-07-06","85","47",
"USC00456215","OTHELLO 6 ESE, WA US","46.78861","-119.04611","362.7","1991-07-07","79","50",
"USC00456215","OTHELLO 6 ESE, WA US","46.78861","-119.04611","362.7","1991-07-08","83","55",
"USC00456215","OTHELLO 6 ESE, WA US","46.78861","-119.04611","362.7","1991-07-09","88","56",
"USC00456215","OTHELLO 6 ESE, WA US","46.78861","-119.04611","362.7","1991-07-10","85","50",
"USC00456215","OTHELLO 6 ESE, WA US","46.78861","-119.04611","362.7","1991-07-11","82","51",
"USC00456215","OTHELLO 6 ESE, WA US","46.78861","-119.04611","362.7","1991-07-12","87","57",
"USC00456215","OTHELLO 6 ESE, WA US","46.78861","-119.04611","362.7","1991-07-13","94","64",
"USC00456215","OTHELLO 6 ESE, WA US","46.78861","-119.04611","362.7","1991-07-14","86","51",
"USC00456215","OTHELLO 6 ESE, WA US","46.78861","-119.04611","362.7","1991-07-15","78","51",
"USC00456215","OTHELLO 6 ESE, WA US","46.78861","-119.04611","362.7","1991-07-16","78","58",
"USC00456215","OTHELLO 6 ESE, WA US","46.78861","-119.04611","362.7","1991-07-17","70","60",
"USC00456215","OTHELLO 6 ESE, WA US","46.78861","-119.04611","362.7","1991-07-18","77","49",
"USC00456215","OTHELLO 6 ESE, WA US","46.78861","-119.04611","362.7","1991-07-19","78","55",
"USC00456215","OTHELLO 6 ESE, WA US","46.78861","-119.04611","362.7","1991-07-20","81","51",
"USC00456215","OTHELLO 6 ESE, WA US","46.78861","-119.04611","362.7","1991-07-21","83","56",
"USC00456215","OTHELLO 6 ESE, WA US","46.78861","-119.04611","362.7","1991-07-22","82","55",
"USC00456215","OTHELLO 6 ESE, WA US","46.78861","-119.04611","362.7","1991-07-23","89","57",
"USC00456215","OTHELLO 6 ESE, WA US","46.78861","-119.04611","362.7","1991-07-24","94","62",
"USC00456215","OTHELLO 6 ESE, WA US","46.78861","-119.04611","362.7","1991-07-25","88","62",
"USC00456215","OTHELLO 6 ESE, WA US","46.78861","-119.04611","362.7","1991-07-26","83","51",
"USC00456215","OTHELLO 6 ESE, WA US","46.78861","-119.04611","362.7","1991-07-27","85","57",
"USC00456215","OTHELLO 6 ESE, WA US","46.78861","-119.04611","362.7","1991-07-28","86","57",
"USC00456215","OTHELLO 6 ESE, WA US","46.78861","-119.04611","362.7","1991-07-29","88","53",
"USC00456215","OTHELLO 6 ESE, WA US","46.78861","-119.04611","362.7","1991-07-30","88","55",
"USC00456215","OTHELLO 6 ESE, WA US","46.78861","-119.04611","362.7","1991-07-31","87","58",
"USC00456215","OTHELLO 6 ESE, WA US","46.78861","-119.04611","362.7","1991-08-01","87","60",
"USC00456215","OTHELLO 6 ESE, WA US","46.78861","-119.04611","362.7","1991-08-02","84","55",
"USC00456215","OTHELLO 6 ESE, WA US","46.78861","-119.04611","362.7","1991-08-03","93","58",
"USC00456215","OTHELLO 6 ESE, WA US","46.78861","-119.04611","362.7","1991-08-04","92","63",
"USC00456215","OTHELLO 6 ESE, WA US","46.78861","-119.04611","362.7","1991-08-05","92","56",
"USC00456215","OTHELLO 6 ESE, WA US","46.78861","-119.04611","362.7","1991-08-06","85","65",
"USC00456215","OTHELLO 6 ESE, WA US","46.78861","-119.04611","362.7","1991-08-07","91","61",
"USC00456215","OTHELLO 6 ESE, WA US","46.78861","-119.04611","362.7","1991-08-08","88","62",
"USC00456215","OTHELLO 6 ESE, WA US","46.78861","-119.04611","362.7","1991-08-09","91","61",
"USC00456215","OTHELLO 6 ESE, WA US","46.78861","-119.04611","362.7","1991-08-10","79","53",
"USC00456215","OTHELLO 6 ESE, WA US","46.78861","-119.04611","362.7","1991-08-11","80","54",
"USC00456215","OTHELLO 6 ESE, WA US","46.78861","-119.04611","362.7","1991-08-12","89","50",
"USC00456215","OTHELLO 6 ESE, WA US","46.78861","-119.04611","362.7","1991-08-13","82","55",
"USC00456215","OTHELLO 6 ESE, WA US","46.78861","-119.04611","362.7","1991-08-14","83","54",
"USC00456215","OTHELLO 6 ESE, WA US","46.78861","-119.04611","362.7","1991-08-15","82","53",
"USC00456215","OTHELLO 6 ESE, WA US","46.78861","-119.04611","362.7","1991-08-16","87","59",
"USC00456215","OTHELLO 6 ESE, WA US","46.78861","-119.04611","362.7","1991-08-17","92","63",
"USC00456215","OTHELLO 6 ESE, WA US","46.78861","-119.04611","362.7","1991-08-18","94","62",
"USC00456215","OTHELLO 6 ESE, WA US","46.78861","-119.04611","362.7","1991-08-19","96","62",
"USC00456215","OTHELLO 6 ESE, WA US","46.78861","-119.04611","362.7","1991-08-20","96","64",
"USC00456215","OTHELLO 6 ESE, WA US","46.78861","-119.04611","362.7","1991-08-21","94","60",
"USC00456215","OTHELLO 6 ESE, WA US","46.78861","-119.04611","362.7","1991-08-22","95","60",
"USC00456215","OTHELLO 6 ESE, WA US","46.78861","-119.04611","362.7","1991-08-23","92","59",
"USC00456215","OTHELLO 6 ESE, WA US","46.78861","-119.04611","362.7","1991-08-24","85","52",
"USC00456215","OTHELLO 6 ESE, WA US","46.78861","-119.04611","362.7","1991-08-25","82","49",
"USC00456215","OTHELLO 6 ESE, WA US","46.78861","-119.04611","362.7","1991-08-26","77","45",
"USC00456215","OTHELLO 6 ESE, WA US","46.78861","-119.04611","362.7","1991-08-27","82","50",
"USC00456215","OTHELLO 6 ESE, WA US","46.78861","-119.04611","362.7","1991-08-28","80","60",
"USC00456215","OTHELLO 6 ESE, WA US","46.78861","-119.04611","362.7","1991-08-29","70","54",
"USC00456215","OTHELLO 6 ESE, WA US","46.78861","-119.04611","362.7","1991-08-30","87","59",
"USC00456215","OTHELLO 6 ESE, WA US","46.78861","-119.04611","362.7","1991-08-31","89","56",
"USC00456215","OTHELLO 6 ESE, WA US","46.78861","-119.04611","362.7","1991-09-01","86","50",
"USC00456215","OTHELLO 6 ESE, WA US","46.78861","-119.04611","362.7","1991-09-02","74","45",
"USC00456215","OTHELLO 6 ESE, WA US","46.78861","-119.04611","362.7","1991-09-03","76","45",
"USC00456215","OTHELLO 6 ESE, WA US","46.78861","-119.04611","362.7","1991-09-04","85","46",
"USC00456215","OTHELLO 6 ESE, WA US","46.78861","-119.04611","362.7","1991-09-05","83","49",
"USC00456215","OTHELLO 6 ESE, WA US","46.78861","-119.04611","362.7","1991-09-06","89","53",
"USC00456215","OTHELLO 6 ESE, WA US","46.78861","-119.04611","362.7","1991-09-07","87","60",
"USC00456215","OTHELLO 6 ESE, WA US","46.78861","-119.04611","362.7","1991-09-08","79","48",
"USC00456215","OTHELLO 6 ESE, WA US","46.78861","-119.04611","362.7","1991-09-09","72","46",
"USC00456215","OTHELLO 6 ESE, WA US","46.78861","-119.04611","362.7","1991-09-10","78","46",
"USC00456215","OTHELLO 6 ESE, WA US","46.78861","-119.04611","362.7","1991-09-11","82","48",
"USC00456215","OTHELLO 6 ESE, WA US","46.78861","-119.04611","362.7","1991-09-12","82","50",
"USC00456215","OTHELLO 6 ESE, WA US","46.78861","-119.04611","362.7","1991-09-13","84","64",
"USC00456215","OTHELLO 6 ESE, WA US","46.78861","-119.04611","362.7","1991-09-14","75","46",
"USC00456215","OTHELLO 6 ESE, WA US","46.78861","-119.04611","362.7","1991-09-15","76","44",
"USC00456215","OTHELLO 6 ESE, WA US","46.78861","-119.04611","362.7","1991-09-16","81","45",
"USC00456215","OTHELLO 6 ESE, WA US","46.78861","-119.04611","362.7","1991-09-17","83","50",
"USC00456215","OTHELLO 6 ESE, WA US","46.78861","-119.04611","362.7","1991-09-18","82","55",
"USC00456215","OTHELLO 6 ESE, WA US","46.78861","-119.04611","362.7","1991-09-19","84","45",
"USC00456215","OTHELLO 6 ESE, WA US","46.78861","-119.04611","362.7","1991-09-20","83","51",
"USC00456215","OTHELLO 6 ESE, WA US","46.78861","-119.04611","362.7","1991-09-21","78","42",
"USC00456215","OTHELLO 6 ESE, WA US","46.78861","-119.04611","362.7","1991-09-22","70","37",
"USC00456215","OTHELLO 6 ESE, WA US","46.78861","-119.04611","362.7","1991-09-23","71","43",
"USC00456215","OTHELLO 6 ESE, WA US","46.78861","-119.04611","362.7","1991-09-24","76","44",
"USC00456215","OTHELLO 6 ESE, WA US","46.78861","-119.04611","362.7","1991-09-25","80","48",
"USC00456215","OTHELLO 6 ESE, WA US","46.78861","-119.04611","362.7","1991-09-26","84","49",
"USC00456215","OTHELLO 6 ESE, WA US","46.78861","-119.04611","362.7","1991-09-27","85","51",
"USC00456215","OTHELLO 6 ESE, WA US","46.78861","-119.04611","362.7","1991-09-28","86","56",
"USC00456215","OTHELLO 6 ESE, WA US","46.78861","-119.04611","362.7","1991-09-29","80","47",
"USC00456215","OTHELLO 6 ESE, WA US","46.78861","-119.04611","362.7","1991-09-30","82","50",
"USC00456215","OTHELLO 6 ESE, WA US","46.78861","-119.04611","362.7","1991-10-01","80","47",
"USC00456215","OTHELLO 6 ESE, WA US","46.78861","-119.04611","362.7","1991-10-02","80","44",
"USC00456215","OTHELLO 6 ESE, WA US","46.78861","-119.04611","362.7","1991-10-03","76","41",
"USC00456215","OTHELLO 6 ESE, WA US","46.78861","-119.04611","362.7","1991-10-04","70","35",
"USC00456215","OTHELLO 6 ESE, WA US","46.78861","-119.04611","362.7","1991-10-05","74","40",
"USC00456215","OTHELLO 6 ESE, WA US","46.78861","-119.04611","362.7","1991-10-06","70","40",
"USC00456215","OTHELLO 6 ESE, WA US","46.78861","-119.04611","362.7","1991-10-07","72","33",
"USC00456215","OTHELLO 6 ESE, WA US","46.78861","-119.04611","362.7","1991-10-08","74","42",
"USC00456215","OTHELLO 6 ESE, WA US","46.78861","-119.04611","362.7","1991-10-09","73","42",
"USC00456215","OTHELLO 6 ESE, WA US","46.78861","-119.04611","362.7","1991-10-10","76","41",
"USC00456215","OTHELLO 6 ESE, WA US","46.78861","-119.04611","362.7","1991-10-11","76","42",
"USC00456215","OTHELLO 6 ESE, WA US","46.78861","-119.04611","362.7","1991-10-12","78","47",
"USC00456215","OTHELLO 6 ESE, WA US","46.78861","-119.04611","362.7","1991-10-13","78","41",
"USC00456215","OTHELLO 6 ESE, WA US","46.78861","-119.04611","362.7","1991-10-14","75","43",
"USC00456215","OTHELLO 6 ESE, WA US","46.78861","-119.04611","362.7","1991-10-15","75","41",
"USC00456215","OTHELLO 6 ESE, WA US","46.78861","-119.04611","362.7","1991-10-16","76","42",
"USC00456215","OTHELLO 6 ESE, WA US","46.78861","-119.04611","362.7","1991-10-17","70","31",
"USC00456215","OTHELLO 6 ESE, WA US","46.78861","-119.04611","362.7","1991-10-18","57","32",
"USC00456215","OTHELLO 6 ESE, WA US","46.78861","-119.04611","362.7","1991-10-19","60","36",
"USC00456215","OTHELLO 6 ESE, WA US","46.78861","-119.04611","362.7","1991-10-20","63","35",
"USC00456215","OTHELLO 6 ESE, WA US","46.78861","-119.04611","362.7","1991-10-21","65","46",
"USC00456215","OTHELLO 6 ESE, WA US","46.78861","-119.04611","362.7","1991-10-22","68","31",
"USC00456215","OTHELLO 6 ESE, WA US","46.78861","-119.04611","362.7","1991-10-23","58","38",
"USC00456215","OTHELLO 6 ESE, WA US","46.78861","-119.04611","362.7","1991-10-24","54","34",
"USC00456215","OTHELLO 6 ESE, WA US","46.78861","-119.04611","362.7","1991-10-25","53","33",
"USC00456215","OTHELLO 6 ESE, WA US","46.78861","-119.04611","362.7","1991-10-26","48","36",
"USC00456215","OTHELLO 6 ESE, WA US","46.78861","-119.04611","362.7","1991-10-27","47","34",
"USC00456215","OTHELLO 6 ESE, WA US","46.78861","-119.04611","362.7","1991-10-28","44","18",
"USC00456215","OTHELLO 6 ESE, WA US","46.78861","-119.04611","362.7","1991-10-29","32","22",
"USC00456215","OTHELLO 6 ESE, WA US","46.78861","-119.04611","362.7","1991-10-30","41","17",
"USC00456215","OTHELLO 6 ESE, WA US","46.78861","-119.04611","362.7","1991-10-31","41","24",
"USC00456215","OTHELLO 6 ESE, WA US","46.78861","-119.04611","362.7","1991-11-01","35","30",
"USC00456215","OTHELLO 6 ESE, WA US","46.78861","-119.04611","362.7","1991-11-02","38","19",
"USC00456215","OTHELLO 6 ESE, WA US","46.78861","-119.04611","362.7","1991-11-03","38","25",
"USC00456215","OTHELLO 6 ESE, WA US","46.78861","-119.04611","362.7","1991-11-04","38","32",
"USC00456215","OTHELLO 6 ESE, WA US","46.78861","-119.04611","362.7","1991-11-05","44","33",
"USC00456215","OTHELLO 6 ESE, WA US","46.78861","-119.04611","362.7","1991-11-06","42","37",
"USC00456215","OTHELLO 6 ESE, WA US","46.78861","-119.04611","362.7","1991-11-07","41","39",
"USC00456215","OTHELLO 6 ESE, WA US","46.78861","-119.04611","362.7","1991-11-08","46","41",
"USC00456215","OTHELLO 6 ESE, WA US","46.78861","-119.04611","362.7","1991-11-09","46","42",
"USC00456215","OTHELLO 6 ESE, WA US","46.78861","-119.04611","362.7","1991-11-10","47","41",
"USC00456215","OTHELLO 6 ESE, WA US","46.78861","-119.04611","362.7","1991-11-11","46","40",
"USC00456215","OTHELLO 6 ESE, WA US","46.78861","-119.04611","362.7","1991-11-12","50","40",
"USC00456215","OTHELLO 6 ESE, WA US","46.78861","-119.04611","362.7","1991-11-13","58","39",
"USC00456215","OTHELLO 6 ESE, WA US","46.78861","-119.04611","362.7","1991-11-14","52","32",
"USC00456215","OTHELLO 6 ESE, WA US","46.78861","-119.04611","362.7","1991-11-15","47","32",
"USC00456215","OTHELLO 6 ESE, WA US","46.78861","-119.04611","362.7","1991-11-16","42","28",
"USC00456215","OTHELLO 6 ESE, WA US","46.78861","-119.04611","362.7","1991-11-17","48","32",
"USC00456215","OTHELLO 6 ESE, WA US","46.78861","-119.04611","362.7","1991-11-18","52","36",
"USC00456215","OTHELLO 6 ESE, WA US","46.78861","-119.04611","362.7","1991-11-19","54","35",
"USC00456215","OTHELLO 6 ESE, WA US","46.78861","-119.04611","362.7","1991-11-20","52","43",
"USC00456215","OTHELLO 6 ESE, WA US","46.78861","-119.04611","362.7","1991-11-21","52","35",
"USC00456215","OTHELLO 6 ESE, WA US","46.78861","-119.04611","362.7","1991-11-22","51","27",
"USC00456215","OTHELLO 6 ESE, WA US","46.78861","-119.04611","362.7","1991-11-23","44","30",
"USC00456215","OTHELLO 6 ESE, WA US","46.78861","-119.04611","362.7","1991-11-24","37","34",
"USC00456215","OTHELLO 6 ESE, WA US","46.78861","-119.04611","362.7","1991-11-25","40","38",
"USC00456215","OTHELLO 6 ESE, WA US","46.78861","-119.04611","362.7","1991-11-26",,,
"USC00456215","OTHELLO 6 ESE, WA US","46.78861","-119.04611","362.7","1991-11-27",,,
"USC00456215","OTHELLO 6 ESE, WA US","46.78861","-119.04611","362.7","1991-11-28",,,
"USC00456215","OTHELLO 6 ESE, WA US","46.78861","-119.04611","362.7","1991-11-29",,,
"USC00456215","OTHELLO 6 ESE, WA US","46.78861","-119.04611","362.7","1991-11-30",,,
"USC00456215","OTHELLO 6 ESE, WA US","46.78861","-119.04611","362.7","1991-12-01",,,
"USC00456215","OTHELLO 6 ESE, WA US","46.78861","-119.04611","362.7","1991-12-02","36","30",
"USC00456215","OTHELLO 6 ESE, WA US","46.78861","-119.04611","362.7","1991-12-03","47","34",
"USC00456215","OTHELLO 6 ESE, WA US","46.78861","-119.04611","362.7","1991-12-04","50","39",
"USC00456215","OTHELLO 6 ESE, WA US","46.78861","-119.04611","362.7","1991-12-05","54","40",
"USC00456215","OTHELLO 6 ESE, WA US","46.78861","-119.04611","362.7","1991-12-06","54","43",
"USC00456215","OTHELLO 6 ESE, WA US","46.78861","-119.04611","362.7","1991-12-07","48","36",
"USC00456215","OTHELLO 6 ESE, WA US","46.78861","-119.04611","362.7","1991-12-08","50","39",
"USC00456215","OTHELLO 6 ESE, WA US","46.78861","-119.04611","362.7","1991-12-09","54","40",
"USC00456215","OTHELLO 6 ESE, WA US","46.78861","-119.04611","362.7","1991-12-10","51","28",
"USC00456215","OTHELLO 6 ESE, WA US","46.78861","-119.04611","362.7","1991-12-11","44","33",
"USC00456215","OTHELLO 6 ESE, WA US","46.78861","-119.04611","362.7","1991-12-12","53","37",
"USC00456215","OTHELLO 6 ESE, WA US","46.78861","-119.04611","362.7","1991-12-13","53","26",
"USC00456215","OTHELLO 6 ESE, WA US","46.78861","-119.04611","362.7","1991-12-14","44","23",
"USC00456215","OTHELLO 6 ESE, WA US","46.78861","-119.04611","362.7","1991-12-15","40","19",
"USC00456215","OTHELLO 6 ESE, WA US","46.78861","-119.04611","362.7","1991-12-16","34","22",
"USC00456215","OTHELLO 6 ESE, WA US","46.78861","-119.04611","362.7","1991-12-17","29","20",
"USC00456215","OTHELLO 6 ESE, WA US","46.78861","-119.04611","362.7","1991-12-18","26","24",
"USC00456215","OTHELLO 6 ESE, WA US","46.78861","-119.04611","362.7","1991-12-19","31","24",
"USC00456215","OTHELLO 6 ESE, WA US","46.78861","-119.04611","362.7","1991-12-20","39","25",
"USC00456215","OTHELLO 6 ESE, WA US","46.78861","-119.04611","362.7","1991-12-21","31","26",
"USC00456215","OTHELLO 6 ESE, WA US","46.78861","-119.04611","362.7","1991-12-22","33","31",
"USC00456215","OTHELLO 6 ESE, WA US","46.78861","-119.04611","362.7","1991-12-23","37","31",
"USC00456215","OTHELLO 6 ESE, WA US","46.78861","-119.04611","362.7","1991-12-24","40","36",
"USC00456215","OTHELLO 6 ESE, WA US","46.78861","-119.04611","362.7","1991-12-25","39","35",
"USC00456215","OTHELLO 6 ESE, WA US","46.78861","-119.04611","362.7","1991-12-26","39","33",
"USC00456215","OTHELLO 6 ESE, WA US","46.78861","-119.04611","362.7","1991-12-27","39","33",
"USC00456215","OTHELLO 6 ESE, WA US","46.78861","-119.04611","362.7","1991-12-28","44","28",
"USC00456215","OTHELLO 6 ESE, WA US","46.78861","-119.04611","362.7","1991-12-29","43","29",
"USC00456215","OTHELLO 6 ESE, WA US","46.78861","-119.04611","362.7","1991-12-30","44","31",
"USC00456215","OTHELLO 6 ESE, WA US","46.78861","-119.04611","362.7","1991-12-31","35","29",
"USC00456215","OTHELLO 6 ESE, WA US","46.78861","-119.04611","362.7","1992-02-01","56","41",
"USC00456215","OTHELLO 6 ESE, WA US","46.78861","-119.04611","362.7","1992-02-02","50","39",
"USC00456215","OTHELLO 6 ESE, WA US","46.78861","-119.04611","362.7","1992-02-03","55","28",
"USC00456215","OTHELLO 6 ESE, WA US","46.78861","-119.04611","362.7","1992-02-04","46","26",
"USC00456215","OTHELLO 6 ESE, WA US","46.78861","-119.04611","362.7","1992-02-05","48","26",
"USC00456215","OTHELLO 6 ESE, WA US","46.78861","-119.04611","362.7","1992-02-06","36","30",
"USC00456215","OTHELLO 6 ESE, WA US","46.78861","-119.04611","362.7","1992-02-07","34","32",
"USC00456215","OTHELLO 6 ESE, WA US","46.78861","-119.04611","362.7","1992-02-08","40","36",
"USC00456215","OTHELLO 6 ESE, WA US","46.78861","-119.04611","362.7","1992-02-09","42","32",
"USC00456215","OTHELLO 6 ESE, WA US","46.78861","-119.04611","362.7","1992-02-10","56","24",
"USC00456215","OTHELLO 6 ESE, WA US","46.78861","-119.04611","362.7","1992-02-11","52","36",
"USC00456215","OTHELLO 6 ESE, WA US","46.78861","-119.04611","362.7","1992-02-12","58","36",
"USC00456215","OTHELLO 6 ESE, WA US","46.78861","-119.04611","362.7","1992-02-13","49","40",
"USC00456215","OTHELLO 6 ESE, WA US","46.78861","-119.04611","362.7","1992-02-14","52","38",
"USC00456215","OTHELLO 6 ESE, WA US","46.78861","-119.04611","362.7","1992-02-15","56","40",
"USC00456215","OTHELLO 6 ESE, WA US","46.78861","-119.04611","362.7","1992-02-16","52","32",
"USC00456215","OTHELLO 6 ESE, WA US","46.78861","-119.04611","362.7","1992-02-17","54","34",
"USC00456215","OTHELLO 6 ESE, WA US","46.78861","-119.04611","362.7","1992-02-18","52","36",
"USC00456215","OTHELLO 6 ESE, WA US","46.78861","-119.04611","362.7","1992-02-19","50","36",
"USC00456215","OTHELLO 6 ESE, WA US","46.78861","-119.04611","362.7","1992-02-20","50","37",
"USC00456215","OTHELLO 6 ESE, WA US","46.78861","-119.04611","362.7","1992-02-21","43","36",
"USC00456215","OTHELLO 6 ESE, WA US","46.78861","-119.04611","362.7","1992-02-22","60","41",
"USC00456215","OTHELLO 6 ESE, WA US","46.78861","-119.04611","362.7","1992-02-23","58","32",
"USC00456215","OTHELLO 6 ESE, WA US","46.78861","-119.04611","362.7","1992-02-24","54","39",
"USC00456215","OTHELLO 6 ESE, WA US","46.78861","-119.04611","362.7","1992-02-25","46","42",
"USC00456215","OTHELLO 6 ESE, WA US","46.78861","-119.04611","362.7","1992-02-26","48","41",
"USC00456215","OTHELLO 6 ESE, WA US","46.78861","-119.04611","362.7","1992-02-27","46","40",
"USC00456215","OTHELLO 6 ESE, WA US","46.78861","-119.04611","362.7","1992-02-28","45","40",
"USC00456215","OTHELLO 6 ESE, WA US","46.78861","-119.04611","362.7","1992-02-29","43","40",
"USC00456215","OTHELLO 6 ESE, WA US","46.78861","-119.04611","362.7","1992-03-01","48","38",
"USC00456215","OTHELLO 6 ESE, WA US","46.78861","-119.04611","362.7","1992-03-02","57","30",
"USC00456215","OTHELLO 6 ESE, WA US","46.78861","-119.04611","362.7","1992-03-03","51","40",
"USC00456215","OTHELLO 6 ESE, WA US","46.78861","-119.04611","362.7","1992-03-04","50","43",
"USC00456215","OTHELLO 6 ESE, WA US","46.78861","-119.04611","362.7","1992-03-05","59","34",
"USC00456215","OTHELLO 6 ESE, WA US","46.78861","-119.04611","362.7","1992-03-06","60","42",
"USC00456215","OTHELLO 6 ESE, WA US","46.78861","-119.04611","362.7","1992-03-07","62","41",
"USC00456215","OTHELLO 6 ESE, WA US","46.78861","-119.04611","362.7","1992-03-08","62","31",
"USC00456215","OTHELLO 6 ESE, WA US","46.78861","-119.04611","362.7","1992-03-09","60","30",
"USC00456215","OTHELLO 6 ESE, WA US","46.78861","-119.04611","362.7","1992-03-10","56","30",
"USC00456215","OTHELLO 6 ESE, WA US","46.78861","-119.04611","362.7","1992-03-11","58","33",
"USC00456215","OTHELLO 6 ESE, WA US","46.78861","-119.04611","362.7","1992-03-12","62","34",
"USC00456215","OTHELLO 6 ESE, WA US","46.78861","-119.04611","362.7","1992-03-13","66","32",
"USC00456215","OTHELLO 6 ESE, WA US","46.78861","-119.04611","362.7","1992-03-14","69","36",
"USC00456215","OTHELLO 6 ESE, WA US","46.78861","-119.04611","362.7","1992-03-15","68","46",
"USC00456215","OTHELLO 6 ESE, WA US","46.78861","-119.04611","362.7","1992-03-16","63","40",
"USC00456215","OTHELLO 6 ESE, WA US","46.78861","-119.04611","362.7","1992-03-17","64","41",
"USC00456215","OTHELLO 6 ESE, WA US","46.78861","-119.04611","362.7","1992-03-18","63","38",
"USC00456215","OTHELLO 6 ESE, WA US","46.78861","-119.04611","362.7","1992-03-19","63","37",
"USC00456215","OTHELLO 6 ESE, WA US","46.78861","-119.04611","362.7","1992-03-20","61","32",
"USC00456215","OTHELLO 6 ESE, WA US","46.78861","-119.04611","362.7","1992-03-21","65","32",
"USC00456215","OTHELLO 6 ESE, WA US","46.78861","-119.04611","362.7","1992-03-22","65","32",
"USC00456215","OTHELLO 6 ESE, WA US","46.78861","-119.04611","362.7","1992-03-23","63","32",
"USC00456215","OTHELLO 6 ESE, WA US","46.78861","-119.04611","362.7","1992-03-24","63","35",
"USC00456215","OTHELLO 6 ESE, WA US","46.78861","-119.04611","362.7","1992-03-25","66","35",
"USC00456215","OTHELLO 6 ESE, WA US","46.78861","-119.04611","362.7","1992-03-26","71","46",
"USC00456215","OTHELLO 6 ESE, WA US","46.78861","-119.04611","362.7","1992-03-27","63","38",
"USC00456215","OTHELLO 6 ESE, WA US","46.78861","-119.04611","362.7","1992-03-28","63","26",
"USC00456215","OTHELLO 6 ESE, WA US","46.78861","-119.04611","362.7","1992-03-29","57","28",
"USC00456215","OTHELLO 6 ESE, WA US","46.78861","-119.04611","362.7","1992-03-30","64","33",
"USC00456215","OTHELLO 6 ESE, WA US","46.78861","-119.04611","362.7","1992-03-31","71","39",
"USC00456215","OTHELLO 6 ESE, WA US","46.78861","-119.04611","362.7","1992-04-01","72","43",
"USC00456215","OTHELLO 6 ESE, WA US","46.78861","-119.04611","362.7","1992-04-02","76","43",
"USC00456215","OTHELLO 6 ESE, WA US","46.78861","-119.04611","362.7","1992-04-03","77","47",
"USC00456215","OTHELLO 6 ESE, WA US","46.78861","-119.04611","362.7","1992-04-04","69","33",
"USC00456215","OTHELLO 6 ESE, WA US","46.78861","-119.04611","362.7","1992-04-05","61","28",
"USC00456215","OTHELLO 6 ESE, WA US","46.78861","-119.04611","362.7","1992-04-06","56","30",
"USC00456215","OTHELLO 6 ESE, WA US","46.78861","-119.04611","362.7","1992-04-07","56","29",
"USC00456215","OTHELLO 6 ESE, WA US","46.78861","-119.04611","362.7","1992-04-08","54","30",
"USC00456215","OTHELLO 6 ESE, WA US","46.78861","-119.04611","362.7","1992-04-09","55","41",
"USC00456215","OTHELLO 6 ESE, WA US","46.78861","-119.04611","362.7","1992-04-10","48","35",
"USC00456215","OTHELLO 6 ESE, WA US","46.78861","-119.04611","362.7","1992-04-11","59","33",
"USC00456215","OTHELLO 6 ESE, WA US","46.78861","-119.04611","362.7","1992-04-12","57","41",
"USC00456215","OTHELLO 6 ESE, WA US","46.78861","-119.04611","362.7","1992-04-13","57","48",
"USC00456215","OTHELLO 6 ESE, WA US","46.78861","-119.04611","362.7","1992-04-14","63","47",
"USC00456215","OTHELLO 6 ESE, WA US","46.78861","-119.04611","362.7","1992-04-15","68","40",
"USC00456215","OTHELLO 6 ESE, WA US","46.78861","-119.04611","362.7","1992-04-16","70","52",
"USC00456215","OTHELLO 6 ESE, WA US","46.78861","-119.04611","362.7","1992-04-17","67","46",
"USC00456215","OTHELLO 6 ESE, WA US","46.78861","-119.04611","362.7","1992-04-18","64","39",
"USC00456215","OTHELLO 6 ESE, WA US","46.78861","-119.04611","362.7","1992-04-19","64","35",
"USC00456215","OTHELLO 6 ESE, WA US","46.78861","-119.04611","362.7","1992-04-20","67","41",
"USC00456215","OTHELLO 6 ESE, WA US","46.78861","-119.04611","362.7","1992-04-21","63","40",
"USC00456215","OTHELLO 6 ESE, WA US","46.78861","-119.04611","362.7","1992-04-22","66","30",
"USC00456215","OTHELLO 6 ESE, WA US","46.78861","-119.04611","362.7","1992-04-23","60","32",
"USC00456215","OTHELLO 6 ESE, WA US","46.78861","-119.04611","362.7","1992-04-24","60","34",
"USC00456215","OTHELLO 6 ESE, WA US","46.78861","-119.04611","362.7","1992-04-25","70","41",
"USC00456215","OTHELLO 6 ESE, WA US","46.78861","-119.04611","362.7","1992-04-26","80","45",
"USC00456215","OTHELLO 6 ESE, WA US","46.78861","-119.04611","362.7","1992-04-27","76","51",
"USC00456215","OTHELLO 6 ESE, WA US","46.78861","-119.04611","362.7","1992-04-28","77","52",
"USC00456215","OTHELLO 6 ESE, WA US","46.78861","-119.04611","362.7","1992-04-29","77","53",
"USC00456215","OTHELLO 6 ESE, WA US","46.78861","-119.04611","362.7","1992-04-30","66","50",
"USC00456215","OTHELLO 6 ESE, WA US","46.78861","-119.04611","362.7","1992-05-01","60","33",
"USC00456215","OTHELLO 6 ESE, WA US","46.78861","-119.04611","362.7","1992-05-02","74","42",
"USC00456215","OTHELLO 6 ESE, WA US","46.78861","-119.04611","362.7","1992-05-03","85","45",
"USC00456215","OTHELLO 6 ESE, WA US","46.78861","-119.04611","362.7","1992-05-04","83","36",
"USC00456215","OTHELLO 6 ESE, WA US","46.78861","-119.04611","362.7","1992-05-05","85","45",
"USC00456215","OTHELLO 6 ESE, WA US","46.78861","-119.04611","362.7","1992-05-06","90","49",
"USC00456215","OTHELLO 6 ESE, WA US","46.78861","-119.04611","362.7","1992-05-07","94","60",
"USC00456215","OTHELLO 6 ESE, WA US","46.78861","-119.04611","362.7","1992-05-08","89","49",
"USC00456215","OTHELLO 6 ESE, WA US","46.78861","-119.04611","362.7","1992-05-09","68","44",
"USC00456215","OTHELLO 6 ESE, WA US","46.78861","-119.04611","362.7","1992-05-10","69","46",
"USC00456215","OTHELLO 6 ESE, WA US","46.78861","-119.04611","362.7","1992-05-11","67","36",
"USC00456215","OTHELLO 6 ESE, WA US","46.78861","-119.04611","362.7","1992-05-12","62","32",
"USC00456215","OTHELLO 6 ESE, WA US","46.78861","-119.04611","362.7","1992-05-13","65","42",
"USC00456215","OTHELLO 6 ESE, WA US","46.78861","-119.04611","362.7","1992-05-14","73","46",
"USC00456215","OTHELLO 6 ESE, WA US","46.78861","-119.04611","362.7","1992-05-15","81","46",
"USC00456215","OTHELLO 6 ESE, WA US","46.78861","-119.04611","362.7","1992-05-16","78","38",
"USC00456215","OTHELLO 6 ESE, WA US","46.78861","-119.04611","362.7","1992-05-17","78","42",
"USC00456215","OTHELLO 6 ESE, WA US","46.78861","-119.04611","362.7","1992-05-18","84","58",
"USC00456215","OTHELLO 6 ESE, WA US","46.78861","-119.04611","362.7","1992-05-19","81","47",
"USC00456215","OTHELLO 6 ESE, WA US","46.78861","-119.04611","362.7","1992-05-20","77","48",
"USC00456215","OTHELLO 6 ESE, WA US","46.78861","-119.04611","362.7","1992-05-21","68","36",
"USC00456215","OTHELLO 6 ESE, WA US","46.78861","-119.04611","362.7","1992-05-22","68","38",
"USC00456215","OTHELLO 6 ESE, WA US","46.78861","-119.04611","362.7","1992-05-23","77","48",
"USC00456215","OTHELLO 6 ESE, WA US","46.78861","-119.04611","362.7","1992-05-24","84","49",
"USC00456215","OTHELLO 6 ESE, WA US","46.78861","-119.04611","362.7","1992-05-25","87","56",
"USC00456215","OTHELLO 6 ESE, WA US","46.78861","-119.04611","362.7","1992-05-26","92","57",
"USC00456215","OTHELLO 6 ESE, WA US","46.78861","-119.04611","362.7","1992-05-27","77","43",
"USC00456215","OTHELLO 6 ESE, WA US","46.78861","-119.04611","362.7","1992-05-28","75","48",
"USC00456215","OTHELLO 6 ESE, WA US","46.78861","-119.04611","362.7","1992-05-29","76","48",
"USC00456215","OTHELLO 6 ESE, WA US","46.78861","-119.04611","362.7","1992-05-30","81","50",
"USC00456215","OTHELLO 6 ESE, WA US","46.78861","-119.04611","362.7","1992-05-31","89","57",
"USC00456215","OTHELLO 6 ESE, WA US","46.78861","-119.04611","362.7","1992-06-01","90","58",
"USC00456215","OTHELLO 6 ESE, WA US","46.78861","-119.04611","362.7","1992-06-02","89","52",
"USC00456215","OTHELLO 6 ESE, WA US","46.78861","-119.04611","362.7","1992-06-03","81","42",
"USC00456215","OTHELLO 6 ESE, WA US","46.78861","-119.04611","362.7","1992-06-04","80","50",
"USC00456215","OTHELLO 6 ESE, WA US","46.78861","-119.04611","362.7","1992-06-05","82","51",
"USC00456215","OTHELLO 6 ESE, WA US","46.78861","-119.04611","362.7","1992-06-06","82","53",
"USC00456215","OTHELLO 6 ESE, WA US","46.78861","-119.04611","362.7","1992-06-07","86","56",
"USC00456215","OTHELLO 6 ESE, WA US","46.78861","-119.04611","362.7","1992-06-08","84","49",
"USC00456215","OTHELLO 6 ESE, WA US","46.78861","-119.04611","362.7","1992-06-09","80","50",
"USC00456215","OTHELLO 6 ESE, WA US","46.78861","-119.04611","362.7","1992-06-10","80","52",
"USC00456215","OTHELLO 6 ESE, WA US","46.78861","-119.04611","362.7","1992-06-11","82","54",
"USC00456215","OTHELLO 6 ESE, WA US","46.78861","-119.04611","362.7","1992-06-12","86","54",
"USC00456215","OTHELLO 6 ESE, WA US","46.78861","-119.04611","362.7","1992-06-13","60","51",
"USC00456215","OTHELLO 6 ESE, WA US","46.78861","-119.04611","362.7","1992-06-14","67","45",
"USC00456215","OTHELLO 6 ESE, WA US","46.78861","-119.04611","362.7","1992-06-15","70","49",
"USC00456215","OTHELLO 6 ESE, WA US","46.78861","-119.04611","362.7","1992-06-16","70","54",
"USC00456215","OTHELLO 6 ESE, WA US","46.78861","-119.04611","362.7","1992-06-17","80","50",
"USC00456215","OTHELLO 6 ESE, WA US","46.78861","-119.04611","362.7","1992-06-18","80","52",
"USC00456215","OTHELLO 6 ESE, WA US","46.78861","-119.04611","362.7","1992-06-19","88","57",
"USC00456215","OTHELLO 6 ESE, WA US","46.78861","-119.04611","362.7","1992-06-20","93","58",
"USC00456215","OTHELLO 6 ESE, WA US","46.78861","-119.04611","362.7","1992-06-21","91","62",
"USC00456215","OTHELLO 6 ESE, WA US","46.78861","-119.04611","362.7","1992-06-22","96","61",
"USC00456215","OTHELLO 6 ESE, WA US","46.78861","-119.04611","362.7","1992-06-23","96","62",
"USC00456215","OTHELLO 6 ESE, WA US","46.78861","-119.04611","362.7","1992-06-24","100","64",
"USC00456215","OTHELLO 6 ESE, WA US","46.78861","-119.04611","362.7","1992-06-25","98","64",
"USC00456215","OTHELLO 6 ESE, WA US","46.78861","-119.04611","362.7","1992-06-26","96","64",
"USC00456215","OTHELLO 6 ESE, WA US","46.78861","-119.04611","362.7","1992-06-27","90","63",
"USC00456215","OTHELLO 6 ESE, WA US","46.78861","-119.04611","362.7","1992-06-28","95","65",
"USC00456215","OTHELLO 6 ESE, WA US","46.78861","-119.04611","362.7","1992-06-29","91","58",
"USC00456215","OTHELLO 6 ESE, WA US","46.78861","-119.04611","362.7","1992-06-30","74","50",
"USC00456215","OTHELLO 6 ESE, WA US","46.78861","-119.04611","362.7","1992-07-01","80","54",
"USC00456215","OTHELLO 6 ESE, WA US","46.78861","-119.04611","362.7","1992-07-02","79","58",
"USC00456215","OTHELLO 6 ESE, WA US","46.78861","-119.04611","362.7","1992-07-03","82","54",
"USC00456215","OTHELLO 6 ESE, WA US","46.78861","-119.04611","362.7","1992-07-04","83","61",
"USC00456215","OTHELLO 6 ESE, WA US","46.78861","-119.04611","362.7","1992-07-05","79","53",
"USC00456215","OTHELLO 6 ESE, WA US","46.78861","-119.04611","362.7","1992-07-06","80","51",
"USC00456215","OTHELLO 6 ESE, WA US","46.78861","-119.04611","362.7","1992-07-07","77","52",
"USC00456215","OTHELLO 6 ESE, WA US","46.78861","-119.04611","362.7","1992-07-08","78","49",
"USC00456215","OTHELLO 6 ESE, WA US","46.78861","-119.04611","362.7","1992-07-09","80","55",
"USC00456215","OTHELLO 6 ESE, WA US","46.78861","-119.04611","362.7","1992-07-10","84","51",
"USC00456215","OTHELLO 6 ESE, WA US","46.78861","-119.04611","362.7","1992-07-11","74","58",
"USC00456215","OTHELLO 6 ESE, WA US","46.78861","-119.04611","362.7","1992-07-12","79","53",
"USC00456215","OTHELLO 6 ESE, WA US","46.78861","-119.04611","362.7","1992-07-13","85","56",
"USC00456215","OTHELLO 6 ESE, WA US","46.78861","-119.04611","362.7","1992-07-14","87","52",
"USC00456215","OTHELLO 6 ESE, WA US","46.78861","-119.04611","362.7","1992-07-15","83","51",
"USC00456215","OTHELLO 6 ESE, WA US","46.78861","-119.04611","362.7","1992-07-16","87","56",
"USC00456215","OTHELLO 6 ESE, WA US","46.78861","-119.04611","362.7","1992-07-17","90","63",
"USC00456215","OTHELLO 6 ESE, WA US","46.78861","-119.04611","362.7","1992-07-18","96","64",
"USC00456215","OTHELLO 6 ESE, WA US","46.78861","-119.04611","362.7","1992-07-19","98","68",
"USC00456215","OTHELLO 6 ESE, WA US","46.78861","-119.04611","362.7","1992-07-20","92","64",
"USC00456215","OTHELLO 6 ESE, WA US","46.78861","-119.04611","362.7","1992-07-21","77","61",
"USC00456215","OTHELLO 6 ESE, WA US","46.78861","-119.04611","362.7","1992-07-22","86","60",
"USC00456215","OTHELLO 6 ESE, WA US","46.78861","-119.04611","362.7","1992-07-23","67","58",
"USC00456215","OTHELLO 6 ESE, WA US","46.78861","-119.04611","362.7","1992-07-24","63","57",
"USC00456215","OTHELLO 6 ESE, WA US","46.78861","-119.04611","362.7","1992-07-25","77","56",
"USC00456215","OTHELLO 6 ESE, WA US","46.78861","-119.04611","362.7","1992-07-26","84","60",
"USC00456215","OTHELLO 6 ESE, WA US","46.78861","-119.04611","362.7","1992-07-27","90","54",
"USC00456215","OTHELLO 6 ESE, WA US","46.78861","-119.04611","362.7","1992-07-28","92","60",
"USC00456215","OTHELLO 6 ESE, WA US","46.78861","-119.04611","362.7","1992-07-29","92","60",
"USC00456215","OTHELLO 6 ESE, WA US","46.78861","-119.04611","362.7","1992-07-30","93","61",
"USC00456215","OTHELLO 6 ESE, WA US","46.78861","-119.04611","362.7","1992-07-31","97","66",
"USC00456215","OTHELLO 6 ESE, WA US","46.78861","-119.04611","362.7","1992-08-01","100","64",
"USC00456215","OTHELLO 6 ESE, WA US","46.78861","-119.04611","362.7","1992-08-02","95","55",
"USC00456215","OTHELLO 6 ESE, WA US","46.78861","-119.04611","362.7","1992-08-03","92","56",
"USC00456215","OTHELLO 6 ESE, WA US","46.78861","-119.04611","362.7","1992-08-04","92","57",
"USC00456215","OTHELLO 6 ESE, WA US","46.78861","-119.04611","362.7","1992-08-05","88","52",
"USC00456215","OTHELLO 6 ESE, WA US","46.78861","-119.04611","362.7","1992-08-06","82","55",
"USC00456215","OTHELLO 6 ESE, WA US","46.78861","-119.04611","362.7","1992-08-07","76","56",
"USC00456215","OTHELLO 6 ESE, WA US","46.78861","-119.04611","362.7","1992-08-08","83","47",
"USC00456215","OTHELLO 6 ESE, WA US","46.78861","-119.04611","362.7","1992-08-09","79","49",
"USC00456215","OTHELLO 6 ESE, WA US","46.78861","-119.04611","362.7","1992-08-10","80","51",
"USC00456215","OTHELLO 6 ESE, WA US","46.78861","-119.04611","362.7","1992-08-11","90","54",
"USC00456215","OTHELLO 6 ESE, WA US","46.78861","-119.04611","362.7","1992-08-12","98","60",
"USC00456215","OTHELLO 6 ESE, WA US","46.78861","-119.04611","362.7","1992-08-13","96","74",
"USC00456215","OTHELLO 6 ESE, WA US","46.78861","-119.04611","362.7","1992-08-14","101","67",
"USC00456215","OTHELLO 6 ESE, WA US","46.78861","-119.04611","362.7","1992-08-15","95","60",
"USC00456215","OTHELLO 6 ESE, WA US","46.78861","-119.04611","362.7","1992-08-16","96","59",
"USC00456215","OTHELLO 6 ESE, WA US","46.78861","-119.04611","362.7","1992-08-17","102","58",
"USC00456215","OTHELLO 6 ESE, WA US","46.78861","-119.04611","362.7","1992-08-18","98","62",
"USC00456215","OTHELLO 6 ESE, WA US","46.78861","-119.04611","362.7","1992-08-19","98","60",
"USC00456215","OTHELLO 6 ESE, WA US","46.78861","-119.04611","362.7","1992-08-20","90","56",
"USC00456215","OTHELLO 6 ESE, WA US","46.78861","-119.04611","362.7","1992-08-21","90","58",
"USC00456215","OTHELLO 6 ESE, WA US","46.78861","-119.04611","362.7","1992-08-22","82","55",
"USC00456215","OTHELLO 6 ESE, WA US","46.78861","-119.04611","362.7","1992-08-23","68","39",
"USC00456215","OTHELLO 6 ESE, WA US","46.78861","-119.04611","362.7","1992-08-24","69","45",
"USC00456215","OTHELLO 6 ESE, WA US","46.78861","-119.04611","362.7","1992-08-25","73","46",
"USC00456215","OTHELLO 6 ESE, WA US","46.78861","-119.04611","362.7","1992-08-26","75","46",
"USC00456215","OTHELLO 6 ESE, WA US","46.78861","-119.04611","362.7","1992-08-27","84","52",
"USC00456215","OTHELLO 6 ESE, WA US","46.78861","-119.04611","362.7","1992-08-28","84","50",
"USC00456215","OTHELLO 6 ESE, WA US","46.78861","-119.04611","362.7","1992-08-29","81","49",
"USC00456215","OTHELLO 6 ESE, WA US","46.78861","-119.04611","362.7","1992-08-30","80","54",
"USC00456215","OTHELLO 6 ESE, WA US","46.78861","-119.04611","362.7","1992-08-31","80","57",
"USC00456215","OTHELLO 6 ESE, WA US","46.78861","-119.04611","362.7","1992-09-01","82","52",
"USC00456215","OTHELLO 6 ESE, WA US","46.78861","-119.04611","362.7","1992-09-02","84","52",
"USC00456215","OTHELLO 6 ESE, WA US","46.78861","-119.04611","362.7","1992-09-03","80","50",
"USC00456215","OTHELLO 6 ESE, WA US","46.78861","-119.04611","362.7","1992-09-04","83","60",
"USC00456215","OTHELLO 6 ESE, WA US","46.78861","-119.04611","362.7","1992-09-05","74","45",
"USC00456215","OTHELLO 6 ESE, WA US","46.78861","-119.04611","362.7","1992-09-06","68","45",
"USC00456215","OTHELLO 6 ESE, WA US","46.78861","-119.04611","362.7","1992-09-07","67","38",
"USC00456215","OTHELLO 6 ESE, WA US","46.78861","-119.04611","362.7","1992-09-08","68","55",
"USC00456215","OTHELLO 6 ESE, WA US","46.78861","-119.04611","362.7","1992-09-09","77","43",
"USC00456215","OTHELLO 6 ESE, WA US","46.78861","-119.04611","362.7","1992-09-10","78","45",
"USC00456215","OTHELLO 6 ESE, WA US","46.78861","-119.04611","362.7","1992-09-11","82","56",
"USC00456215","OTHELLO 6 ESE, WA US","46.78861","-119.04611","362.7","1992-09-12","79","47",
"USC00456215","OTHELLO 6 ESE, WA US","46.78861","-119.04611","362.7","1992-09-13","71","42",
"USC00456215","OTHELLO 6 ESE, WA US","46.78861","-119.04611","362.7","1992-09-14","67","39",
"USC00456215","OTHELLO 6 ESE, WA US","46.78861","-119.04611","362.7","1992-09-15","59","47",
"USC00456215","OTHELLO 6 ESE, WA US","46.78861","-119.04611","362.7","1992-09-16","56","40",
"USC00456215","OTHELLO 6 ESE, WA US","46.78861","-119.04611","362.7","1992-09-17","62","42",
"USC00456215","OTHELLO 6 ESE, WA US","46.78861","-119.04611","362.7","1992-09-18","70","38",
"USC00456215","OTHELLO 6 ESE, WA US","46.78861","-119.04611","362.7","1992-09-19","73","52",
"USC00456215","OTHELLO 6 ESE, WA US","46.78861","-119.04611","362.7","1992-09-20","78","54",
"USC00456215","OTHELLO 6 ESE, WA US","46.78861","-119.04611","362.7","1992-09-21","81","53",
"USC00456215","OTHELLO 6 ESE, WA US","46.78861","-119.04611","362.7","1992-09-22","82","49",
"USC00456215","OTHELLO 6 ESE, WA US","46.78861","-119.04611","362.7","1992-09-23","84","57",
"USC00456215","OTHELLO 6 ESE, WA US","46.78861","-119.04611","362.7","1992-09-24","78","50",
"USC00456215","OTHELLO 6 ESE, WA US","46.78861","-119.04611","362.7","1992-09-25","64","47",
"USC00456215","OTHELLO 6 ESE, WA US","46.78861","-119.04611","362.7","1992-09-26","69","45",
"USC00456215","OTHELLO 6 ESE, WA US","46.78861","-119.04611","362.7","1992-09-27","77","37",
"USC00456215","OTHELLO 6 ESE, WA US","46.78861","-119.04611","362.7","1992-09-28","71","35",
"USC00456215","OTHELLO 6 ESE, WA US","46.78861","-119.04611","362.7","1992-09-29","71","38",
"USC00456215","OTHELLO 6 ESE, WA US","46.78861","-119.04611","362.7","1992-09-30","76","43",
"USC00456215","OTHELLO 6 ESE, WA US","46.78861","-119.04611","362.7","1992-10-01","86","49",
"USC00456215","OTHELLO 6 ESE, WA US","46.78861","-119.04611","362.7","1992-10-02","82","54",
"USC00456215","OTHELLO 6 ESE, WA US","46.78861","-119.04611","362.7","1992-10-03","72","52",
"USC00456215","OTHELLO 6 ESE, WA US","46.78861","-119.04611","362.7","1992-10-04","69","41",
"USC00456215","OTHELLO 6 ESE, WA US","46.78861","-119.04611","362.7","1992-10-05","67","37",
"USC00456215","OTHELLO 6 ESE, WA US","46.78861","-119.04611","362.7","1992-10-06","67","34",
"USC00456215","OTHELLO 6 ESE, WA US","46.78861","-119.04611","362.7","1992-10-07","62","31",
"USC00456215","OTHELLO 6 ESE, WA US","46.78861","-119.04611","362.7","1992-10-08","59","40",
"USC00456215","OTHELLO 6 ESE, WA US","46.78861","-119.04611","362.7","1992-10-09","64","37",
"USC00456215","OTHELLO 6 ESE, WA US","46.78861","-119.04611","362.7","1992-10-10","65","41",
"USC00456215","OTHELLO 6 ESE, WA US","46.78861","-119.04611","362.7","1992-10-11","72","44",
"USC00456215","OTHELLO 6 ESE, WA US","46.78861","-119.04611","362.7","1992-10-12","76","45",
"USC00456215","OTHELLO 6 ESE, WA US","46.78861","-119.04611","362.7","1992-10-13","71","47",
"USC00456215","OTHELLO 6 ESE, WA US","46.78861","-119.04611","362.7","1992-10-14","61","28",
"USC00456215","OTHELLO 6 ESE, WA US","46.78861","-119.04611","362.7","1992-10-15","57","24",
"USC00456215","OTHELLO 6 ESE, WA US","46.78861","-119.04611","362.7","1992-10-16","52","25",
"USC00456215","OTHELLO 6 ESE, WA US","46.78861","-119.04611","362.7","1992-10-17","50","31",
"USC00456215","OTHELLO 6 ESE, WA US","46.78861","-119.04611","362.7","1992-10-18","58","42",
"USC00456215","OTHELLO 6 ESE, WA US","46.78861","-119.04611","362.7","1992-10-19","58","45",
"USC00456215","OTHELLO 6 ESE, WA US","46.78861","-119.04611","362.7","1992-10-20","71","43",
"USC00456215","OTHELLO 6 ESE, WA US","46.78861","-119.04611","362.7","1992-10-21","69","54",
"USC00456215","OTHELLO 6 ESE, WA US","46.78861","-119.04611","362.7","1992-10-22","66","44",
"USC00456215","OTHELLO 6 ESE, WA US","46.78861","-119.04611","362.7","1992-10-23","70","42",
"USC00456215","OTHELLO 6 ESE, WA US","46.78861","-119.04611","362.7","1992-10-24","68","46",
"USC00456215","OTHELLO 6 ESE, WA US","46.78861","-119.04611","362.7","1992-10-25","68","40",
"USC00456215","OTHELLO 6 ESE, WA US","46.78861","-119.04611","362.7","1992-10-26","72","36",
"USC00456215","OTHELLO 6 ESE, WA US","46.78861","-119.04611","362.7","1992-10-27","66","32",
"USC00456215","OTHELLO 6 ESE, WA US","46.78861","-119.04611","362.7","1992-10-28","64","34",
"USC00456215","OTHELLO 6 ESE, WA US","46.78861","-119.04611","362.7","1992-10-29","44","38",
"USC00456215","OTHELLO 6 ESE, WA US","46.78861","-119.04611","362.7","1992-10-30","50","42",
"USC00456215","OTHELLO 6 ESE, WA US","46.78861","-119.04611","362.7","1992-10-31","56","40",
"USC00456215","OTHELLO 6 ESE, WA US","46.78861","-119.04611","362.7","1992-11-01","57","44",
"USC00456215","OTHELLO 6 ESE, WA US","46.78861","-119.04611","362.7","1992-11-02","56","40",
"USC00456215","OTHELLO 6 ESE, WA US","46.78861","-119.04611","362.7","1992-11-03","57","33",
"USC00456215","OTHELLO 6 ESE, WA US","46.78861","-119.04611","362.7","1992-11-04","54","48",
"USC00456215","OTHELLO 6 ESE, WA US","46.78861","-119.04611","362.7","1992-11-05","49","33",
"USC00456215","OTHELLO 6 ESE, WA US","46.78861","-119.04611","362.7","1992-11-06","44","36",
"USC00456215","OTHELLO 6 ESE, WA US","46.78861","-119.04611","362.7","1992-11-07","47","44",
"USC00456215","OTHELLO 6 ESE, WA US","46.78861","-119.04611","362.7","1992-11-08","58","40",
"USC00456215","OTHELLO 6 ESE, WA US","46.78861","-119.04611","362.7","1992-11-09","52","31",
"USC00456215","OTHELLO 6 ESE, WA US","46.78861","-119.04611","362.7","1992-11-10","48","28",
"USC00456215","OTHELLO 6 ESE, WA US","46.78861","-119.04611","362.7","1992-11-11","46","34",
"USC00456215","OTHELLO 6 ESE, WA US","46.78861","-119.04611","362.7","1992-11-12","42","37",
"USC00456215","OTHELLO 6 ESE, WA US","46.78861","-119.04611","362.7","1992-11-13","43","40",
"USC00456215","OTHELLO 6 ESE, WA US","46.78861","-119.04611","362.7","1992-11-14","44","40",
"USC00456215","OTHELLO 6 ESE, WA US","46.78861","-119.04611","362.7","1992-11-15","44","40",
"USC00456215","OTHELLO 6 ESE, WA US","46.78861","-119.04611","362.7","1992-11-16","44","41",
"USC00456215","OTHELLO 6 ESE, WA US","46.78861","-119.04611","362.7","1992-11-17","45","38",
"USC00456215","OTHELLO 6 ESE, WA US","46.78861","-119.04611","362.7","1992-11-18","44","40",
"USC00456215","OTHELLO 6 ESE, WA US","46.78861","-119.04611","362.7","1992-11-19","49","34",
"USC00456215","OTHELLO 6 ESE, WA US","46.78861","-119.04611","362.7","1992-11-20","50","31",
"USC00456215","OTHELLO 6 ESE, WA US","46.78861","-119.04611","362.7","1992-11-21","50","34",
"USC00456215","OTHELLO 6 ESE, WA US","46.78861","-119.04611","362.7","1992-11-22","44","35",
"USC00456215","OTHELLO 6 ESE, WA US","46.78861","-119.04611","362.7","1992-11-23","44","29",
"USC00456215","OTHELLO 6 ESE, WA US","46.78861","-119.04611","362.7","1992-11-24","39","19",
"USC00456215","OTHELLO 6 ESE, WA US","46.78861","-119.04611","362.7","1992-11-25","33","17",
"USC00456215","OTHELLO 6 ESE, WA US","46.78861","-119.04611","362.7","1992-11-26","28","17",
"USC00456215","OTHELLO 6 ESE, WA US","46.78861","-119.04611","362.7","1992-11-27","28","24",
"USC00456215","OTHELLO 6 ESE, WA US","46.78861","-119.04611","362.7","1992-11-28","31","28",
"USC00456215","OTHELLO 6 ESE, WA US","46.78861","-119.04611","362.7","1992-11-29","33","27",
"USC00456215","OTHELLO 6 ESE, WA US","46.78861","-119.04611","362.7","1992-11-30","31","28",
"USC00456215","OTHELLO 6 ESE, WA US","46.78861","-119.04611","362.7","1992-12-01","46","29",
"USC00456215","OTHELLO 6 ESE, WA US","46.78861","-119.04611","362.7","1992-12-02","40","32",
"USC00456215","OTHELLO 6 ESE, WA US","46.78861","-119.04611","362.7","1992-12-03","41","21",
"USC00456215","OTHELLO 6 ESE, WA US","46.78861","-119.04611","362.7","1992-12-04","36","21",
"USC00456215","OTHELLO 6 ESE, WA US","46.78861","-119.04611","362.7","1992-12-05","28","21",
"USC00456215","OTHELLO 6 ESE, WA US","46.78861","-119.04611","362.7","1992-12-06","24","13",
"USC00456215","OTHELLO 6 ESE, WA US","46.78861","-119.04611","362.7","1992-12-07","32","23",
"USC00456215","OTHELLO 6 ESE, WA US","46.78861","-119.04611","362.7","1992-12-08","28","15",
"USC00456215","OTHELLO 6 ESE, WA US","46.78861","-119.04611","362.7","1992-12-09","31","22",
"USC00456215","OTHELLO 6 ESE, WA US","46.78861","-119.04611","362.7","1992-12-10","40","28",
"USC00456215","OTHELLO 6 ESE, WA US","46.78861","-119.04611","362.7","1992-12-11","38","28",
"USC00456215","OTHELLO 6 ESE, WA US","46.78861","-119.04611","362.7","1992-12-12","35","24",
"USC00456215","OTHELLO 6 ESE, WA US","46.78861","-119.04611","362.7","1992-12-13","37","17",
"USC00456215","OTHELLO 6 ESE, WA US","46.78861","-119.04611","362.7","1992-12-14","32","30",
"USC00456215","OTHELLO 6 ESE, WA US","46.78861","-119.04611","362.7","1992-12-15","38","22",
"USC00456215","OTHELLO 6 ESE, WA US","46.78861","-119.04611","362.7","1992-12-16","36","22",
"USC00456215","OTHELLO 6 ESE, WA US","46.78861","-119.04611","362.7","1992-12-17","36","22",
"USC00456215","OTHELLO 6 ESE, WA US","46.78861","-119.04611","362.7","1992-12-18","35","21",
"USC00456215","OTHELLO 6 ESE, WA US","46.78861","-119.04611","362.7","1992-12-19","27","12",
"USC00456215","OTHELLO 6 ESE, WA US","46.78861","-119.04611","362.7","1992-12-20","24","10",
"USC00456215","OTHELLO 6 ESE, WA US","46.78861","-119.04611","362.7","1992-12-21","40","18",
"USC00456215","OTHELLO 6 ESE, WA US","46.78861","-119.04611","362.7","1992-12-22","32","26",
"USC00456215","OTHELLO 6 ESE, WA US","46.78861","-119.04611","362.7","1992-12-23","40","28",
"USC00456215","OTHELLO 6 ESE, WA US","46.78861","-119.04611","362.7","1992-12-24","41","32",
"USC00456215","OTHELLO 6 ESE, WA US","46.78861","-119.04611","362.7","1992-12-25","47","17",
"USC00456215","OTHELLO 6 ESE, WA US","46.78861","-119.04611","362.7","1992-12-26","32","21",
"USC00456215","OTHELLO 6 ESE, WA US","46.78861","-119.04611","362.7","1992-12-27","36","20",
"USC00456215","OTHELLO 6 ESE, WA US","46.78861","-119.04611","362.7","1992-12-28","31","25",
"USC00456215","OTHELLO 6 ESE, WA US","46.78861","-119.04611","362.7","1992-12-29","29","18",
"USC00456215","OTHELLO 6 ESE, WA US","46.78861","-119.04611","362.7","1992-12-30","26","8",
"USC00456215","OTHELLO 6 ESE, WA US","46.78861","-119.04611","362.7","1992-12-31","26","16",
