"","SPECIES","SITE","ID","SEX","TREAT","FWL","REL_DATE","COND_0","RECAP_DATE","NRECAP","COND","BEH","TIME","NOTEBOOK"
"1","Pontia_occidentalis","Corfu_WA",12,"F","Y",2.6,1991-07-16,"1",197,0,NA,NA,NA,"Corfu.BY.1991_2"
"2","Pontia_occidentalis","Corfu_WA",14,"M","Y",2.6,1991-07-16,"2",197,0,NA,NA,NA,"Corfu.BY.1991_2"
"3","Pontia_occidentalis","Corfu_WA",1,"F","B",2.8,1991-07-16,"2",197,0,NA,NA,NA,"Corfu.BY.1991_2"
"4","Pontia_occidentalis","Corfu_WA",16,"M","Y",2.4,1991-07-16,"2",197,0,NA,NA,NA,"Corfu.BY.1991_2"
"5","Pontia_occidentalis","Corfu_WA",3,"F","B",2.8,1991-07-16,"2",197,0,NA,NA,NA,"Corfu.BY.1991_2"
"6","Pontia_occidentalis","Corfu_WA",2,"F","Y",2.5,1991-07-16,"2",197,0,NA,NA,NA,"Corfu.BY.1991_2"
"7","Pontia_occidentalis","Corfu_WA",5,"M","B",2.3,1991-07-16,"3",197,0,NA,NA,NA,"Corfu.BY.1991_2"
"8","Pontia_occidentalis","Corfu_WA",4,"F","Y",2.7,1991-07-16,"1",197,0,NA,NA,NA,"Corfu.BY.1991_2"
"9","Pontia_occidentalis","Corfu_WA",9,"M","B",2.7,1991-07-16,"2",197,0,NA,NA,NA,"Corfu.BY.1991_2"
"10","Pontia_occidentalis","Corfu_WA",18,"F","Y",2.5,1991-07-16,"1",197,0,NA,NA,NA,"Corfu.BY.1991_2"
"11","Pontia_occidentalis","Corfu_WA",20,"M","Y",2.5,1991-07-16,"3",197,0,NA,NA,NA,"Corfu.BY.1991_2"
"12","Pontia_occidentalis","Corfu_WA",7,"F","B",2.6,1991-07-16,"1",197,0,NA,NA,NA,"Corfu.BY.1991_2"
"13","Pontia_occidentalis","Corfu_WA",6,"M","Y",2.5,1991-07-16,"2",197,0,NA,NA,NA,"Corfu.BY.1991_2"
"14","Pontia_occidentalis","Corfu_WA",11,"F","B",2.6,1991-07-16,"1",197,0,NA,NA,NA,"Corfu.BY.1991_2"
"15","Pontia_occidentalis","Corfu_WA",8,"F","Y",2.3,1991-07-16,"4",197,0,NA,NA,NA,"Corfu.BY.1991_2"
"16","Pontia_occidentalis","Corfu_WA",13,"M","B",2.2,1991-07-16,"1",197,0,NA,NA,NA,"Corfu.BY.1991_2"
"17","Pontia_occidentalis","Corfu_WA",10,"M","Y",2.6,1991-07-16,"4",197,0,NA,NA,NA,"Corfu.BY.1991_2"
"18","Pontia_occidentalis","Corfu_WA",15,"M","B",2.2,1991-07-16,"3",197,0,NA,NA,NA,"Corfu.BY.1991_2"
"19","Pontia_occidentalis","Corfu_WA",22,"F","Y",2.7,1991-07-16,"1",197,0,NA,NA,NA,"Corfu.BY.1991_2"
"20","Pontia_occidentalis","Corfu_WA",17,"F","B",2.7,1991-07-16,"2",197,0,NA,NA,NA,"Corfu.BY.1991_2"
"21","Pontia_occidentalis","Corfu_WA",24,"M","Y",2.6,1991-07-16,"1",197,0,NA,NA,NA,"Corfu.BY.1991_2"
"22","Pontia_occidentalis","Corfu_WA",19,"M","B",2.3,1991-07-16,"1",197,0,NA,NA,NA,"Corfu.BY.1991_2"
"23","Pontia_occidentalis","Corfu_WA",21,"F","B",2.5,1991-07-16,"1",197,0,NA,NA,NA,"Corfu.BY.1991_2"
"24","Pontia_occidentalis","Corfu_WA",23,"F","B",2.7,1991-07-16,"1",197,0,NA,NA,NA,"Corfu.BY.1991_2"
"25","Pontia_occidentalis","Corfu_WA",52,"M","Y",2.3,1991-07-17,"4",198,0,NA,NA,NA,"Corfu.BY.1991_2"
"26","Pontia_occidentalis","Corfu_WA",71,"F","B",2.6,1991-07-17,"2",198,0,NA,NA,NA,"Corfu.BY.1991_2"
"27","Pontia_occidentalis","Corfu_WA",36,"M","Y",2.4,1991-07-17,"3",198,0,NA,NA,NA,"Corfu.BY.1991_2"
"28","Pontia_occidentalis","Corfu_WA",41,"M","B",2.6,1991-07-17,"3",198,0,NA,NA,NA,"Corfu.BY.1991_2"
"29","Pontia_occidentalis","Corfu_WA",50,"M","Y",2.8,1991-07-17,"3",198,0,NA,NA,NA,"Corfu.BY.1991_2"
"30","Pontia_occidentalis","Corfu_WA",35,"F","B",2.5,1991-07-17,"3",198,0,NA,NA,NA,"Corfu.BY.1991_2"
"31","Pontia_occidentalis","Corfu_WA",82,"F","Y",2.4,1991-07-17,"4",198,0,NA,NA,NA,"Corfu.BY.1991_2"
"32","Pontia_occidentalis","Corfu_WA",96,"M","Y",2.4,1991-07-17,"4",198,0,NA,NA,NA,"Corfu.BY.1991_2"
"33","Pontia_occidentalis","Corfu_WA",31,"F","B",2.6,1991-07-17,"2",198,0,NA,NA,NA,"Corfu.BY.1991_2"
"34","Pontia_occidentalis","Corfu_WA",68,"F","Y",2.5,1991-07-17,"3",198,0,NA,NA,NA,"Corfu.BY.1991_2"
"35","Pontia_occidentalis","Corfu_WA",70,"M","Y",2.4,1991-07-17,"3",198,0,NA,NA,NA,"Corfu.BY.1991_2"
"36","Pontia_occidentalis","Corfu_WA",94,"F","Y",2.4,1991-07-17,"3",198,0,NA,NA,NA,"Corfu.BY.1991_2"
"37","Pontia_occidentalis","Corfu_WA",110,"M","Y",2.4,1991-07-17,"2",198,0,NA,NA,NA,"Corfu.BY.1991_2"
"38","Pontia_occidentalis","Corfu_WA",72,"F","not released",NA,1991-07-17,"",198,0,NA,NA,NA,"Corfu.BY.1991_2"
"39","Pontia_occidentalis","Corfu_WA",60,"M","Y",2.2,1991-07-17,"4",198,0,NA,NA,NA,"Corfu.BY.1991_2"
"40","Pontia_occidentalis","Corfu_WA",57,"M","B",2.7,1991-07-17,"2",198,0,NA,NA,NA,"Corfu.BY.1991_2"
"41","Pontia_occidentalis","Corfu_WA",56,"M","Y",2.5,1991-07-17,"4",198,0,NA,NA,NA,"Corfu.BY.1991_2"
"42","Pontia_occidentalis","Corfu_WA",86,"M","Y",2.3,1991-07-17,"1",198,0,NA,NA,NA,"Corfu.BY.1991_2"
"43","Pontia_occidentalis","Corfu_WA",66,"M","Y",2.6,1991-07-17,"1",198,0,NA,NA,NA,"Corfu.BY.1991_2"
"44","Pontia_occidentalis","Corfu_WA",91,"M","B",2.5,1991-07-17,"2",198,0,NA,NA,NA,"Corfu.BY.1991_2"
"45","Pontia_occidentalis","Corfu_WA",42,"M","Y",1.8,1991-07-17,"4",198,0,NA,NA,NA,"Corfu.BY.1991_2"
"46","Pontia_occidentalis","Corfu_WA",99,"F","B",2.1,1991-07-17,"2",198,0,NA,NA,NA,"Corfu.BY.1991_2"
"47","Pontia_occidentalis","Corfu_WA",88,"F","Y",2.7,1991-07-17,"3",198,0,NA,NA,NA,"Corfu.BY.1991_2"
"48","Pontia_occidentalis","Corfu_WA",48,"F","Y",2.6,1991-07-17,"3",198,0,NA,NA,NA,"Corfu.BY.1991_2"
"49","Pontia_occidentalis","Corfu_WA",97,"M","B",2.7,1991-07-17,"3",198,0,NA,NA,NA,"Corfu.BY.1991_2"
"50","Pontia_occidentalis","Corfu_WA",132,"F","Y",2.7,1991-07-17,"3",198,0,NA,NA,NA,"Corfu.BY.1991_2"
"51","Pontia_occidentalis","Corfu_WA",67,"M","B",2.5,1991-07-17,"2",198,0,NA,NA,NA,"Corfu.BY.1991_2"
"52","Pontia_occidentalis","Corfu_WA",136,"F","Y",2.4,1991-07-17,"1",198,0,NA,NA,NA,"Corfu.BY.1991_2"
"53","Pontia_occidentalis","Corfu_WA",76,"F","Y",2.6,1991-07-17,"3",198,0,NA,NA,NA,"Corfu.BY.1991_2"
"54","Pontia_occidentalis","Corfu_WA",93,"F","B",2.7,1991-07-17,"3",198,0,NA,NA,NA,"Corfu.BY.1991_2"
"55","Pontia_occidentalis","Corfu_WA",104,"F","Y",2.6,1991-07-17,"4",198,0,NA,NA,NA,"Corfu.BY.1991_2"
"56","Pontia_occidentalis","Corfu_WA",106,"M","Y",2.6,1991-07-17,"4",198,0,NA,NA,NA,"Corfu.BY.1991_2"
"57","Pontia_occidentalis","Corfu_WA",61,"M","B",2.6,1991-07-17,"4",198,0,NA,NA,NA,"Corfu.BY.1991_2"
"58","Pontia_occidentalis","Corfu_WA",138,"F","Y",2.8,1991-07-17,"1",198,0,NA,NA,NA,"Corfu.BY.1991_2"
"59","Pontia_occidentalis","Corfu_WA",64,"M","Y",2.4,1991-07-17,"3B",198,0,NA,NA,NA,"Corfu.BY.1991_2"
"60","Pontia_occidentalis","Corfu_WA",59,"M","B",2.3,1991-07-17,"3",198,0,NA,NA,NA,"Corfu.BY.1991_2"
"61","Pontia_occidentalis","Corfu_WA",118,"M","Y",2.3,1991-07-17,"2",198,0,NA,NA,NA,"Corfu.BY.1991_2"
"62","Pontia_occidentalis","Corfu_WA",62,"M","Y",2.3,1991-07-17,"1",198,0,NA,NA,NA,"Corfu.BY.1991_2"
"63","Pontia_occidentalis","Corfu_WA",33,"M","B",2.4,1991-07-17,"2",198,0,NA,NA,NA,"Corfu.BY.1991_2"
"64","Pontia_occidentalis","Corfu_WA",10060,"M","Y",2.3,1991-07-17,"2",198,0,NA,NA,NA,"Corfu.BY.1991_2"
"65","Pontia_occidentalis","Corfu_WA",90,"F","Y",2.3,1991-07-17,"2",198,0,NA,NA,NA,"Corfu.BY.1991_2"
"66","Pontia_occidentalis","Corfu_WA",47,"M","B",2.7,1991-07-17,"3",198,0,NA,NA,NA,"Corfu.BY.1991_2"
"67","Pontia_occidentalis","Corfu_WA",54,"F","Y",2.6,1991-07-17,"3",198,0,NA,NA,NA,"Corfu.BY.1991_2"
"68","Pontia_occidentalis","Corfu_WA",37,"F","B",2.4,1991-07-17,"3",198,0,NA,NA,NA,"Corfu.BY.1991_2"
"69","Pontia_occidentalis","Corfu_WA",38,"M","Y",2.4,1991-07-17,"4",198,0,NA,NA,NA,"Corfu.BY.1991_2"
"70","Pontia_occidentalis","Corfu_WA",63,"F","B",2.6,1991-07-17,"4",198,0,NA,NA,NA,"Corfu.BY.1991_2"
"71","Pontia_occidentalis","Corfu_WA",130,"M","Y",2.4,1991-07-17,"3",198,0,NA,NA,NA,"Corfu.BY.1991_2"
"72","Pontia_occidentalis","Corfu_WA",30,"F","Y",2.3,1991-07-17,"3",198,0,NA,NA,NA,"Corfu.BY.1991_2"
"73","Pontia_occidentalis","Corfu_WA",49,"M","B",2.5,1991-07-17,"2",198,0,NA,NA,NA,"Corfu.BY.1991_2"
"74","Pontia_occidentalis","Corfu_WA",126,"M","Y",2.4,1991-07-17,"2",198,0,NA,NA,NA,"Corfu.BY.1991_2"
"75","Pontia_occidentalis","Corfu_WA",129,"M","B",2.4,1991-07-17,"2",198,0,NA,NA,NA,"Corfu.BY.1991_2"
"76","Pontia_occidentalis","Corfu_WA",98,"M","Y",2.6,1991-07-17,"3",198,0,NA,NA,NA,"Corfu.BY.1991_2"
"77","Pontia_occidentalis","Corfu_WA",134,"F","Y",2.3,1991-07-17,"2",198,0,NA,NA,NA,"Corfu.BY.1991_2"
"78","Pontia_occidentalis","Corfu_WA",143,"F","B",2.7,1991-07-17,"4",198,0,NA,NA,NA,"Corfu.BY.1991_2"
"79","Pontia_occidentalis","Corfu_WA",80,"F","Y",2.4,1991-07-17,"4",198,0,NA,NA,NA,"Corfu.BY.1991_2"
"80","Pontia_occidentalis","Corfu_WA",119,"M","B",2.6,1991-07-17,"4",198,0,NA,NA,NA,"Corfu.BY.1991_2"
"81","Pontia_occidentalis","Corfu_WA",102,"M","Y",2.4,1991-07-17,"4",198,0,NA,NA,NA,"Corfu.BY.1991_2"
"82","Pontia_occidentalis","Corfu_WA",107,"F","B",2.3,1991-07-17,"2",198,0,NA,NA,NA,"Corfu.BY.1991_2"
"83","Pontia_occidentalis","Corfu_WA",34,"M","Y",2.5,1991-07-17,"3",198,0,NA,NA,NA,"Corfu.BY.1991_2"
"84","Pontia_occidentalis","Corfu_WA",32,"M","Y",2.6,1991-07-17,"2",198,0,NA,NA,NA,"Corfu.BY.1991_2"
"85","Pontia_occidentalis","Corfu_WA",109,"F","B",2.5,1991-07-17,"3B",198,0,NA,NA,NA,"Corfu.BY.1991_2"
"86","Pontia_occidentalis","Corfu_WA",122,"M","Y",2.4,1991-07-17,"3",198,0,NA,NA,NA,"Corfu.BY.1991_2"
"87","Pontia_occidentalis","Corfu_WA",100,"M","Y",2.4,1991-07-17,"4",198,0,NA,NA,NA,"Corfu.BY.1991_2"
"88","Pontia_occidentalis","Corfu_WA",115,"M","B",2.6,1991-07-17,"4",198,0,NA,NA,NA,"Corfu.BY.1991_2"
"89","Pontia_occidentalis","Corfu_WA",84,"M","Y",2.4,1991-07-17,"4",198,0,NA,NA,NA,"Corfu.BY.1991_2"
"90","Pontia_occidentalis","Corfu_WA",120,"M","Y",2.5,1991-07-17,"3",198,0,NA,NA,NA,"Corfu.BY.1991_2"
"91","Pontia_occidentalis","Corfu_WA",114,"F","B",2.4,1991-07-17,"4",198,0,NA,NA,NA,"Corfu.BY.1991_2"
"92","Pontia_occidentalis","Corfu_WA",112,"M","Y",2.5,1991-07-17,"2",198,0,NA,NA,NA,"Corfu.BY.1991_2"
"93","Pontia_occidentalis","Corfu_WA",131,"F","B",2.5,1991-07-17,"3",198,0,NA,NA,NA,"Corfu.BY.1991_2"
"94","Pontia_occidentalis","Corfu_WA",108,"M","Y",2.4,1991-07-17,"2",198,0,NA,NA,NA,"Corfu.BY.1991_2"
"95","Pontia_occidentalis","Corfu_WA",121,"M","B",2.2,1991-07-17,"2",198,0,NA,NA,NA,"Corfu.BY.1991_2"
"96","Pontia_occidentalis","Corfu_WA",28,"M","Y",2.5,1991-07-17,"3",198,0,NA,NA,NA,"Corfu.BY.1991_2"
"97","Pontia_occidentalis","Corfu_WA",124,"F","Y",2.6,1991-07-17,"3",198,0,NA,NA,NA,"Corfu.BY.1991_2"
"98","Pontia_occidentalis","Corfu_WA",133,"F","B",2.7,1991-07-17,"1",198,0,NA,NA,NA,"Corfu.BY.1991_2"
"99","Pontia_occidentalis","Corfu_WA",26,"F","Y",2.6,1991-07-17,"2",198,0,NA,NA,NA,"Corfu.BY.1991_2"
"100","Pontia_occidentalis","Corfu_WA",128,"F","Y",2.7,1991-07-17,"3",198,0,NA,NA,NA,"Corfu.BY.1991_2"
"101","Pontia_occidentalis","Corfu_WA",125,"F","B",2.7,1991-07-17,"2B",198,0,NA,NA,NA,"Corfu.BY.1991_2"
"102","Pontia_occidentalis","Corfu_WA",78,"F","Y",2.3,1991-07-17,"2",198,0,NA,NA,NA,"Corfu.BY.1991_2"
"103","Pontia_occidentalis","Corfu_WA",46,"F","Y",2.4,1991-07-17,"3",198,0,NA,NA,NA,"Corfu.BY.1991_2"
"104","Pontia_occidentalis","Corfu_WA",137,"F","B",2.6,1991-07-17,"3",198,0,NA,NA,NA,"Corfu.BY.1991_2"
"105","Pontia_occidentalis","Corfu_WA",10114,"M","Y",2.4,1991-07-17,"1",198,0,NA,NA,NA,"Corfu.BY.1991_2"
"106","Pontia_occidentalis","Corfu_WA",127,"F","B",2.4,1991-07-17,"3",198,0,NA,NA,NA,"Corfu.BY.1991_2"
"107","Pontia_occidentalis","Corfu_WA",44,"F","Y",2.6,1991-07-17,"3",198,0,NA,NA,NA,"Corfu.BY.1991_2"
"108","Pontia_occidentalis","Corfu_WA",123,"F","B",2.3,1991-07-17,"2",198,0,NA,NA,NA,"Corfu.BY.1991_2"
"109","Pontia_occidentalis","Corfu_WA",144,"F","Y",2.6,1991-07-17,"4",198,0,NA,NA,NA,"Corfu.BY.1991_2"
"110","Pontia_occidentalis","Corfu_WA",142,"M","Y",2.6,1991-07-17,"4",198,0,NA,NA,NA,"Corfu.BY.1991_2"
"111","Pontia_occidentalis","Corfu_WA",139,"F","B",2.7,1991-07-17,"2B",198,0,NA,NA,NA,"Corfu.BY.1991_2"
"112","Pontia_occidentalis","Corfu_WA",58,"F","not manipulated",NA,1991-07-17,"",198,0,NA,NA,NA,"Corfu.BY.1991_2"
"113","Pontia_occidentalis","Corfu_WA",135,"M","B",2.4,1991-07-17,"2",198,0,NA,NA,NA,"Corfu.BY.1991_2"
"114","Pontia_occidentalis","Corfu_WA",92,"M","Y",2.5,1991-07-17,"4",198,0,NA,NA,NA,"Corfu.BY.1991_2"
"115","Pontia_occidentalis","Corfu_WA",116,"M","Y",2.5,1991-07-17,"1",198,0,NA,NA,NA,"Corfu.BY.1991_2"
"116","Pontia_occidentalis","Corfu_WA",79,"M","B",2.5,1991-07-17,"4",198,0,NA,NA,NA,"Corfu.BY.1991_2"
"117","Pontia_occidentalis","Corfu_WA",51,"M","B",2.5,1991-07-17,"2",198,0,NA,NA,NA,"Corfu.BY.1991_2"
"118","Pontia_occidentalis","Corfu_WA",55,"M","B",2.5,1991-07-17,"4",198,0,NA,NA,NA,"Corfu.BY.1991_2"
"119","Pontia_occidentalis","Corfu_WA",10059,"M","B",2.6,1991-07-17,"1",198,0,NA,NA,NA,"Corfu.BY.1991_2"
"120","Pontia_occidentalis","Corfu_WA",39,"F","B",2.6,1991-07-17,"3",198,0,NA,NA,NA,"Corfu.BY.1991_2"
"121","Pontia_occidentalis","Corfu_WA",69,"M","B",2.5,1991-07-17,"2",198,0,NA,NA,NA,"Corfu.BY.1991_2"
"122","Pontia_occidentalis","Corfu_WA",53,"M","B",2.6,1991-07-17,"3",198,0,NA,NA,NA,"Corfu.BY.1991_2"
"123","Pontia_occidentalis","Corfu_WA",25,"M","B",2.4,1991-07-17,"2",198,0,NA,NA,NA,"Corfu.BY.1991_2"
"124","Pontia_occidentalis","Corfu_WA",77,"M","B",2.3,1991-07-17,"3",198,0,NA,NA,NA,"Corfu.BY.1991_2"
"125","Pontia_occidentalis","Corfu_WA",73,"M","B",2.2,1991-07-17,"3",198,0,NA,NA,NA,"Corfu.BY.1991_2"
"126","Pontia_occidentalis","Corfu_WA",27,"M","B",2.6,1991-07-17,"3",198,0,NA,NA,NA,"Corfu.BY.1991_2"
"127","Pontia_occidentalis","Corfu_WA",87,"F","B",2.4,1991-07-17,"4",198,0,NA,NA,NA,"Corfu.BY.1991_2"
"128","Pontia_occidentalis","Corfu_WA",117,"M","B",2.6,1991-07-17,"1",198,0,NA,NA,NA,"Corfu.BY.1991_2"
"129","Pontia_occidentalis","Corfu_WA",65,"M","B",2.7,1991-07-17,"3",198,0,NA,NA,NA,"Corfu.BY.1991_2"
"130","Pontia_occidentalis","Corfu_WA",85,"M","B",2.4,1991-07-17,"2",198,0,NA,NA,NA,"Corfu.BY.1991_2"
"131","Pontia_occidentalis","Corfu_WA",111,"M","B",2.6,1991-07-17,"3",198,0,NA,NA,NA,"Corfu.BY.1991_2"
"132","Pontia_occidentalis","Corfu_WA",29,"M","B",2.4,1991-07-17,"1",198,0,NA,NA,NA,"Corfu.BY.1991_2"
"133","Pontia_occidentalis","Corfu_WA",113,"F","B",2.6,1991-07-17,"3B",198,0,NA,NA,NA,"Corfu.BY.1991_2"
"134","Pontia_occidentalis","Corfu_WA",43,"M","B",2.3,1991-07-17,"3",198,0,NA,NA,NA,"Corfu.BY.1991_2"
"135","Pontia_occidentalis","Corfu_WA",45,"M","B",2.4,1991-07-17,"1",198,0,NA,NA,NA,"Corfu.BY.1991_2"
"136","Pontia_occidentalis","Corfu_WA",81,"M","B",2.6,1991-07-17,"1",198,0,NA,NA,NA,"Corfu.BY.1991_2"
"137","Pontia_occidentalis","Corfu_WA",103,"F","B",2.5,1991-07-17,"2",198,0,NA,NA,NA,"Corfu.BY.1991_2"
"138","Pontia_occidentalis","Corfu_WA",83,"M","B",2.1,1991-07-17,"1",198,0,NA,NA,NA,"Corfu.BY.1991_2"
"139","Pontia_occidentalis","Corfu_WA",75,"M","B",2.5,1991-07-17,"4",198,0,NA,NA,NA,"Corfu.BY.1991_2"
"140","Pontia_occidentalis","Corfu_WA",89,"M","B",2.3,1991-07-17,"1",198,0,NA,NA,NA,"Corfu.BY.1991_2"
"141","Pontia_occidentalis","Corfu_WA",101,"F","B",2.3,1991-07-17,"3",198,0,NA,NA,NA,"Corfu.BY.1991_2"
"142","Pontia_occidentalis","Corfu_WA",105,"M","B",2.5,1991-07-17,"2",198,0,NA,NA,NA,"Corfu.BY.1991_2"
"143","Pontia_occidentalis","Corfu_WA",163,"F","B",2.4,1991-07-18,"4",199,0,NA,NA,NA,"Corfu.BY.1991_2"
"144","Pontia_occidentalis","Corfu_WA",206,"F","Y",2.5,1991-07-18,"4",199,0,NA,NA,NA,"Corfu.BY.1991_2"
"145","Pontia_occidentalis","Corfu_WA",178,"M","Y",2.7,1991-07-18,"1",199,0,NA,NA,NA,"Corfu.BY.1991_2"
"146","Pontia_occidentalis","Corfu_WA",159,"F","B",2.5,1991-07-18,"2",199,0,NA,NA,NA,"Corfu.BY.1991_2"
"147","Pontia_occidentalis","Corfu_WA",182,"M","Y",2.5,1991-07-18,"3",199,0,NA,NA,NA,"Corfu.BY.1991_2"
"148","Pontia_occidentalis","Corfu_WA",149,"F","B",2.6,1991-07-18,"1",199,0,NA,NA,NA,"Corfu.BY.1991_2"
"149","Pontia_occidentalis","Corfu_WA",174,"F","Y",2.6,1991-07-18,"2",199,0,NA,NA,NA,"Corfu.BY.1991_2"
"150","Pontia_occidentalis","Corfu_WA",155,"M","B",2.3,1991-07-18,"4",199,0,NA,NA,NA,"Corfu.BY.1991_2"
"151","Pontia_occidentalis","Corfu_WA",10136,"M","Y",2.6,1991-07-18,"3",199,0,NA,NA,NA,"Corfu.BY.1991_2"
"152","Pontia_occidentalis","Corfu_WA",151,"F","B",2.4,1991-07-18,"2",199,0,NA,NA,NA,"Corfu.BY.1991_2"
"153","Pontia_occidentalis","Corfu_WA",10206,"M","Y",2.6,1991-07-18,"4",199,0,NA,NA,NA,"Corfu.BY.1991_2"
"154","Pontia_occidentalis","Corfu_WA",213,"F","B",2.7,1991-07-18,"2",199,0,NA,NA,NA,"Corfu.BY.1991_2"
"155","Pontia_occidentalis","Corfu_WA",196,"M","Y",2.5,1991-07-18,"3",199,0,NA,NA,NA,"Corfu.BY.1991_2"
"156","Pontia_occidentalis","Corfu_WA",205,"F","B",2.4,1991-07-18,"2",199,0,NA,NA,NA,"Corfu.BY.1991_2"
"157","Pontia_occidentalis","Corfu_WA",194,"M","Y",2.5,1991-07-18,"1",199,0,NA,NA,NA,"Corfu.BY.1991_2"
"158","Pontia_occidentalis","Corfu_WA",185,"M","B",2.4,1991-07-18,"1",199,0,NA,NA,NA,"Corfu.BY.1991_2"
"159","Pontia_occidentalis","Corfu_WA",192,"M","Y",2.2,1991-07-18,"2",199,0,NA,NA,NA,"Corfu.BY.1991_2"
"160","Pontia_occidentalis","Corfu_WA",201,"M","B",2.5,1991-07-18,"3",199,0,NA,NA,NA,"Corfu.BY.1991_2"
"161","Pontia_occidentalis","Corfu_WA",180,"F","Y",2.5,1991-07-18,"2",199,0,NA,NA,NA,"Corfu.BY.1991_2"
"162","Pontia_occidentalis","Corfu_WA",211,"F","B",2.2,1991-07-18,"3",199,0,NA,NA,NA,"Corfu.BY.1991_2"
"163","Pontia_occidentalis","Corfu_WA",202,"M","Y",2.5,1991-07-18,"2",199,0,NA,NA,NA,"Corfu.BY.1991_2"
"164","Pontia_occidentalis","Corfu_WA",199,"M","B",2.6,1991-07-18,"3",199,0,NA,NA,NA,"Corfu.BY.1991_2"
"165","Pontia_occidentalis","Corfu_WA",170,"M","Y",2.5,1991-07-18,"1",199,0,NA,NA,NA,"Corfu.BY.1991_2"
"166","Pontia_occidentalis","Corfu_WA",186,"F","Y",2.6,1991-07-18,"3",199,0,NA,NA,NA,"Corfu.BY.1991_2"
"167","Pontia_occidentalis","Corfu_WA",169,"M","B",2.6,1991-07-18,"2",199,0,NA,NA,NA,"Corfu.BY.1991_2"
"168","Pontia_occidentalis","Corfu_WA",212,"F","Y",2.6,1991-07-18,"3",199,0,NA,NA,NA,"Corfu.BY.1991_2"
"169","Pontia_occidentalis","Corfu_WA",181,"M","B",2,1991-07-18,"2",199,0,NA,NA,NA,"Corfu.BY.1991_2"
"170","Pontia_occidentalis","Corfu_WA",184,"M","Y",2.5,1991-07-18,"1",199,0,NA,NA,NA,"Corfu.BY.1991_2"
"171","Pontia_occidentalis","Corfu_WA",165,"F","B",2.5,1991-07-18,"1",199,0,NA,NA,NA,"Corfu.BY.1991_2"
"172","Pontia_occidentalis","Corfu_WA",166,"M","Y",2.6,1991-07-18,"1",199,0,NA,NA,NA,"Corfu.BY.1991_2"
"173","Pontia_occidentalis","Corfu_WA",195,"F","B",2.6,1991-07-18,"1",199,0,NA,NA,NA,"Corfu.BY.1991_2"
"174","Pontia_occidentalis","Corfu_WA",164,"M","Y",2.7,1991-07-18,"1",199,0,NA,NA,NA,"Corfu.BY.1991_2"
"175","Pontia_occidentalis","Corfu_WA",197,"M","B",2.5,1991-07-18,"1",199,0,NA,NA,NA,"Corfu.BY.1991_2"
"176","Pontia_occidentalis","Corfu_WA",188,"M","Y",2.4,1991-07-18,"1",199,0,NA,NA,NA,"Corfu.BY.1991_2"
"177","Pontia_occidentalis","Corfu_WA",189,"F","B",2.7,1991-07-18,"1",199,0,NA,NA,NA,"Corfu.BY.1991_2"
"178","Pontia_occidentalis","Corfu_WA",172,"M","Y",2.4,1991-07-18,"3",199,0,NA,NA,NA,"Corfu.BY.1991_2"
"179","Pontia_occidentalis","Corfu_WA",153,"F","B",2.8,1991-07-18,"1",199,0,NA,NA,NA,"Corfu.BY.1991_2"
"180","Pontia_occidentalis","Corfu_WA",146,"M","Y",2.8,1991-07-18,"2",199,0,NA,NA,NA,"Corfu.BY.1991_2"
"181","Pontia_occidentalis","Corfu_WA",157,"M","B",2.7,1991-07-18,"1",199,0,NA,NA,NA,"Corfu.BY.1991_2"
"182","Pontia_occidentalis","Corfu_WA",190,"M","Y",2.5,1991-07-18,"4",199,0,NA,NA,NA,"Corfu.BY.1991_2"
"183","Pontia_occidentalis","Corfu_WA",193,"F","B",2.5,1991-07-18,"3",199,0,NA,NA,NA,"Corfu.BY.1991_2"
"184","Pontia_occidentalis","Corfu_WA",176,"F","Y",2.6,1991-07-18,"1",199,0,NA,NA,NA,"Corfu.BY.1991_2"
"185","Pontia_occidentalis","Corfu_WA",161,"F","B",2.5,1991-07-18,"1",199,0,NA,NA,NA,"Corfu.BY.1991_2"
"186","Pontia_occidentalis","Corfu_WA",210,"F","Y",2.7,1991-07-18,"4",199,0,NA,NA,NA,"Corfu.BY.1991_2"
"187","Pontia_occidentalis","Corfu_WA",171,"F","B",2.3,1991-07-18,"1",199,0,NA,NA,NA,"Corfu.BY.1991_2"
"188","Pontia_occidentalis","Corfu_WA",150,"F","Y",2.6,1991-07-18,"3",199,0,NA,NA,NA,"Corfu.BY.1991_2"
"189","Pontia_occidentalis","Corfu_WA",175,"M","B",2.8,1991-07-18,"4",199,0,NA,NA,NA,"Corfu.BY.1991_2"
"190","Pontia_occidentalis","Corfu_WA",152,"F","Y",2.4,1991-07-18,"1",199,0,NA,NA,NA,"Corfu.BY.1991_2"
"191","Pontia_occidentalis","Corfu_WA",207,"M","B",2.2,1991-07-18,"2",199,0,NA,NA,NA,"Corfu.BY.1991_2"
"192","Pontia_occidentalis","Corfu_WA",208,"F","Y",2.7,1991-07-18,"1",199,0,NA,NA,NA,"Corfu.BY.1991_2"
"193","Pontia_occidentalis","Corfu_WA",173,"F","B",2.5,1991-07-18,"2",199,0,NA,NA,NA,"Corfu.BY.1991_2"
"194","Pontia_occidentalis","Corfu_WA",154,"F","Y",2.5,1991-07-18,"3",199,0,NA,NA,NA,"Corfu.BY.1991_2"
"195","Pontia_occidentalis","Corfu_WA",187,"M","B",2.5,1991-07-18,"2",199,0,NA,NA,NA,"Corfu.BY.1991_2"
"196","Pontia_occidentalis","Corfu_WA",10188,"F","Y",2.6,1991-07-18,"3",199,0,NA,NA,NA,"Corfu.BY.1991_2"
"197","Pontia_occidentalis","Corfu_WA",167,"M","B",2.3,1991-07-18,"2",199,0,NA,NA,NA,"Corfu.BY.1991_2"
"198","Pontia_occidentalis","Corfu_WA",198,"M","Y",2.7,1991-07-18,"1",199,0,NA,NA,NA,"Corfu.BY.1991_2"
"199","Pontia_occidentalis","Corfu_WA",215,"M","B",2.6,1991-07-18,"3",199,0,NA,NA,NA,"Corfu.BY.1991_2"
"200","Pontia_occidentalis","Corfu_WA",160,"M","Y",2.3,1991-07-18,"2",199,0,NA,NA,NA,"Corfu.BY.1991_2"
"201","Pontia_occidentalis","Corfu_WA",147,"F","B",2.4,1991-07-18,"1",199,0,NA,NA,NA,"Corfu.BY.1991_2"
"202","Pontia_occidentalis","Corfu_WA",214,"F","Y",2.5,1991-07-18,"2",199,0,NA,NA,NA,"Corfu.BY.1991_2"
"203","Pontia_occidentalis","Corfu_WA",177,"M","B",2.6,1991-07-18,"2",199,0,NA,NA,NA,"Corfu.BY.1991_2"
"204","Pontia_occidentalis","Corfu_WA",156,"F","Y",2.6,1991-07-18,"2",199,0,NA,NA,NA,"Corfu.BY.1991_2"
"205","Pontia_occidentalis","Corfu_WA",204,"M","Y",2.3,1991-07-18,"2",199,0,NA,NA,NA,"Corfu.BY.1991_2"
"206","Pontia_occidentalis","Corfu_WA",145,"F","B",2.7,1991-07-18,"3",199,0,NA,NA,NA,"Corfu.BY.1991_2"
"207","Pontia_occidentalis","Corfu_WA",162,"M","Y",2.3,1991-07-18,"1",199,0,NA,NA,NA,"Corfu.BY.1991_2"
"208","Pontia_occidentalis","Corfu_WA",191,"F","B",2.5,1991-07-18,"1",199,0,NA,NA,NA,"Corfu.BY.1991_2"
"209","Pontia_occidentalis","Corfu_WA",2,"F","Y",2.5,1991-07-16,"2",198,1,"3","O","AM","Corfu.BY.1991_2"
"210","Pontia_occidentalis","Corfu_WA",2,"F","Y",2.5,1991-07-16,"2",198,2,"2","N","PM","Corfu.BY.1991_2"
"211","Pontia_occidentalis","Corfu_WA",2,"F","Y",2.5,1991-07-16,"2",199,3,"3","B","PM","Corfu.BY.1991_2"
"212","Pontia_occidentalis","Corfu_WA",2,"F","Y",2.5,1991-07-16,"2",199,4,"4","O","PM","Corfu.BY.1991_2"
"213","Pontia_occidentalis","Corfu_WA",3,"F","B",2.8,1991-07-16,"2",198,1,"3","F","AM","Corfu.BY.1991_2"
"214","Pontia_occidentalis","Corfu_WA",3,"F","B",2.8,1991-07-16,"2",200,2,"4","N","AM","Corfu.BY.1991_2"
"215","Pontia_occidentalis","Corfu_WA",4,"F","Y",2.7,1991-07-16,"1",198,1,"1","O","AM","Corfu.BY.1991_2"
"216","Pontia_occidentalis","Corfu_WA",6,"M","Y",2.5,1991-07-16,"2",198,1,"2","M","PM","Corfu.BY.1991_2"
"217","Pontia_occidentalis","Corfu_WA",7,"F","B",2.6,1991-07-16,"1",198,1,"1","F","AM","Corfu.BY.1991_2"
"218","Pontia_occidentalis","Corfu_WA",7,"F","B",2.6,1991-07-16,"1",198,2,"2","O","AM","Corfu.BY.1991_2"
"219","Pontia_occidentalis","Corfu_WA",9,"M","B",2.7,1991-07-16,"2",198,1,"2","M","AM","Corfu.BY.1991_2"
"220","Pontia_occidentalis","Corfu_WA",9,"M","B",2.7,1991-07-16,"2",198,2,"3","B","AM","Corfu.BY.1991_2"
"221","Pontia_occidentalis","Corfu_WA",9,"M","B",2.7,1991-07-16,"2",198,3,"3","F","PM","Corfu.BY.1991_2"
"222","Pontia_occidentalis","Corfu_WA",10,"M","Y",2.6,1991-07-16,"4",199,1,"2","LB","PM","Corfu.BY.1991_2"
"223","Pontia_occidentalis","Corfu_WA",12,"F","B",2.6,1991-07-16,"1",198,1,"2","O","PM","Corfu.BY.1991_2"
"224","Pontia_occidentalis","Corfu_WA",12,"F","Y",2.6,1991-07-16,"1",200,2,"4","O","AM","Corfu.BY.1991_2"
"225","Pontia_occidentalis","Corfu_WA",13,"M","B",2.2,1991-07-16,"1",198,1,"3","F","AM","Corfu.BY.1991_2"
"226","Pontia_occidentalis","Corfu_WA",14,"M","Y",2.6,1991-07-16,"2",198,1,"1","M","PM","Corfu.BY.1991_2"
"227","Pontia_occidentalis","Corfu_WA",14,"M","Y",2.6,1991-07-16,"2",199,2,"3","F","PM","Corfu.BY.1991_2"
"228","Pontia_occidentalis","Corfu_WA",14,"M","Y",2.6,1991-07-16,"2",199,3,"2","F","PM","Corfu.BY.1991_2"
"229","Pontia_occidentalis","Corfu_WA",14,"M","Y",2.6,1991-07-16,"2",199,4,"3","F","PM","Corfu.BY.1991_2"
"230","Pontia_occidentalis","Corfu_WA",14,"M","Y",2.6,1991-07-16,"2",199,5,"3","F","PM","Corfu.BY.1991_2"
"231","Pontia_occidentalis","Corfu_WA",14,"M","Y",2.6,1991-07-16,"2",199,6,"3","F","PM","Corfu.BY.1991_2"
"232","Pontia_occidentalis","Corfu_WA",14,"M","Y",2.6,1991-07-16,"2",200,7,"3","F","PM","Corfu.BY.1991_2"
"233","Pontia_occidentalis","Corfu_WA",14,"M","Y",2.6,1991-07-16,"2",200,8,"3","F","PM","Corfu.BY.1991_2"
"234","Pontia_occidentalis","Corfu_WA",14,"M","Y",2.6,1991-07-16,"2",201,9,"2","F","PM","Corfu.BY.1991_2"
"235","Pontia_occidentalis","Corfu_WA",14,"M","Y",2.6,1991-07-16,"2",201,10,"2","B","PM","Corfu.BY.1991_2"
"236","Pontia_occidentalis","Corfu_WA",16,"M","Y",2.4,1991-07-16,"2",198,1,"3","F","PM","Corfu.BY.1991_2"
"237","Pontia_occidentalis","Corfu_WA",23,"F","B",2.7,1991-07-16,"1",198,1,"2-3","R","PM","Corfu.BY.1991_2"
"238","Pontia_occidentalis","Corfu_WA",23,"F","B",2.7,1991-07-16,"1",199,2,"4","F","AM","Corfu.BY.1991_2"
"239","Pontia_occidentalis","Corfu_WA",23,"F","B",2.7,1991-07-16,"1",199,3,"3","F","AM","Corfu.BY.1991_2"
"240","Pontia_occidentalis","Corfu_WA",24,"M","Y",2.6,1991-07-16,"1",204,1,"2","B","PM","Corfu.BY.1991_2"
"241","Pontia_occidentalis","Corfu_WA",26,"F","Y",2.6,1991-07-17,"2",199,1,"1","F","PM","Corfu.BY.1991_2"
"242","Pontia_occidentalis","Corfu_WA",26,"F","Y",2.6,1991-07-17,"2",199,2,"2","N","PM","Corfu.BY.1991_2"
"243","Pontia_occidentalis","Corfu_WA",26,"F","Y",2.6,1991-07-17,"2",202,3,"3","O","AM","Corfu.BY.1991_2"
"244","Pontia_occidentalis","Corfu_WA",27,"M","B",2.6,1991-07-17,"3",199,1,"4","B","PM","Corfu.BY.1991_2"
"245","Pontia_occidentalis","Corfu_WA",28,"M","Y",2.5,1991-07-17,"3",199,1,"3","B","PM","Corfu.BY.1991_2"
"246","Pontia_occidentalis","Corfu_WA",29,"M","B",2.4,1991-07-17,"1",199,1,"2","F","PM","Corfu.BY.1991_2"
"247","Pontia_occidentalis","Corfu_WA",29,"M","B",2.4,1991-07-17,"1",199,2,"3","F","PM","Corfu.BY.1991_2"
"248","Pontia_occidentalis","Corfu_WA",30,"F","Y",2.3,1991-07-17,"3",199,1,"3","B","PM","Corfu.BY.1991_2"
"249","Pontia_occidentalis","Corfu_WA",31,"F","B",2.6,1991-07-17,"2",199,1,"2","B","PM","Corfu.BY.1991_2"
"250","Pontia_occidentalis","Corfu_WA",31,"F","B",2.6,1991-07-17,"2",199,2,"3","B","PM","Corfu.BY.1991_2"
"251","Pontia_occidentalis","Corfu_WA",34,"M","Y",2.5,1991-07-17,"3",199,1,"3","C","PM","Corfu.BY.1991_2"
"252","Pontia_occidentalis","Corfu_WA",34,"M","Y",2.5,1991-07-17,"3",200,2,"3","F","AM","Corfu.BY.1991_2"
"253","Pontia_occidentalis","Corfu_WA",34,"M","Y",2.5,1991-07-17,"3",200,3,"3","F","AM","Corfu.BY.1991_2"
"254","Pontia_occidentalis","Corfu_WA",35,"F","B",2.5,1991-07-17,"3",200,1,"3","O","PM","Corfu.BY.1991_2"
"255","Pontia_occidentalis","Corfu_WA",38,"M","Y",2.4,1991-07-17,"4",199,1,"4","B","PM","Corfu.BY.1991_2"
"256","Pontia_occidentalis","Corfu_WA",38,"M","Y",2.4,1991-07-17,"4",199,2,"3","F","PM","Corfu.BY.1991_2"
"257","Pontia_occidentalis","Corfu_WA",39,"F","B",2.6,1991-07-17,"3",200,1,"3","O","PM","Corfu.BY.1991_2"
"258","Pontia_occidentalis","Corfu_WA",39,"F","B",2.6,1991-07-17,"3",201,2,"3","B","AM","Corfu.BY.1991_2"
"259","Pontia_occidentalis","Corfu_WA",41,"M","B",2.6,1991-07-17,"3",199,1,"4","F","PM","Corfu.BY.1991_2"
"260","Pontia_occidentalis","Corfu_WA",41,"M","B",2.6,1991-07-17,"3",199,2,"4","B","PM","Corfu.BY.1991_2"
"261","Pontia_occidentalis","Corfu_WA",42,"M","Y",1.8,1991-07-17,"4",199,1,"4","B","PM","Corfu.BY.1991_2"
"262","Pontia_occidentalis","Corfu_WA",43,"M","B",2.3,1991-07-17,"3",199,1,"4","B","PM","Corfu.BY.1991_2"
"263","Pontia_occidentalis","Corfu_WA",44,"F","Y",2.6,1991-07-17,"3",201,1,"4(BM)","F","AM","Corfu.BY.1991_2"
"264","Pontia_occidentalis","Corfu_WA",45,"M","B",2.4,1991-07-17,"1",199,1,"2","F","PM","Corfu.BY.1991_2"
"265","Pontia_occidentalis","Corfu_WA",46,"F","Y",2.4,1991-07-17,"3",199,1,"3","N","PM","Corfu.BY.1991_2"
"266","Pontia_occidentalis","Corfu_WA",49,"M","B",2.5,1991-07-17,"2",199,1,"2","B","PM","Corfu.BY.1991_2"
"267","Pontia_occidentalis","Corfu_WA",49,"M","B",2.5,1991-07-17,"2",199,2,"2","F","PM","Corfu.BY.1991_2"
"268","Pontia_occidentalis","Corfu_WA",49,"M","B",2.5,1991-07-17,"2",200,3,"3","B","PM","Corfu.BY.1991_2"
"269","Pontia_occidentalis","Corfu_WA",49,"M","B",2.5,1991-07-17,"2",200,4,"5(BM)","C","AM","Corfu.BY.1991_2"
"270","Pontia_occidentalis","Corfu_WA",50,"M","Y",2.8,1991-07-17,"3",199,1,"3","B","PM","Corfu.BY.1991_2"
"271","Pontia_occidentalis","Corfu_WA",51,"M","B",2.5,1991-07-17,"2",200,1,"3","F","PM","Corfu.BY.1991_2"
"272","Pontia_occidentalis","Corfu_WA",53,"M","B",2.6,1991-07-17,"3",199,1,"2","F","AM","Corfu.BY.1991_2"
"273","Pontia_occidentalis","Corfu_WA",56,"M","Y",2.5,1991-07-17,"4",199,1,"4","R","PM","Corfu.BY.1991_2"
"274","Pontia_occidentalis","Corfu_WA",56,"M","B",2.5,1991-07-17,"4",199,2,"4(bm)","F","PM","Corfu.BY.1991_2"
"275","Pontia_occidentalis","Corfu_WA",57,"M","B",2.7,1991-07-17,"2",199,1,"2","F","PM","Corfu.BY.1991_2"
"276","Pontia_occidentalis","Corfu_WA",59,"M","B",2.3,1991-07-17,"3",199,1,"3","B","PM","Corfu.BY.1991_2"
"277","Pontia_occidentalis","Corfu_WA",59,"M","B",2.3,1991-07-17,"3",199,2,"2","B","PM","Corfu.BY.1991_2"
"278","Pontia_occidentalis","Corfu_WA",60,"M","Y",2.2,1991-07-17,"4",199,1,"4","B","PM","Corfu.BY.1991_2"
"279","Pontia_occidentalis","Corfu_WA",60,"M","Y",2.2,1991-07-17,"4",199,2,"4","B","PM","Corfu.BY.1991_2"
"280","Pontia_occidentalis","Corfu_WA",62,"M","Y",2.3,1991-07-17,"1",199,1,"1","B","PM","Corfu.BY.1991_2"
"281","Pontia_occidentalis","Corfu_WA",64,"M","Y",2.4,1991-07-17,"3B",199,1,"4","F","AM","Corfu.BY.1991_2"
"282","Pontia_occidentalis","Corfu_WA",64,"M","Y",2.4,1991-07-17,"3B",201,2,"4(BM)","F","AM","Corfu.BY.1991_2"
"283","Pontia_occidentalis","Corfu_WA",65,"M","Y",2.7,1991-07-17,"3",200,1,"3","B","PM","Corfu.BY.1991_2"
"284","Pontia_occidentalis","Corfu_WA",65,"M","Y",2.7,1991-07-17,"3",200,2,"4","F","AM","Corfu.BY.1991_2"
"285","Pontia_occidentalis","Corfu_WA",66,"M","Y",2.6,1991-07-17,"1",199,1,"2","F","PM","Corfu.BY.1991_2"
"286","Pontia_occidentalis","Corfu_WA",66,"M","Y",2.6,1991-07-17,"1",200,2,"3","F","AM","Corfu.BY.1991_2"
"287","Pontia_occidentalis","Corfu_WA",66,"M","Y",2.6,1991-07-17,"1",200,3,"3","M","PM","Corfu.BY.1991_2"
"288","Pontia_occidentalis","Corfu_WA",66,"M","Y",2.6,1991-07-17,"1",200,4,"2","F","PM","Corfu.BY.1991_2"
"289","Pontia_occidentalis","Corfu_WA",66,"M","Y",2.6,1991-07-17,"1",200,5,"2","F","PM","Corfu.BY.1991_2"
"290","Pontia_occidentalis","Corfu_WA",66,"M","Y",2.6,1991-07-17,"1",201,6,"3","F","PM","Corfu.BY.1991_2"
"291","Pontia_occidentalis","Corfu_WA",67,"M","B",2.5,1991-07-17,"2",199,1,"1","B","PM","Corfu.BY.1991_2"
"292","Pontia_occidentalis","Corfu_WA",67,"M","B",2.5,1991-07-17,"2",200,2,"3","F","PM","Corfu.BY.1991_2"
"293","Pontia_occidentalis","Corfu_WA",67,"M","B",2.5,1991-07-17,"2",200,3,"2","F","PM","Corfu.BY.1991_2"
"294","Pontia_occidentalis","Corfu_WA",68,"F","Y",2.5,1991-07-17,"3",199,1,"3","F","PM","Corfu.BY.1991_2"
"295","Pontia_occidentalis","Corfu_WA",69,"M","B",2.5,1991-07-17,"2",200,1,"3","B","PM","Corfu.BY.1991_2"
"296","Pontia_occidentalis","Corfu_WA",70,"M","Y",2.4,1991-07-17,"3",199,1,"4","B","PM","Corfu.BY.1991_2"
"297","Pontia_occidentalis","Corfu_WA",70,"M","Y",2.4,1991-07-17,"3",199,2,"3","B","PM","Corfu.BY.1991_2"
"298","Pontia_occidentalis","Corfu_WA",71,"F","B",2.6,1991-07-17,"2",199,1,"2","F","PM","Corfu.BY.1991_2"
"299","Pontia_occidentalis","Corfu_WA",73,"M","B",2.2,1991-07-17,"3",199,1,"3","B","PM","Corfu.BY.1991_2"
"300","Pontia_occidentalis","Corfu_WA",79,"M","B",2.5,1991-07-17,"4",201,1,"5(BM)","F","PM","Corfu.BY.1991_2"
"301","Pontia_occidentalis","Corfu_WA",79,"M","B",2.5,1991-07-17,"4",201,2,"4","N","PM","Corfu.BY.1991_2"
"302","Pontia_occidentalis","Corfu_WA",80,"F","Y",2.4,1991-07-17,"4",199,1,"4","F","PM","Corfu.BY.1991_2"
"303","Pontia_occidentalis","Corfu_WA",80,"F","Y",2.4,1991-07-17,"4",199,2,"4","B","PM","Corfu.BY.1991_2"
"304","Pontia_occidentalis","Corfu_WA",83,"M","B",2.1,1991-07-17,"1",199,1,"3","F","PM","Corfu.BY.1991_2"
"305","Pontia_occidentalis","Corfu_WA",84,"M","Y",2.4,1991-07-17,"4",199,1,"4","F","PM","Corfu.BY.1991_2"
"306","Pontia_occidentalis","Corfu_WA",84,"M","Y",2.4,1991-07-17,"4",199,2,"4","F","AM","Corfu.BY.1991_2"
"307","Pontia_occidentalis","Corfu_WA",86,"M","Y",2.3,1991-07-17,"1",199,1,"2","B","PM","Corfu.BY.1991_2"
"308","Pontia_occidentalis","Corfu_WA",86,"M","Y",2.3,1991-07-17,"1",199,2,"2","B","PM","Corfu.BY.1991_2"
"309","Pontia_occidentalis","Corfu_WA",86,"M","Y",2.3,1991-07-17,"1",199,3,"2","O","AM","Corfu.BY.1991_2"
"310","Pontia_occidentalis","Corfu_WA",86,"M","Y",2.3,1991-07-17,"1",200,4,"4","F","PM","Corfu.BY.1991_2"
"311","Pontia_occidentalis","Corfu_WA",89,"M","B",2.3,1991-07-17,"1",199,1,"2","B","PM","Corfu.BY.1991_2"
"312","Pontia_occidentalis","Corfu_WA",89,"M","B",2.3,1991-07-17,"1",199,2,"2","R","PM","Corfu.BY.1991_2"
"313","Pontia_occidentalis","Corfu_WA",92,"M","Y",2.5,1991-07-17,"4",199,1,"4","N","PM","Corfu.BY.1991_2"
"314","Pontia_occidentalis","Corfu_WA",92,"M","Y",2.5,1991-07-17,"4",199,2,"4","C","AM","Corfu.BY.1991_2"
"315","Pontia_occidentalis","Corfu_WA",94,"F","Y",2.4,1991-07-17,"3",199,1,"3","N","PM","Corfu.BY.1991_2"
"316","Pontia_occidentalis","Corfu_WA",96,"M","Y",2.4,1991-07-17,"4",199,1,"","","PM","Corfu.BY.1991_2"
"317","Pontia_occidentalis","Corfu_WA",97,"M","B",2.7,1991-07-17,"3",199,1,"3","LB","PM","Corfu.BY.1991_2"
"318","Pontia_occidentalis","Corfu_WA",97,"M","B",2.7,1991-07-17,"3",199,2,"3","B","PM","Corfu.BY.1991_2"
"319","Pontia_occidentalis","Corfu_WA",97,"M","B",2.7,1991-07-17,"3",199,3,"2","S","AM","Corfu.BY.1991_2"
"320","Pontia_occidentalis","Corfu_WA",98,"M","Y",2.6,1991-07-17,"3",199,1,"pred by spider","","PM","Corfu.BY.1991_2"
"321","Pontia_occidentalis","Corfu_WA",100,"M","Y",2.4,1991-07-17,"4",199,1,"3","F","PM","Corfu.BY.1991_2"
"322","Pontia_occidentalis","Corfu_WA",102,"M","Y",2.4,1991-07-17,"4",199,1,"2","B","PM","Corfu.BY.1991_2"
"323","Pontia_occidentalis","Corfu_WA",102,"M","Y",2.4,1991-07-17,"4",199,2,"4","LB","PM","Corfu.BY.1991_2"
"324","Pontia_occidentalis","Corfu_WA",104,"F","Y",2.6,1991-07-17,"4",199,1,"3","N","PM","Corfu.BY.1991_2"
"325","Pontia_occidentalis","Corfu_WA",105,"M","B",2.5,1991-07-17,"2",200,1,"2","B","PM","Corfu.BY.1991_2"
"326","Pontia_occidentalis","Corfu_WA",105,"M","B",2.5,1991-07-17,"2",201,2,"3","B","PM","Corfu.BY.1991_2"
"327","Pontia_occidentalis","Corfu_WA",105,"M","B",2.5,1991-07-17,"2",201,3,"3","F","PM","Corfu.BY.1991_2"
"328","Pontia_occidentalis","Corfu_WA",105,"M","B",2.5,1991-07-17,"2",201,4,"3","S","PM","Corfu.BY.1991_2"
"329","Pontia_occidentalis","Corfu_WA",105,"M","B",2.5,1991-07-17,"2",202,5,"3","F","PM","Corfu.BY.1991_2"
"330","Pontia_occidentalis","Corfu_WA",105,"M","B",2.5,1991-07-17,"2",202,6,"3","O","PM","Corfu.BY.1991_2"
"331","Pontia_occidentalis","Corfu_WA",105,"M","B",2.5,1991-07-17,"2",202,7,"2","O","PM","Corfu.BY.1991_2"
"332","Pontia_occidentalis","Corfu_WA",106,"M","Y",2.6,1991-07-17,"4",200,1,"4","F","PM","Corfu.BY.1991_2"
"333","Pontia_occidentalis","Corfu_WA",106,"M","Y",2.6,1991-07-17,"4",200,2,"4","F","PM","Corfu.BY.1991_2"
"334","Pontia_occidentalis","Corfu_WA",106,"M","Y",2.6,1991-07-17,"4",202,3,"4","F","PM","Corfu.BY.1991_2"
"335","Pontia_occidentalis","Corfu_WA",107,"F","B",2.3,1991-07-17,"2",199,1,"1","B","PM","Corfu.BY.1991_2"
"336","Pontia_occidentalis","Corfu_WA",108,"M","Y",2.4,1991-07-17,"2",199,1,"3","F","PM","Corfu.BY.1991_2"
"337","Pontia_occidentalis","Corfu_WA",108,"M","Y",2.4,1991-07-17,"2",199,2,"3","C","PM","Corfu.BY.1991_2"
"338","Pontia_occidentalis","Corfu_WA",109,"F","B",2.5,1991-07-17,"3B",201,1,"4","O","AM","Corfu.BY.1991_2"
"339","Pontia_occidentalis","Corfu_WA",112,"M","Y",2.5,1991-07-17,"2",199,1,"2","F","AM","Corfu.BY.1991_2"
"340","Pontia_occidentalis","Corfu_WA",112,"M","Y",2.5,1991-07-17,"2",201,2,"3","F","PM","Corfu.BY.1991_2"
"341","Pontia_occidentalis","Corfu_WA",112,"M","Y",2.5,1991-07-17,"2",204,3,"4","C","AM","Corfu.BY.1991_2"
"342","Pontia_occidentalis","Corfu_WA",112,"M","Y",2.5,1991-07-17,"2",204,4,"4","F","AM","Corfu.BY.1991_2"
"343","Pontia_occidentalis","Corfu_WA",112,"M","Y",2.5,1991-07-17,"2",204,5,"4","F","AM","Corfu.BY.1991_2"
"344","Pontia_occidentalis","Corfu_WA",112,"M","Y",2.5,1991-07-17,"2",205,6,"4","F","PM","Corfu.BY.1991_2"
"345","Pontia_occidentalis","Corfu_WA",115,"M","B",2.6,1991-07-17,"4",199,1,"4","F","PM","Corfu.BY.1991_2"
"346","Pontia_occidentalis","Corfu_WA",116,"M","Y",2.5,1991-07-17,"1",199,1,"1","F","PM","Corfu.BY.1991_2"
"347","Pontia_occidentalis","Corfu_WA",116,"M","Y",2.5,1991-07-17,"1",199,2,"2","F","PM","Corfu.BY.1991_2"
"348","Pontia_occidentalis","Corfu_WA",116,"M","Y",2.5,1991-07-17,"1",199,3,"4","C","AM","Corfu.BY.1991_2"
"349","Pontia_occidentalis","Corfu_WA",117,"M","B",2.6,1991-07-17,"1",199,1,"1","M","PM","Corfu.BY.1991_2"
"350","Pontia_occidentalis","Corfu_WA",118,"M","Y",2.3,1991-07-17,"2",199,1,"1","B","PM","Corfu.BY.1991_2"
"351","Pontia_occidentalis","Corfu_WA",118,"M","Y",2.3,1991-07-17,"2",199,2,"1","B","PM","Corfu.BY.1991_2"
"352","Pontia_occidentalis","Corfu_WA",118,"M","Y",2.3,1991-07-17,"2",199,3,"3","F","PM","Corfu.BY.1991_2"
"353","Pontia_occidentalis","Corfu_WA",118,"M","Y",2.3,1991-07-17,"2",201,4,"3","F","PM","Corfu.BY.1991_2"
"354","Pontia_occidentalis","Corfu_WA",120,"M","Y",2.5,1991-07-17,"3",199,1,"3","B","PM","Corfu.BY.1991_2"
"355","Pontia_occidentalis","Corfu_WA",120,"M","Y",2.5,1991-07-17,"3",199,2,"3","F","AM","Corfu.BY.1991_2"
"356","Pontia_occidentalis","Corfu_WA",120,"M","Y",2.5,1991-07-17,"3",199,3,"3","F","AM","Corfu.BY.1991_2"
"357","Pontia_occidentalis","Corfu_WA",120,"M","Y",2.5,1991-07-17,"3",199,4,"3","C","PM","Corfu.BY.1991_2"
"358","Pontia_occidentalis","Corfu_WA",120,"M","Y",2.5,1991-07-17,"3",199,5,"3(BM)","C","PM","Corfu.BY.1991_2"
"359","Pontia_occidentalis","Corfu_WA",120,"M","Y",2.5,1991-07-17,"3",199,6,"4","F","PM","Corfu.BY.1991_2"
"360","Pontia_occidentalis","Corfu_WA",121,"M","B",2.2,1991-07-17,"2",199,1,"2","F","PM","Corfu.BY.1991_2"
"361","Pontia_occidentalis","Corfu_WA",121,"M","B",2.2,1991-07-17,"2",199,2,"3","F","PM","Corfu.BY.1991_2"
"362","Pontia_occidentalis","Corfu_WA",121,"M","B",2.2,1991-07-17,"2",200,3,"3","F","PM","Corfu.BY.1991_2"
"363","Pontia_occidentalis","Corfu_WA",123,"F","B",2.3,1991-07-17,"2",199,1,"3","N","PM","Corfu.BY.1991_2"
"364","Pontia_occidentalis","Corfu_WA",126,"M","Y",2.4,1991-07-17,"2",199,1,"1","B","PM","Corfu.BY.1991_2"
"365","Pontia_occidentalis","Corfu_WA",126,"M","Y",2.4,1991-07-17,"2",199,2,"2","F","PM","Corfu.BY.1991_2"
"366","Pontia_occidentalis","Corfu_WA",126,"M","Y",2.4,1991-07-17,"2",199,3,"2","F","PM","Corfu.BY.1991_2"
"367","Pontia_occidentalis","Corfu_WA",126,"M","Y",2.4,1991-07-17,"2",200,4,"3","B","PM","Corfu.BY.1991_2"
"368","Pontia_occidentalis","Corfu_WA",126,"M","Y",2.4,1991-07-17,"2",200,5,"3","B","PM","Corfu.BY.1991_2"
"369","Pontia_occidentalis","Corfu_WA",126,"M","Y",2.4,1991-07-17,"2",200,6,"3","F","PM","Corfu.BY.1991_2"
"370","Pontia_occidentalis","Corfu_WA",126,"M","Y",2.4,1991-07-17,"2",200,7,"3","F","PM","Corfu.BY.1991_2"
"371","Pontia_occidentalis","Corfu_WA",128,"F","Y",2.7,1991-07-17,"3",199,1,"3","B","PM","Corfu.BY.1991_2"
"372","Pontia_occidentalis","Corfu_WA",128,"F","Y",2.7,1991-07-17,"3",200,2,"4","N","AM","Corfu.BY.1991_2"
"373","Pontia_occidentalis","Corfu_WA",128,"F","Y",2.7,1991-07-17,"3",200,3,"4","F","PM","Corfu.BY.1991_2"
"374","Pontia_occidentalis","Corfu_WA",128,"F","Y",2.7,1991-07-17,"3",202,4,"4","R","AM","Corfu.BY.1991_2"
"375","Pontia_occidentalis","Corfu_WA",129,"M","B",2.4,1991-07-17,"2",199,1,"1","S","PM","Corfu.BY.1991_2"
"376","Pontia_occidentalis","Corfu_WA",129,"M","B",2.4,1991-07-17,"2",199,2,"2","F","AM","Corfu.BY.1991_2"
"377","Pontia_occidentalis","Corfu_WA",129,"M","B",2.4,1991-07-17,"2",199,3,"3","F","AM","Corfu.BY.1991_2"
"378","Pontia_occidentalis","Corfu_WA",129,"M","B",2.4,1991-07-17,"2",199,4,"3(BM)","N","PM","Corfu.BY.1991_2"
"379","Pontia_occidentalis","Corfu_WA",132,"F","Y",2.7,1991-07-17,"3",199,1,"2","B","PM","Corfu.BY.1991_2"
"380","Pontia_occidentalis","Corfu_WA",132,"F","Y",2.7,1991-07-17,"3",199,2,"3","B","PM","Corfu.BY.1991_2"
"381","Pontia_occidentalis","Corfu_WA",134,"F","Y",2.3,1991-07-17,"2",199,1,"1","F","PM","Corfu.BY.1991_2"
"382","Pontia_occidentalis","Corfu_WA",134,"F","Y",2.3,1991-07-17,"2",199,2,"2","F","AM","Corfu.BY.1991_2"
"383","Pontia_occidentalis","Corfu_WA",136,"F","Y",2.4,1991-07-17,"1",199,1,"2","R","PM","Corfu.BY.1991_2"
"384","Pontia_occidentalis","Corfu_WA",136,"F","Y",2.4,1991-07-17,"1",201,2,"3","B","AM","Corfu.BY.1991_2"
"385","Pontia_occidentalis","Corfu_WA",136,"F","Y",2.4,1991-07-17,"1",202,3,"3","B","PM","Corfu.BY.1991_2"
"386","Pontia_occidentalis","Corfu_WA",136,"F","Y",2.4,1991-07-17,"1",202,4,"2-3","S","PM","Corfu.BY.1991_2"
"387","Pontia_occidentalis","Corfu_WA",138,"F","Y",2.8,1991-07-17,"1",199,1,"1","B","PM","Corfu.BY.1991_2"
"388","Pontia_occidentalis","Corfu_WA",138,"F","Y",2.8,1991-07-17,"1",199,2,"1","B","PM","Corfu.BY.1991_2"
"389","Pontia_occidentalis","Corfu_WA",139,"F","B",2.7,1991-07-17,"2B",199,1,"3","F","PM","Corfu.BY.1991_2"
"390","Pontia_occidentalis","Corfu_WA",141,NA,"B",NA,NA,NA,199,1,"4","B","PM","Corfu.BY.1991_2"
"391","Pontia_occidentalis","Corfu_WA",142,"M","Y",2.6,1991-07-17,"4",199,1,"","F","AM","Corfu.BY.1991_2"
"392","Pontia_occidentalis","Corfu_WA",142,"M","Y",2.6,1991-07-17,"4",199,2,"4","F","AM","Corfu.BY.1991_2"
"393","Pontia_occidentalis","Corfu_WA",144,"F","Y",2.6,1991-07-17,"4",199,1,"2","N","PM","Corfu.BY.1991_2"
"394","Pontia_occidentalis","Corfu_WA",145,"F","B",2.7,1991-07-18,"3",200,1,"5","B","PM","Corfu.BY.1991_2"
"395","Pontia_occidentalis","Corfu_WA",146,"M","Y",2.8,1991-07-18,"2",200,1,"3","B","PM","Corfu.BY.1991_2"
"396","Pontia_occidentalis","Corfu_WA",147,"F","B",2.4,1991-07-18,"1",200,1,"4","F","PM","Corfu.BY.1991_2"
"397","Pontia_occidentalis","Corfu_WA",149,"F","B",2.6,1991-07-18,"1",200,1,"3","B","PM","Corfu.BY.1991_2"
"398","Pontia_occidentalis","Corfu_WA",150,"F","Y",2.6,1991-07-18,"3",202,1,"4","O","AM","Corfu.BY.1991_2"
"399","Pontia_occidentalis","Corfu_WA",151,"F","B",2.4,1991-07-18,"2",200,1,"3","B","PM","Corfu.BY.1991_2"
"400","Pontia_occidentalis","Corfu_WA",151,"F","B",2.4,1991-07-18,"2",200,2,"3","O","PM","Corfu.BY.1991_2"
"401","Pontia_occidentalis","Corfu_WA",154,"F","Y",2.5,1991-07-18,"3",200,1,"3","B","PM","Corfu.BY.1991_2"
"402","Pontia_occidentalis","Corfu_WA",155,"M","B",2.3,1991-07-18,"4",200,1,"3","F","PM","Corfu.BY.1991_2"
"403","Pontia_occidentalis","Corfu_WA",155,"M","B",2.3,1991-07-18,"4",200,2,"3","F","PM","Corfu.BY.1991_2"
"404","Pontia_occidentalis","Corfu_WA",157,"M","B",2.7,1991-07-18,"1",200,1,"2","B","PM","Corfu.BY.1991_2"
"405","Pontia_occidentalis","Corfu_WA",159,"F","B",2.5,1991-07-18,"2",200,1,"3","B","PM","Corfu.BY.1991_2"
"406","Pontia_occidentalis","Corfu_WA",161,"F","B",2.5,1991-07-18,"1",200,1,"2","B","PM","Corfu.BY.1991_2"
"407","Pontia_occidentalis","Corfu_WA",161,"F","B",2.5,1991-07-18,"1",200,2,"2","S","PM","Corfu.BY.1991_2"
"408","Pontia_occidentalis","Corfu_WA",161,"F","B",2.5,1991-07-18,"1",201,3,"3","F","PM","Corfu.BY.1991_2"
"409","Pontia_occidentalis","Corfu_WA",161,"F","B",2.5,1991-07-18,"1",203,4,"3","B","PM","Corfu.BY.1991_2"
"410","Pontia_occidentalis","Corfu_WA",164,"M","Y",2.7,1991-07-18,"1",200,1,"2","B","PM","Corfu.BY.1991_2"
"411","Pontia_occidentalis","Corfu_WA",164,"M","Y",2.7,1991-07-18,"1",200,2,"3","B","PM","Corfu.BY.1991_2"
"412","Pontia_occidentalis","Corfu_WA",166,"M","Y",2.6,1991-07-18,"1",200,1,"2","F","PM","Corfu.BY.1991_2"
"413","Pontia_occidentalis","Corfu_WA",166,"M","Y",2.6,1991-07-18,"1",200,2,"3","B","PM","Corfu.BY.1991_2"
"414","Pontia_occidentalis","Corfu_WA",169,"M","B",2.6,1991-07-18,"2",200,1,"2","B","PM","Corfu.BY.1991_2"
"415","Pontia_occidentalis","Corfu_WA",173,"F","B",2.5,1991-07-18,"2",200,1,"2","S","PM","Corfu.BY.1991_2"
"416","Pontia_occidentalis","Corfu_WA",173,"F","B",2.5,1991-07-18,"2",200,2,"3","B","PM","Corfu.BY.1991_2"
"417","Pontia_occidentalis","Corfu_WA",173,"F","B",2.5,1991-07-18,"2",200,3,"3","S","PM","Corfu.BY.1991_2"
"418","Pontia_occidentalis","Corfu_WA",174,"F","Y",2.6,1991-07-18,"2",200,1,"3","B","PM","Corfu.BY.1991_2"
"419","Pontia_occidentalis","Corfu_WA",176,"F","Y",2.6,1991-07-18,"1",200,1,"3","B","PM","Corfu.BY.1991_2"
"420","Pontia_occidentalis","Corfu_WA",185,"M","B",2.4,1991-07-18,"1",200,1,"2","B","PM","Corfu.BY.1991_2"
"421","Pontia_occidentalis","Corfu_WA",186,"F","Y",2.6,1991-07-18,"3",200,1,"4","S","PM","Corfu.BY.1991_2"
"422","Pontia_occidentalis","Corfu_WA",186,"F","Y",2.6,1991-07-18,"3",200,2,"4","S","PM","Corfu.BY.1991_2"
"423","Pontia_occidentalis","Corfu_WA",186,"F","Y",2.6,1991-07-18,"3",200,3,"4","O","PM","Corfu.BY.1991_2"
"424","Pontia_occidentalis","Corfu_WA",188,"M","Y",2.4,1991-07-18,"1",200,1,"2","B","PM","Corfu.BY.1991_2"
"425","Pontia_occidentalis","Corfu_WA",191,"F","B",2.5,1991-07-18,"1",200,1,"3","F","PM","Corfu.BY.1991_2"
"426","Pontia_occidentalis","Corfu_WA",191,"F","B",2.5,1991-07-18,"1",200,2,"2","F","PM","Corfu.BY.1991_2"
"427","Pontia_occidentalis","Corfu_WA",192,"M","Y",2.2,1991-07-18,"2",200,1,"3","B","PM","Corfu.BY.1991_2"
"428","Pontia_occidentalis","Corfu_WA",195,"F","B",2.6,1991-07-18,"1",204,1,"4","","PM","Corfu.BY.1991_2"
"429","Pontia_occidentalis","Corfu_WA",195,"F","B",2.6,1991-07-18,"1",204,2,"4","F","AM","Corfu.BY.1991_2"
"430","Pontia_occidentalis","Corfu_WA",197,"M","B",2.5,1991-07-18,"1",200,1,"3","LB","PM","Corfu.BY.1991_2"
"431","Pontia_occidentalis","Corfu_WA",198,"M","Y",2.7,1991-07-18,"1",200,1,"2","B","PM","Corfu.BY.1991_2"
"432","Pontia_occidentalis","Corfu_WA",200,NA,"Y",NA,NA,NA,200,1,"5","F","PM","Corfu.BY.1991_2"
"433","Pontia_occidentalis","Corfu_WA",202,"M","Y",2.5,1991-07-18,"2",200,1,"3","LB","PM","Corfu.BY.1991_2"
"434","Pontia_occidentalis","Corfu_WA",202,"M","Y",2.5,1991-07-18,"2",201,2,"3","F","PM","Corfu.BY.1991_2"
"435","Pontia_occidentalis","Corfu_WA",202,"M","Y",2.5,1991-07-18,"2",202,3,"5","F","PM","Corfu.BY.1991_2"
"436","Pontia_occidentalis","Corfu_WA",204,"M","Y",2.3,1991-07-18,"2",200,1,"3","B","PM","Corfu.BY.1991_2"
"437","Pontia_occidentalis","Corfu_WA",204,"M","Y",2.3,1991-07-18,"2",200,2,"2","F","PM","Corfu.BY.1991_2"
"438","Pontia_occidentalis","Corfu_WA",205,"F","B",2.4,1991-07-18,"2",200,1,"3","S","PM","Corfu.BY.1991_2"
"439","Pontia_occidentalis","Corfu_WA",205,"F","B",2.4,1991-07-18,"2",200,2,"3","F","PM","Corfu.BY.1991_2"
"440","Pontia_occidentalis","Corfu_WA",206,"F","Y",2.5,1991-07-18,"4",200,1,"4","F","PM","Corfu.BY.1991_2"
"441","Pontia_occidentalis","Corfu_WA",208,"F","Y",2.7,1991-07-18,"1",200,1,"3","S","PM","Corfu.BY.1991_2"
"442","Pontia_occidentalis","Corfu_WA",208,"F","Y",2.7,1991-07-18,"1",200,2,"3","B","PM","Corfu.BY.1991_2"
"443","Pontia_occidentalis","Corfu_WA",208,"F","Y",2.7,1991-07-18,"1",200,3,"3","B","PM","Corfu.BY.1991_2"
"444","Pontia_occidentalis","Corfu_WA",208,"F","Y",2.7,1991-07-18,"1",200,4,"3","O","PM","Corfu.BY.1991_2"
"445","Pontia_occidentalis","Corfu_WA",211,"F","B",2.2,1991-07-18,"3",200,1,"2","B","PM","Corfu.BY.1991_2"
"446","Pontia_occidentalis","Corfu_WA",212,"F","Y",2.6,1991-07-18,"3",200,1,"4","F","PM","Corfu.BY.1991_2"
"447","Pontia_occidentalis","Corfu_WA",213,"F","B",2.7,1991-07-18,"2",200,1,"3","B","PM","Corfu.BY.1991_2"
"448","Pontia_occidentalis","Corfu_WA",213,"F","B",2.7,1991-07-18,"2",200,2,"3","O","PM","Corfu.BY.1991_2"
"449","Pontia_occidentalis","Corfu_WA",305,NA,"B",NA,NA,NA,201,1,"3","F","AM","Corfu.BY.1991_2"
