RECNUM,ID,TREAT,SEX,FAM,FWL,AGE,WEAR,NRECAP,REL_DATE,COND_0,SPECIES,SITE,NOTEBOOK
1,15,SD,F,7,2.479358854,0,1,0,7/27/1992,1,Pontia_occidentalis,Corfu_WA,Corfu.1992_2
2,17,SD,F,7,NA,0,1,0,7/27/1992,1,Pontia_occidentalis,Corfu_WA,Corfu.1992_2
3,23,SD,F,7,2.496775252,0,1,0,7/27/1992,1,Pontia_occidentalis,Corfu_WA,Corfu.1992_2
4,26,SD,M,7,2.486808098,0,1,0,7/27/1992,1,Pontia_occidentalis,Corfu_WA,Corfu.1992_2
5,30,SD,M,7,NA,0,1,0,7/27/1992,1,Pontia_occidentalis,Corfu_WA,Corfu.1992_2
6,34,SD,M,7,2.585709659,0,1,0,7/27/1992,1,Pontia_occidentalis,Corfu_WA,Corfu.1992_2
7,27,SD,M,7,2.358439095,0,1,0,7/27/1992,1,Pontia_occidentalis,Corfu_WA,Corfu.1992_2
8,33,SD,F,7,NA,0,1,0,7/27/1992,1,Pontia_occidentalis,Corfu_WA,Corfu.1992_2
9,16,SD,M,7,2.616925093,0,1,0,7/27/1992,1,Pontia_occidentalis,Corfu_WA,Corfu.1992_2
10,14,SD,F,7,NA,0,1,0,7/27/1992,1,Pontia_occidentalis,Corfu_WA,Corfu.1992_2
11,18,SD,M,7,2.420562618,0,1,0,7/27/1992,1,Pontia_occidentalis,Corfu_WA,Corfu.1992_2
12,29,SD,F,7,2.327977815,0,1,0,7/27/1992,1,Pontia_occidentalis,Corfu_WA,Corfu.1992_2
13,35,SD,M,7,2.367891745,0,1,0,7/27/1992,1,Pontia_occidentalis,Corfu_WA,Corfu.1992_2
14,31,SD,F,7,2.386910854,0,1,0,7/27,1,Pontia_occidentalis,Corfu_WA,Corfu.1992_2
15,28,SD,M,7,2.440004784,0,1,0,7/27/1992,1,Pontia_occidentalis,Corfu_WA,Corfu.1992_2
16,22,SD,F,7,NA,0,1,0,7/27/1992,1,Pontia_occidentalis,Corfu_WA,Corfu.1992_2
17,24,SD,M,7,2.277321565,0,1,0,7/27/1992,1,Pontia_occidentalis,Corfu_WA,Corfu.1992_2
18,32,SD,M,7,NA,0,1,0,7/27/1992,1,Pontia_occidentalis,Corfu_WA,Corfu.1992_2
19,20,SD,M,7,NA,0,1,0,7/27/1992,1,Pontia_occidentalis,Corfu_WA,Corfu.1992_2
20,21,SD,F,7,NA,0,1,0,7/27/1992,1,Pontia_occidentalis,Corfu_WA,Corfu.1992_2
21,25,SD,M,7,NA,0,1,0,7/27/1992,1,Pontia_occidentalis,Corfu_WA,Corfu.1992_2
22,12,SD,M,3,NA,0,1,0,7/27/1992,1,Pontia_occidentalis,Corfu_WA,Corfu.1992_2
23,11,SD,M,3,2.398875294,0,1,0,7/27/1992,1,Pontia_occidentalis,Corfu_WA,Corfu.1992_2
24,10,SD,F,3,NA,0,1,0,7/27/1992,1,Pontia_occidentalis,Corfu_WA,Corfu.1992_2
25,13,SD,M,3,2.526917044,0,1,0,7/27/1992,1,Pontia_occidentalis,Corfu_WA,Corfu.1992_2
26,84,SD,M,14,2.330306957,0,1,0,7/27/1992,1,Pontia_occidentalis,Corfu_WA,Corfu.1992_2
27,74,SD,M,14,NA,0,1,0,7/27/1992,1,Pontia_occidentalis,Corfu_WA,Corfu.1992_2
28,79,SD,M,14,2.547213458,0,1,0,7/27/1992,1,Pontia_occidentalis,Corfu_WA,Corfu.1992_2
29,68,SD,M,14,NA,0,1,0,7/27/1992,1,Pontia_occidentalis,Corfu_WA,Corfu.1992_2
30,69,SD,F,14,2.601270553,0,1,0,7/27/1992,1,Pontia_occidentalis,Corfu_WA,Corfu.1992_2
31,70,SD,M,14,2.444889677,0,1,0,7/27/1992,1,Pontia_occidentalis,Corfu_WA,Corfu.1992_2
32,71,SD,M,14,NA,0,1,0,7/27/1992,1,Pontia_occidentalis,Corfu_WA,Corfu.1992_2
33,80,SD,M,14,2.567672894,0,1,0,7/27/1992,1,Pontia_occidentalis,Corfu_WA,Corfu.1992_2
34,83,SD,M,14,2.427835209,0,1,0,7/27/1992,1,Pontia_occidentalis,Corfu_WA,Corfu.1992_2
35,77,SD,M,14,2.46452724,0,1,0,7/27/1992,1,Pontia_occidentalis,Corfu_WA,Corfu.1992_2
36,73,SD,M,14,NA,0,1,0,7/27/1992,1,Pontia_occidentalis,Corfu_WA,Corfu.1992_2
37,81,SD,F,14,2.585709659,0,1,0,7/27/1992,1,Pontia_occidentalis,Corfu_WA,Corfu.1992_2
38,82,SD,F,14,2.537044954,0,1,0,7/27/1992,1,Pontia_occidentalis,Corfu_WA,Corfu.1992_2
39,75,SD,M,14,NA,0,1,0,7/27/1992,1,Pontia_occidentalis,Corfu_WA,Corfu.1992_2
40,86,SD,M,14,2.648517369,0,1,0,7/27/1992,1,Pontia_occidentalis,Corfu_WA,Corfu.1992_2
41,78,SD,M,14,2.501773799,0,1,0,7/27/1992,1,Pontia_occidentalis,Corfu_WA,Corfu.1992_2
42,72,SD,F,14,NA,0,1,0,7/27/1992,1,Pontia_occidentalis,Corfu_WA,Corfu.1992_2
43,87,SD,F,14,NA,0,1,0,7/27/1992,1,Pontia_occidentalis,Corfu_WA,Corfu.1992_2
44,76,SD,M,14,2.437565999,0,1,0,7/27/1992,1,Pontia_occidentalis,Corfu_WA,Corfu.1992_2
45,85,SD,M,14,2.542124122,0,1,0,7/27/1992,1,Pontia_occidentalis,Corfu_WA,Corfu.1992_2
46,61,SD,M,6,2.394082338,0,1,0,7/27/1992,1,Pontia_occidentalis,Corfu_WA,Corfu.1992_2
47,50,SD,F,6,2.339646852,0,1,0,7/27/1992,1,Pontia_occidentalis,Corfu_WA,Corfu.1992_2
48,48,SD,M,6,2.418143265,0,1,0,7/27/1992,1,Pontia_occidentalis,Corfu_WA,Corfu.1992_2
49,65,SD,M,6,2.418143265,0,1,0,7/27/1992,1,Pontia_occidentalis,Corfu_WA,Corfu.1992_2
50,52,SD,M,6,2.207807629,0,1,0,7/27/1992,1,Pontia_occidentalis,Corfu_WA,Corfu.1992_2
51,57,SD,F,6,NA,0,1,0,7/27/1992,1,Pontia_occidentalis,Corfu_WA,Corfu.1992_2
52,53,SD,F,6,NA,0,1,0,7/27/1992,1,Pontia_occidentalis,Corfu_WA,Corfu.1992_2
53,54,SD,F,6,NA,0,1,0,7/27/1992,1,Pontia_occidentalis,Corfu_WA,Corfu.1992_2
54,55,SD,M,6,NA,0,1,0,7/27/1992,1,Pontia_occidentalis,Corfu_WA,Corfu.1992_2
55,60,SD,F,6,2.286449094,0,1,0,7/27/1992,1,Pontia_occidentalis,Corfu_WA,Corfu.1992_2
56,49,SD,M,6,NA,0,1,0,7/27/1992,1,Pontia_occidentalis,Corfu_WA,Corfu.1992_2
57,47,SD,F,6,NA,0,3,0,7/27/1992,3,Pontia_occidentalis,Corfu_WA,Corfu.1992_2
58,64,SD,F,6,2.300209027,0,1,0,7/27/1992,1,Pontia_occidentalis,Corfu_WA,Corfu.1992_2
59,62,SD,F,6,2.469461227,0,1,0,7/27/1992,1,Pontia_occidentalis,Corfu_WA,Corfu.1992_2
60,56,SD,F,6,2.311738872,0,1,0,7/27/1992,1,Pontia_occidentalis,Corfu_WA,Corfu.1992_2
61,67,SD,F,6,NA,0,1,0,7/27/1992,1,Pontia_occidentalis,Corfu_WA,Corfu.1992_2
62,66,SD,M,6,NA,0,1,0,7/27/1992,1,Pontia_occidentalis,Corfu_WA,Corfu.1992_2
63,58,SD,F,6,2.406082726,0,1,0,7/27/1992,1,Pontia_occidentalis,Corfu_WA,Corfu.1992_2
64,63,SD,F,6,2.286449094,0,1,0,7/27/1992,1,Pontia_occidentalis,Corfu_WA,Corfu.1992_2
65,43,SD,M,13,2.534509178,0,1,0,7/27/1992,1,Pontia_occidentalis,Corfu_WA,Corfu.1992_2
66,44,SD,F,13,2.46452724,0,1,0,7/27/1992,1,Pontia_occidentalis,Corfu_WA,Corfu.1992_2
67,45,SD,M,13,2.531975935,0,1,0,7/27/1992,1,Pontia_occidentalis,Corfu_WA,Corfu.1992_2
68,39,SD,M,8,2.227767583,0,1,0,7/27/1992,1,Pontia_occidentalis,Corfu_WA,Corfu.1992_2
69,38,SD,F,8,NA,0,1,0,7/27/1992,1,Pontia_occidentalis,Corfu_WA,Corfu.1992_2
70,19,SD,M,7,2.968331469,0,1,0,7/27/1992,1,Pontia_occidentalis,Corfu_WA,Corfu.1992_2
71,46,SD,F,1,NA,0,1,0,7/27/1992,1,Pontia_occidentalis,Corfu_WA,Corfu.1992_2
72,3,SD,F,9,2.459603111,0,1,0,7/27/1992,1,Pontia_occidentalis,Corfu_WA,Corfu.1992_2
73,1,SD,M,9,NA,0,1,0,7/27/1992,1,Pontia_occidentalis,Corfu_WA,Corfu.1992_2
74,6,SD,M,9,2.341987669,0,1,0,7/27/1992,1,Pontia_occidentalis,Corfu_WA,Corfu.1992_2
75,4,SD,F,9,NA,0,1,0,7/27/1992,1,Pontia_occidentalis,Corfu_WA,Corfu.1992_2
76,9,SD,F,9,2.321004347,0,1,0,7/27/1992,1,Pontia_occidentalis,Corfu_WA,Corfu.1992_2
77,8,SD,F,9,2.422984391,0,1,0,7/27/1992,1,Pontia_occidentalis,Corfu_WA,Corfu.1992_2
78,2,SD,F,9,2.479358854,0,1,0,7/27/1992,1,Pontia_occidentalis,Corfu_WA,Corfu.1992_2
79,7,SD,M,9,2.356081835,0,1,0,7/27/1992,1,Pontia_occidentalis,Corfu_WA,Corfu.1992_2
80,5,SD,M,9,NA,0,1,0,7/27/1992,1,Pontia_occidentalis,Corfu_WA,Corfu.1992_2
81,41,SD,M,12,NA,0,1,0,7/27/1992,1,Pontia_occidentalis,Corfu_WA,Corfu.1992_2
82,42,SD,M,12,2.506782354,0,1,0,7/27/1992,1,Pontia_occidentalis,Corfu_WA,Corfu.1992_2
83,37,SD,M,2,2.425408588,0,1,0,7/27/1992,1,Pontia_occidentalis,Corfu_WA,Corfu.1992_2
84,36,SD,M,4,2.382141802,0,1,0,7/27/1992,1,Pontia_occidentalis,Corfu_WA,Corfu.1992_2
85,88,SD,F,14,NA,0,1,0,7/27/1992,1,Pontia_occidentalis,Corfu_WA,Corfu.1992_2
86,253,LD,M,13,NA,0,1,0,7/27/1992,1,Pontia_occidentalis,Corfu_WA,Corfu.1992_2
87,255,LD,M,13,2.685857382,0,1,0,7/27/1992,1,Pontia_occidentalis,Corfu_WA,Corfu.1992_2
88,251,LD,F,13,2.542124122,0,1,0,7/27/1992,1,Pontia_occidentalis,Corfu_WA,Corfu.1992_2
89,252,LD,F,13,2.447335789,0,1,0,7/27/1992,1,Pontia_occidentalis,Corfu_WA,Corfu.1992_2
90,254,LD,M,13,2.346676331,0,1,0,7/27/1992,1,Pontia_occidentalis,Corfu_WA,Corfu.1992_2
91,233,LD,M,8,2.430264259,0,1,0,7/27/1992,1,Pontia_occidentalis,Corfu_WA,Corfu.1992_2
92,232,LD,M,8,2.420562618,0,1,0,7/27/1992,1,Pontia_occidentalis,Corfu_WA,Corfu.1992_2
93,243,LD,F,9,2.375006086,0,1,0,7/27/1992,1,Pontia_occidentalis,Corfu_WA,Corfu.1992_2
94,242,LD,M,9,NA,0,1,0,7/27/1992,1,Pontia_occidentalis,Corfu_WA,Corfu.1992_2
95,246,LD,M,9,2.382141802,0,1,0,7/27/1992,1,Pontia_occidentalis,Corfu_WA,Corfu.1992_2
96,237,LD,F,9,NA,0,1,0,7/27/1992,1,Pontia_occidentalis,Corfu_WA,Corfu.1992_2
97,241,LD,F,9,2.375006086,0,1,0,7/27/1992,1,Pontia_occidentalis,Corfu_WA,Corfu.1992_2
98,236,LD,F,9,2.427835209,0,1,0,7/27/1992,1,Pontia_occidentalis,Corfu_WA,Corfu.1992_2
99,248,LD,F,9,2.391689452,0,1,0,7/27/1992,1,Pontia_occidentalis,Corfu_WA,Corfu.1992_2
100,247,LD,M,9,2.389298958,0,1,0,7/27/1992,1,Pontia_occidentalis,Corfu_WA,Corfu.1992_2
101,245,LD,M,9,2.275045381,0,1,0,7/27/1992,1,Pontia_occidentalis,Corfu_WA,Corfu.1992_2
102,239,LD,M,9,NA,0,1,0,7/27/1992,1,Pontia_occidentalis,Corfu_WA,Corfu.1992_2
103,244,LD,M,9,NA,0,1,0,7/27/1992,1,Pontia_occidentalis,Corfu_WA,Corfu.1992_2
104,240,LD,M,9,NA,0,1,0,7/27/1992,1,Pontia_occidentalis,Corfu_WA,Corfu.1992_2
105,238,LD,F,9,2.583125242,0,1,0,7/27/1992,1,Pontia_occidentalis,Corfu_WA,Corfu.1992_2
106,249,LD,F,9,2.570241851,0,1,0,7/27/1992,1,Pontia_occidentalis,Corfu_WA,Corfu.1992_2
107,235,LD,F,9,2.323326512,0,1,0,7/27/1992,1,Pontia_occidentalis,Corfu_WA,Corfu.1992_2
108,234,LD,F,9,2.275045381,0,1,0,7/27/1992,1,Pontia_occidentalis,Corfu_WA,Corfu.1992_2
109,201,LD,M,2,NA,0,1,0,7/27/1992,1,Pontia_occidentalis,Corfu_WA,Corfu.1992_2
110,202,LD,F,2,NA,0,1,0,7/27/1992,1,Pontia_occidentalis,Corfu_WA,Corfu.1992_2
111,230,LD,M,7,NA,0,1,0,7/27/1992,1,Pontia_occidentalis,Corfu_WA,Corfu.1992_2
112,231,LD,F,7,2.572813379,0,1,0,7/27/1992,1,Pontia_occidentalis,Corfu_WA,Corfu.1992_2
113,225,LD,F,14,2.516829564,0,1,0,7/27/1992,1,Pontia_occidentalis,Corfu_WA,Corfu.1992_2
114,211,LD,F,14,NA,0,1,0,7/27/1992,1,Pontia_occidentalis,Corfu_WA,Corfu.1992_2
115,205,LD,F,14,2.572813379,0,1,0,7/27/1992,1,Pontia_occidentalis,Corfu_WA,Corfu.1992_2
116,208,LD,M,14,2.442446009,0,1,0,7/27/1992,1,Pontia_occidentalis,Corfu_WA,Corfu.1992_2
117,204,LD,F,14,2.494279725,0,1,0,7/27/1992,1,Pontia_occidentalis,Corfu_WA,Corfu.1992_2
118,206,LD,F,14,NA,0,1,0,7/27/1992,1,Pontia_occidentalis,Corfu_WA,Corfu.1992_2
119,216,LD,M,14,2.648517369,0,1,0,7/27/1992,1,Pontia_occidentalis,Corfu_WA,Corfu.1992_2
120,215,LD,M,14,NA,0,1,0,7/27/1992,1,Pontia_occidentalis,Corfu_WA,Corfu.1992_2
121,212,LD,F,14,2.622164181,0,1,0,7/27/1992,1,Pontia_occidentalis,Corfu_WA,Corfu.1992_2
122,224,LD,F,14,2.643225628,0,1,0,7/27/1992,1,Pontia_occidentalis,Corfu_WA,Corfu.1992_2
123,214,LD,M,14,2.544667517,0,1,0,7/27/1992,1,Pontia_occidentalis,Corfu_WA,Corfu.1992_2
124,210,LD,F,14,2.778746704,0,1,0,7/27/1992,1,Pontia_occidentalis,Corfu_WA,Corfu.1992_2
125,226,LD,M,14,2.452235359,0,1,0,7/27/1992,1,Pontia_occidentalis,Corfu_WA,Corfu.1992_2
126,213,LD,F,14,2.580543408,0,1,0,7/27/1992,1,Pontia_occidentalis,Corfu_WA,Corfu.1992_2
127,209,LD,F,14,NA,0,1,0,7/27/1992,1,Pontia_occidentalis,Corfu_WA,Corfu.1992_2
128,207,LD,F,14,2.669790487,0,1,0,7/27/1992,1,Pontia_occidentalis,Corfu_WA,Corfu.1992_2
129,203,LD,F,14,2.603873125,0,1,0,7/27/1992,1,Pontia_occidentalis,Corfu_WA,Corfu.1992_2
130,219,LD,M,14,2.554866572,0,1,0,7/27/1992,1,Pontia_occidentalis,Corfu_WA,Corfu.1992_2
131,220,LD,M,14,2.447335789,0,1,0,7/27/1992,1,Pontia_occidentalis,Corfu_WA,Corfu.1992_2
132,218,LD,M,14,NA,0,1,0,7/27/1992,1,Pontia_occidentalis,Corfu_WA,Corfu.1992_2
133,227,LD,M,14,2.337308375,0,1,0,7/27/1992,1,Pontia_occidentalis,Corfu_WA,Corfu.1992_2
134,221,LD,M,14,2.23446092,0,1,0,7/27/1992,1,Pontia_occidentalis,Corfu_WA,Corfu.1992_2
135,229,LD,M,14,2.531975935,0,1,0,7/27/1992,1,Pontia_occidentalis,Corfu_WA,Corfu.1992_2
136,217,LD,M,14,NA,0,1,0,7/27/1992,1,Pontia_occidentalis,Corfu_WA,Corfu.1992_2
137,223,LD,M,14,NA,0,1,0,7/27/1992,1,Pontia_occidentalis,Corfu_WA,Corfu.1992_2
138,250,LD,M,11,2.506782354,0,1,0,7/27/1992,1,Pontia_occidentalis,Corfu_WA,Corfu.1992_2
139,259,LD,F,12,2.481839453,0,1,0,7/27/1992,1,Pontia_occidentalis,Corfu_WA,Corfu.1992_2
140,261,LD,M,12,2.565106505,0,1,0,7/27/1992,1,Pontia_occidentalis,Corfu_WA,Corfu.1992_2
141,260,LD,F,12,NA,0,2,0,7/27/1992,2,Pontia_occidentalis,Corfu_WA,Corfu.1992_2
142,258,LD,F,12,2.611696473,0,1,0,7/27/1992,1,Pontia_occidentalis,Corfu_WA,Corfu.1992_2
143,256,LD,F,12,2.466993,0,1,0,7/27/1992,1,Pontia_occidentalis,Corfu_WA,Corfu.1992_2
144,257,LD,F,12,2.469461227,0,1,0,7/27/1992,1,Pontia_occidentalis,Corfu_WA,Corfu.1992_2
145,51,SD,M,6,2.146846454,0,1,0,7/27/1992,1,Pontia_occidentalis,Corfu_WA,Corfu.1992_2
146,40,SD,M,8,2.365525036,0,1,0,7/27/1992,1,Pontia_occidentalis,Corfu_WA,Corfu.1992_2
147,264,LD,F,X,NA,0,1,0,7/27/1992,1,Pontia_occidentalis,Corfu_WA,Corfu.1992_2
148,268,LD,F,9,2.46452724,0,1,0,7/27/1992,1,Pontia_occidentalis,Corfu_WA,Corfu.1992_2
149,265,LD,F,13,NA,0,1,0,7/27/1992,1,Pontia_occidentalis,Corfu_WA,Corfu.1992_2
150,262,LD,M,14,NA,0,1,0,7/27/1992,1,Pontia_occidentalis,Corfu_WA,Corfu.1992_2
151,267,LD,F,14,2.583125242,0,1,0,7/27/1992,1,Pontia_occidentalis,Corfu_WA,Corfu.1992_2
152,263,LD,F,9,NA,0,1,0,7/27/1992,1,Pontia_occidentalis,Corfu_WA,Corfu.1992_2
153,222,LD,M,14,2.344330828,0,1,0,7/27/1992,1,Pontia_occidentalis,Corfu_WA,Corfu.1992_2
154,269,LD,M,5,2.327977815,0,1,0,7/27/1992,1,Pontia_occidentalis,Corfu_WA,Corfu.1992_2
155,94,SD,F,14,2.457144737,0,1,0,7/27/1992,1,Pontia_occidentalis,Corfu_WA,Corfu.1992_2
156,91,SD,F,14,2.327977815,0,1,0,7/27/1992,1,Pontia_occidentalis,Corfu_WA,Corfu.1992_2
157,90,SD,M,15,2.506782354,0,1,0,7/27/1992,1,Pontia_occidentalis,Corfu_WA,Corfu.1992_2
158,89,SD,M,3,NA,0,1,0,7/27/1992,1,Pontia_occidentalis,Corfu_WA,Corfu.1992_2
159,295,LD,F,7,NA,0,1,0,7/28/1992,1,Pontia_occidentalis,Corfu_WA,Corfu.1992_2
160,294,LD,M,7,NA,0,3,0,7/28/1992,3,Pontia_occidentalis,Corfu_WA,Corfu.1992_2
161,297,LD,M,2,NA,0,1,0,7/28/1992,1,Pontia_occidentalis,Corfu_WA,Corfu.1992_2
162,278,LD,F,9,NA,0,1,0,7/28/1992,1,Pontia_occidentalis,Corfu_WA,Corfu.1992_2
163,280,LD,F,6,NA,0,1,0,7/28/1992,1,Pontia_occidentalis,Corfu_WA,Corfu.1992_2
164,301,LD,F,14,NA,0,1,0,7/28/1992,1,Pontia_occidentalis,Corfu_WA,Corfu.1992_2
165,283,LD,F,6,NA,0,1,0,7/28/1992,1,Pontia_occidentalis,Corfu_WA,Corfu.1992_2
166,282,LD,F,6,NA,0,1,0,7/28/1992,1,Pontia_occidentalis,Corfu_WA,Corfu.1992_2
167,276,LD,M,9,NA,0,1,0,7/28/1992,1,Pontia_occidentalis,Corfu_WA,Corfu.1992_2
168,302,LD,M,3,NA,0,1,0,7/28/1992,1,Pontia_occidentalis,Corfu_WA,Corfu.1992_2
169,300,LD,F,9,NA,0,1,0,7/28/1992,1,Pontia_occidentalis,Corfu_WA,Corfu.1992_2
170,384,LD,F,15,NA,0,1,0,7/28/1992,1,Pontia_occidentalis,Corfu_WA,Corfu.1992_2
171,279,LD,F,11,NA,0,2,0,7/28/1992,2,Pontia_occidentalis,Corfu_WA,Corfu.1992_2
172,290,LD,F,14,NA,0,1,0,7/28/1992,1,Pontia_occidentalis,Corfu_WA,Corfu.1992_2
173,298,LD,F,7,NA,0,1,0,7/28/1992,1,Pontia_occidentalis,Corfu_WA,Corfu.1992_2
174,285,LD,M,11,NA,0,1,0,7/28/1992,1,Pontia_occidentalis,Corfu_WA,Corfu.1992_2
175,277,LD,F,13,NA,0,1,0,7/28/1992,1,Pontia_occidentalis,Corfu_WA,Corfu.1992_2
176,292,LD,M,7,NA,0,1,0,7/28/1992,1,Pontia_occidentalis,Corfu_WA,Corfu.1992_2
177,281,LD,F,6,NA,0,1,0,7/28/1992,1,Pontia_occidentalis,Corfu_WA,Corfu.1992_2
178,296,LD,M,7,NA,0,1,0,7/28/1992,1,Pontia_occidentalis,Corfu_WA,Corfu.1992_2
179,288,LD,F,7,NA,0,1,0,7/28/1992,1,Pontia_occidentalis,Corfu_WA,Corfu.1992_2
180,299,LD,F,9,NA,0,1,0,7/28/1992,1,Pontia_occidentalis,Corfu_WA,Corfu.1992_2
181,271,LD,F,14,NA,0,1,0,7/28/1992,1,Pontia_occidentalis,Corfu_WA,Corfu.1992_2
182,287,LD,M,3,NA,0,1,0,7/28/1992,1,Pontia_occidentalis,Corfu_WA,Corfu.1992_2
183,286,LD,F,3,NA,0,1,0,7/28/1992,1,Pontia_occidentalis,Corfu_WA,Corfu.1992_2
184,291,LD,M,7,NA,0,1,0,7/28/1992,1,Pontia_occidentalis,Corfu_WA,Corfu.1992_2
185,289,LD,F,14,NA,0,1,0,7/28/1992,1,Pontia_occidentalis,Corfu_WA,Corfu.1992_2
186,275,LD,F,14,NA,0,1,0,7/28/1992,1,Pontia_occidentalis,Corfu_WA,Corfu.1992_2
187,272,LD,F,14,NA,0,1,0,7/28/1992,1,Pontia_occidentalis,Corfu_WA,Corfu.1992_2
188,303,LD,F,7,NA,0,1,0,7/28/1992,1,Pontia_occidentalis,Corfu_WA,Corfu.1992_2
189,273,LD,F,15,NA,0,1,0,7/28/1992,1,Pontia_occidentalis,Corfu_WA,Corfu.1992_2
190,274,LD,F,14,NA,0,1,0,7/28/1992,1,Pontia_occidentalis,Corfu_WA,Corfu.1992_2
191,270,LD,M,14,NA,0,1,0,7/28/1992,1,Pontia_occidentalis,Corfu_WA,Corfu.1992_2
192,293,LD,F,3,NA,0,1,0,7/28/1992,1,Pontia_occidentalis,Corfu_WA,Corfu.1992_2
193,99,SD,M,3,NA,0,1,0,7/28/1992,1,Pontia_occidentalis,Corfu_WA,Corfu.1992_2
194,98,SD,F,14,NA,0,1,0,7/28/1992,1,Pontia_occidentalis,Corfu_WA,Corfu.1992_2
195,112,SD,F,3,NA,0,1,0,7/28/1992,1,Pontia_occidentalis,Corfu_WA,Corfu.1992_2
196,103,SD,M,14,NA,0,1,0,7/28/1992,1,Pontia_occidentalis,Corfu_WA,Corfu.1992_2
197,102,SD,M,14,NA,0,1,0,7/28/1992,1,Pontia_occidentalis,Corfu_WA,Corfu.1992_2
198,109,SD,F,15,NA,0,1,0,7/28/1992,1,Pontia_occidentalis,Corfu_WA,Corfu.1992_2
199,106,SD,F,7,NA,0,1,0,7/28/1992,1,Pontia_occidentalis,Corfu_WA,Corfu.1992_2
200,95,SD,M,7,NA,0,1,0,7/28/1992,1,Pontia_occidentalis,Corfu_WA,Corfu.1992_2
201,96,SD,F,7,NA,0,1,0,7/28/1992,1,Pontia_occidentalis,Corfu_WA,Corfu.1992_2
202,97,SD,F,14,NA,0,1,0,7/28/1992,1,Pontia_occidentalis,Corfu_WA,Corfu.1992_2
203,108,SD,M,15,NA,0,1,0,7/28/1992,1,Pontia_occidentalis,Corfu_WA,Corfu.1992_2
204,110,SD,M,3,NA,0,1,0,7/28/1992,1,Pontia_occidentalis,Corfu_WA,Corfu.1992_2
205,105,SD,M,6,NA,0,1,0,7/28/1992,1,Pontia_occidentalis,Corfu_WA,Corfu.1992_2
206,104,SD,M,11,NA,0,1,0,7/28/1992,1,Pontia_occidentalis,Corfu_WA,Corfu.1992_2
207,92,SD,F,6,NA,0,1,0,7/28/1992,1,Pontia_occidentalis,Corfu_WA,Corfu.1992_2
208,101,SD,F,14,NA,0,1,0,7/28/1992,1,Pontia_occidentalis,Corfu_WA,Corfu.1992_2
209,111,SD,F,8,NA,0,1,0,7/28/1992,1,Pontia_occidentalis,Corfu_WA,Corfu.1992_2
210,107,SD,F,15,NA,0,1,0,7/28/1992,1,Pontia_occidentalis,Corfu_WA,Corfu.1992_2
211,100,SD,F,14,NA,0,3,0,7/28/1992,3,Pontia_occidentalis,Corfu_WA,Corfu.1992_2
212,337,LD,F,7,NA,0,1,0,7/29/1992,1,Pontia_occidentalis,Corfu_WA,Corfu.1992_2
213,327,LD,M,7,NA,0,1,0,7/29/1992,1,Pontia_occidentalis,Corfu_WA,Corfu.1992_2
214,311,LD,F,15,NA,0,1,0,7/29/1992,1,Pontia_occidentalis,Corfu_WA,Corfu.1992_2
215,306,LD,M,2,NA,0,1,0,7/29/1992,1,Pontia_occidentalis,Corfu_WA,Corfu.1992_2
216,307,LD,F,2,NA,0,1,0,7/29/1992,1,Pontia_occidentalis,Corfu_WA,Corfu.1992_2
217,331,LD,M,6,NA,0,1,0,7/29/1992,1,Pontia_occidentalis,Corfu_WA,Corfu.1992_2
218,336,LD,F,14,NA,0,1,0,7/29/1992,1,Pontia_occidentalis,Corfu_WA,Corfu.1992_2
219,326,LD,F,6,NA,0,1,0,7/29/1992,1,Pontia_occidentalis,Corfu_WA,Corfu.1992_2
220,304,LD,M,2,NA,0,1,0,7/29/1992,1,Pontia_occidentalis,Corfu_WA,Corfu.1992_2
221,309,LD,M,6,NA,0,1,0,7/29/1992,1,Pontia_occidentalis,Corfu_WA,Corfu.1992_2
222,330,LD,F,6,NA,0,1,0,7/29/1992,1,Pontia_occidentalis,Corfu_WA,Corfu.1992_2
223,333,LD,F,14,NA,0,2,0,7/29/1992,2,Pontia_occidentalis,Corfu_WA,Corfu.1992_2
224,308,LD,M,7,NA,0,1,0,7/29/1992,1,Pontia_occidentalis,Corfu_WA,Corfu.1992_2
225,305,SD,F,2,NA,0,1,0,7/29/1992,1,Pontia_occidentalis,Corfu_WA,Corfu.1992_2
226,310,LD,F,14,NA,0,1,0,7/29/1992,1,Pontia_occidentalis,Corfu_WA,Corfu.1992_2
227,313,LD,M,3,NA,0,1,0,7/29/1992,1,Pontia_occidentalis,Corfu_WA,Corfu.1992_2
228,322,LD,M,14,NA,0,1,0,7/29/1992,1,Pontia_occidentalis,Corfu_WA,Corfu.1992_2
229,316,LD,M,6,NA,0,1,0,7/29/1992,1,Pontia_occidentalis,Corfu_WA,Corfu.1992_2
230,332,LD,F,6,NA,0,1,0,7/29/1992,1,Pontia_occidentalis,Corfu_WA,Corfu.1992_2
231,123,SD,M,2,NA,0,1,0,7/29/1992,1,Pontia_occidentalis,Corfu_WA,Corfu.1992_2
232,312,LD,F,2,NA,0,1,0,7/29/1992,1,Pontia_occidentalis,Corfu_WA,Corfu.1992_2
233,325,LD,M,3,NA,0,1,0,7/29/1992,1,Pontia_occidentalis,Corfu_WA,Corfu.1992_2
234,321,LD,F,6,NA,0,1,0,7/29/1992,1,Pontia_occidentalis,Corfu_WA,Corfu.1992_2
235,319,LD,M,15,NA,0,1,0,7/29/1992,1,Pontia_occidentalis,Corfu_WA,Corfu.1992_2
236,124,SD,F,11,NA,0,1,0,7/29/1992,1,Pontia_occidentalis,Corfu_WA,Corfu.1992_2
237,323,LD,F,6,NA,0,1,0,7/29/1992,1,Pontia_occidentalis,Corfu_WA,Corfu.1992_2
238,315,LD,F,6,NA,0,1,0,7/29/1992,1,Pontia_occidentalis,Corfu_WA,Corfu.1992_2
239,324,LD,F,3,NA,0,1,0,7/29/1992,1,Pontia_occidentalis,Corfu_WA,Corfu.1992_2
240,317,LD,M,6,NA,0,1,0,7/29/1992,1,Pontia_occidentalis,Corfu_WA,Corfu.1992_2
241,328,LD,F,6,NA,0,1,0,7/29/1992,1,Pontia_occidentalis,Corfu_WA,Corfu.1992_2
242,320,LD,F,2,NA,0,1,0,7/29/1992,1,Pontia_occidentalis,Corfu_WA,Corfu.1992_2
243,334,LD,M,14,NA,0,1,0,7/29/1992,1,Pontia_occidentalis,Corfu_WA,Corfu.1992_2
244,314,LD,F,3,NA,0,1,0,7/29/1992,1,Pontia_occidentalis,Corfu_WA,Corfu.1992_2
245,335,LD,M,12,NA,0,1,0,7/29/1992,1,Pontia_occidentalis,Corfu_WA,Corfu.1992_2
246,318,LD,F,11,NA,0,1,0,7/29/1992,1,Pontia_occidentalis,Corfu_WA,Corfu.1992_2
247,121,SD,M,14,NA,0,1,0,7/29/1992,1,Pontia_occidentalis,Corfu_WA,Corfu.1992_2
248,118,SD,M,15,NA,0,1,0,7/29/1992,1,Pontia_occidentalis,Corfu_WA,Corfu.1992_2
249,117,SD,F,15,NA,0,1,0,7/29/1992,1,Pontia_occidentalis,Corfu_WA,Corfu.1992_2
250,122,SD,F,8,NA,0,1,0,7/29/1992,1,Pontia_occidentalis,Corfu_WA,Corfu.1992_2
251,119,SD,M,diet,NA,0,1,0,7/29/1992,1,Pontia_occidentalis,Corfu_WA,Corfu.1992_2
252,113,SD,M,diet,NA,0,1,0,7/29/1992,1,Pontia_occidentalis,Corfu_WA,Corfu.1992_2
253,116,SD,M,1,NA,0,1,0,7/29/1992,1,Pontia_occidentalis,Corfu_WA,Corfu.1992_2
254,115,SD,M,14,NA,0,1,0,7/29/1992,1,Pontia_occidentalis,Corfu_WA,Corfu.1992_2
255,120,SD,F,15,NA,0,1,0,7/29/1992,1,Pontia_occidentalis,Corfu_WA,Corfu.1992_2
256,125,SD,F,11,NA,0,1,0,7/29/1992,1,Pontia_occidentalis,Corfu_WA,Corfu.1992_2
257,114,SD,M,6,NA,0,1,0,7/29/1992,1,Pontia_occidentalis,Corfu_WA,Corfu.1992_2
258,128,SD,M,3,NA,0,1,0,7/30/1992,1,Pontia_occidentalis,Corfu_WA,Corfu.1992_2
259,126,SD,M,NA,NA,0,1,0,7/30/1992,1,Pontia_occidentalis,Corfu_WA,Corfu.1992_2
260,127,SD,F,14,NA,0,1,0,7/30/1992,1,Pontia_occidentalis,Corfu_WA,Corfu.1992_2
261,344,LD,M,6,NA,0,2,0,7/30/1992,2,Pontia_occidentalis,Corfu_WA,Corfu.1992_2
262,349,LD,F,7,NA,0,1,0,7/30/1992,1,Pontia_occidentalis,Corfu_WA,Corfu.1992_2
263,341,LD,F,diet,NA,0,1,0,7/30/1992,1,Pontia_occidentalis,Corfu_WA,Corfu.1992_2
264,350,LD,F,15,NA,0,1,0,7/30/1992,1,Pontia_occidentalis,Corfu_WA,Corfu.1992_2
265,351,LD,M,15,NA,0,1,0,7/30/1992,1,Pontia_occidentalis,Corfu_WA,Corfu.1992_2
266,352,LD,M,6,NA,0,1,0,7/30/1992,1,Pontia_occidentalis,Corfu_WA,Corfu.1992_2
267,346,LD,F,6,NA,0,1,0,7/30/1992,1,Pontia_occidentalis,Corfu_WA,Corfu.1992_2
268,345,LD,F,6,NA,0,2,0,7/30/1992,2,Pontia_occidentalis,Corfu_WA,Corfu.1992_2
269,348,LD,F,X,NA,0,1,0,7/30/1992,1,Pontia_occidentalis,Corfu_WA,Corfu.1992_2
270,347,LD,M,9,NA,0,1,0,7/30/1992,1,Pontia_occidentalis,Corfu_WA,Corfu.1992_2
271,338,LD,F,6,NA,0,1,0,7/30/1992,1,Pontia_occidentalis,Corfu_WA,Corfu.1992_2
272,353,LD,M,7,NA,0,1,0,7/30/1992,1,Pontia_occidentalis,Corfu_WA,Corfu.1992_2
273,339,LD,M,2,NA,0,1,0,7/30/1992,1,Pontia_occidentalis,Corfu_WA,Corfu.1992_2
274,342,LD,M,3,NA,0,1,0,7/30/1992,1,Pontia_occidentalis,Corfu_WA,Corfu.1992_2
275,343,LD,F,diet,NA,0,1,0,7/30/1992,1,Pontia_occidentalis,Corfu_WA,Corfu.1992_2
276,340,LD,M,diet,NA,0,1,0,7/30/1992,1,Pontia_occidentalis,Corfu_WA,Corfu.1992_2
277,137,SD,F,3,NA,0,1,0,7/31/1992,1,Pontia_occidentalis,Corfu_WA,Corfu.1992_2
278,135,SD,M,diet,NA,0,1,0,7/31/1992,1,Pontia_occidentalis,Corfu_WA,Corfu.1992_2
279,131,SD,F,diet,NA,0,1,0,7/31/1992,1,Pontia_occidentalis,Corfu_WA,Corfu.1992_2
280,132,SD,F,diet,NA,0,2,0,7/31/1992,2,Pontia_occidentalis,Corfu_WA,Corfu.1992_2
281,133,SD,F,3,NA,0,1,0,7/31/1992,1,Pontia_occidentalis,Corfu_WA,Corfu.1992_2
282,129,SD,M,diet,NA,0,1,0,7/31/1992,1,Pontia_occidentalis,Corfu_WA,Corfu.1992_2
283,136,SD,F,7,NA,0,1,0,7/31/1992,1,Pontia_occidentalis,Corfu_WA,Corfu.1992_2
284,130,SD,M,diet,NA,0,1,0,7/31/1992,1,Pontia_occidentalis,Corfu_WA,Corfu.1992_2
285,134,SD,F,diet,NA,0,1,0,7/31/1992,1,Pontia_occidentalis,Corfu_WA,Corfu.1992_2
286,138,SD,M,7,NA,0,1,0,7/31/1992,1,Pontia_occidentalis,Corfu_WA,Corfu.1992_2
287,356,LD,M,diet,NA,0,1,0,7/31/1992,1,Pontia_occidentalis,Corfu_WA,Corfu.1992_2
288,359,LD,M,6,NA,0,1,0,7/31/1992,1,Pontia_occidentalis,Corfu_WA,Corfu.1992_2
289,354,LD,F,diet,NA,0,1,0,7/31/1992,1,Pontia_occidentalis,Corfu_WA,Corfu.1992_2
290,360,LD,M,6,NA,0,1,0,7/31/1992,1,Pontia_occidentalis,Corfu_WA,Corfu.1992_2
291,357,LD,M,6,NA,0,1,0,7/31/1992,1,Pontia_occidentalis,Corfu_WA,Corfu.1992_2
292,358,LD,F,11,NA,0,1,0,7/31/1992,1,Pontia_occidentalis,Corfu_WA,Corfu.1992_2
293,355,LD,M,diet,NA,0,2,0,7/31/1992,2,Pontia_occidentalis,Corfu_WA,Corfu.1992_2
294,363,LD,F,diet,NA,0,1,0,8/2/1992,1,Pontia_occidentalis,Corfu_WA,Corfu.1992_2
295,362,LD,M,diet,NA,0,1,0,8/2/1992,1,Pontia_occidentalis,Corfu_WA,Corfu.1992_2
296,361,LD,F,diet,NA,0,1,0,8/2/1992,1,Pontia_occidentalis,Corfu_WA,Corfu.1992_2
297,140,SD,M,diet,NA,0,1,0,8/2/1992,1,Pontia_occidentalis,Corfu_WA,Corfu.1992_2
298,139,SD,F,diet,NA,0,1,0,8/2/1992,1,Pontia_occidentalis,Corfu_WA,Corfu.1992_2
299,141,SD,F,diet,NA,0,1,0,8/2/1992,1,Pontia_occidentalis,Corfu_WA,Corfu.1992_2
300,2,SD,F,9,2.479358854,1,1,1,7/27/1992,1,Pontia_occidentalis,Corfu_WA,Corfu.1992_2
301,2,SD,F,9,2.479358854,2,3,2,7/27/1992,1,Pontia_occidentalis,Corfu_WA,Corfu.1992_2
302,2,SD,F,9,2.479358854,2,3,3,7/27/1992,1,Pontia_occidentalis,Corfu_WA,Corfu.1992_2
303,3,SD,F,9,2.459603111,1,1,1,7/27/1992,1,Pontia_occidentalis,Corfu_WA,Corfu.1992_2
304,6,SD,M,9,2.341987669,1,1,1,7/27/1992,1,Pontia_occidentalis,Corfu_WA,Corfu.1992_2
305,7,SD,M,9,2.356081835,1,1,1,7/27/1992,1,Pontia_occidentalis,Corfu_WA,Corfu.1992_2
306,7,SD,M,9,2.356081835,1,1,2,7/27/1992,1,Pontia_occidentalis,Corfu_WA,Corfu.1992_2
307,8,SD,F,9,2.422984391,2,1,1,7/27/1992,1,Pontia_occidentalis,Corfu_WA,Corfu.1992_2
308,9,SD,F,9,2.321004347,1,1,1,7/27/1992,1,Pontia_occidentalis,Corfu_WA,Corfu.1992_2
309,9,SD,F,9,2.321004347,1,1,2,7/27/1992,1,Pontia_occidentalis,Corfu_WA,Corfu.1992_2
310,9,SD,F,9,2.321004347,1,2,3,7/27/1992,1,Pontia_occidentalis,Corfu_WA,Corfu.1992_2
311,9,SD,F,9,2.321004347,2,3,4,7/27/1992,1,Pontia_occidentalis,Corfu_WA,Corfu.1992_2
312,9,SD,F,9,2.321004347,3,4,5,7/27/1992,1,Pontia_occidentalis,Corfu_WA,Corfu.1992_2
313,11,SD,M,3,2.398875294,2,1,1,7/27/1992,1,Pontia_occidentalis,Corfu_WA,Corfu.1992_2
314,11,SD,M,3,2.398875294,2,3,2,7/27/1992,1,Pontia_occidentalis,Corfu_WA,Corfu.1992_2
315,11,SD,M,3,2.398875294,2,3,3,7/27/1992,1,Pontia_occidentalis,Corfu_WA,Corfu.1992_2
316,11,SD,M,3,2.398875294,2,3,4,7/27/1992,1,Pontia_occidentalis,Corfu_WA,Corfu.1992_2
317,13,SD,M,3,2.526917044,1,1,1,7/27/1992,1,Pontia_occidentalis,Corfu_WA,Corfu.1992_2
318,13,SD,M,3,2.526917044,1,1,2,7/27/1992,1,Pontia_occidentalis,Corfu_WA,Corfu.1992_2
319,13,SD,M,3,2.526917044,1,4,3,7/27/1992,1,Pontia_occidentalis,Corfu_WA,Corfu.1992_2
320,13,SD,M,3,2.526917044,2,4,4,7/27/1992,1,Pontia_occidentalis,Corfu_WA,Corfu.1992_2
321,13,SD,M,3,2.526917044,2,4,5,7/27/1992,1,Pontia_occidentalis,Corfu_WA,Corfu.1992_2
322,13,SD,M,3,2.526917044,2,4,6,7/27/1992,1,Pontia_occidentalis,Corfu_WA,Corfu.1992_2
323,15,SD,F,7,2.479358854,1,1,1,7/27/1992,1,Pontia_occidentalis,Corfu_WA,Corfu.1992_2
324,16,SD,M,7,2.616925093,1,1,1,7/27/1992,1,Pontia_occidentalis,Corfu_WA,Corfu.1992_2
325,16,SD,M,7,2.616925093,2,2,2,7/27/1992,1,Pontia_occidentalis,Corfu_WA,Corfu.1992_2
326,18,SD,M,7,2.420562618,1,1,1,7/27/1992,1,Pontia_occidentalis,Corfu_WA,Corfu.1992_2
327,18,SD,M,7,2.420562618,2,2,2,7/27/1992,1,Pontia_occidentalis,Corfu_WA,Corfu.1992_2
328,18,SD,M,7,2.420562618,4,3,3,7/27/1992,1,Pontia_occidentalis,Corfu_WA,Corfu.1992_2
329,18,SD,M,7,2.420562618,4,2,4,7/27/1992,1,Pontia_occidentalis,Corfu_WA,Corfu.1992_2
330,18,SD,M,7,2.420562618,4,3,5,7/27/1992,1,Pontia_occidentalis,Corfu_WA,Corfu.1992_2
331,19,SD,M,7,2.968331469,1,1,1,7/27/1992,1,Pontia_occidentalis,Corfu_WA,Corfu.1992_2
332,19,SD,M,7,2.968331469,1,1,2,7/27/1992,1,Pontia_occidentalis,Corfu_WA,Corfu.1992_2
333,19,SD,M,7,2.968331469,2,2,3,7/27/1992,1,Pontia_occidentalis,Corfu_WA,Corfu.1992_2
334,19,SD,M,7,2.968331469,2,2,4,7/27/1992,1,Pontia_occidentalis,Corfu_WA,Corfu.1992_2
335,19,SD,M,7,2.968331469,3,3,5,7/27/1992,1,Pontia_occidentalis,Corfu_WA,Corfu.1992_2
336,19,SD,M,7,2.968331469,3,3,6,7/27/1992,1,Pontia_occidentalis,Corfu_WA,Corfu.1992_2
337,19,SD,M,7,2.968331469,3,3,7,7/27/1992,1,Pontia_occidentalis,Corfu_WA,Corfu.1992_2
338,19,SD,M,7,2.968331469,3,4,8,7/27/1992,1,Pontia_occidentalis,Corfu_WA,Corfu.1992_2
339,23,SD,M,7,2.496775252,1,4,1,7/27/1992,1,Pontia_occidentalis,Corfu_WA,Corfu.1992_2
340,23,SD,F,7,2.496775252,2,5,2,7/27/1992,1,Pontia_occidentalis,Corfu_WA,Corfu.1992_2
341,23,SD,F,7,2.496775252,2,5,3,7/27/1992,1,Pontia_occidentalis,Corfu_WA,Corfu.1992_2
342,24,SD,M,7,2.277321565,1,1,1,7/27/1992,1,Pontia_occidentalis,Corfu_WA,Corfu.1992_2
343,24,SD,M,7,2.277321565,2,2,2,7/27/1992,1,Pontia_occidentalis,Corfu_WA,Corfu.1992_2
344,24,SD,M,7,2.277321565,3,2,3,7/27/1992,1,Pontia_occidentalis,Corfu_WA,Corfu.1992_2
345,26,SD,F,7,2.486808098,1,1,1,7/27/1992,1,Pontia_occidentalis,Corfu_WA,Corfu.1992_2
346,26,SD,F,7,2.486808098,1,1,2,7/27/1992,1,Pontia_occidentalis,Corfu_WA,Corfu.1992_2
347,27,SD,F,7,2.358439095,1,3,1,7/27/1992,1,Pontia_occidentalis,Corfu_WA,Corfu.1992_2
348,27,SD,M,7,2.358439095,1,1,2,7/27/1992,1,Pontia_occidentalis,Corfu_WA,Corfu.1992_2
349,27,SD,M,7,2.358439095,1,4,3,7/27/1992,1,Pontia_occidentalis,Corfu_WA,Corfu.1992_2
350,27,SD,M,7,2.358439095,1,4,4,7/27/1992,1,Pontia_occidentalis,Corfu_WA,Corfu.1992_2
351,28,SD,M,7,2.440004784,1,1,1,7/27/1992,1,Pontia_occidentalis,Corfu_WA,Corfu.1992_2
352,28,SD,M,7,2.440004784,2,5,2,7/27/1992,1,Pontia_occidentalis,Corfu_WA,Corfu.1992_2
353,28,SD,M,7,2.440004784,2,5,3,7/27/1992,1,Pontia_occidentalis,Corfu_WA,Corfu.1992_2
354,28,SD,M,7,2.440004784,2,5,4,7/27/1992,1,Pontia_occidentalis,Corfu_WA,Corfu.1992_2
355,28,SD,M,7,2.440004784,2,6,5,7/27/1992,1,Pontia_occidentalis,Corfu_WA,Corfu.1992_2
356,29,SD,F,7,2.327977815,1,1,1,7/27/1992,1,Pontia_occidentalis,Corfu_WA,Corfu.1992_2
357,29,SD,F,7,2.327977815,1,1,2,7/27/1992,1,Pontia_occidentalis,Corfu_WA,Corfu.1992_2
358,29,SD,F,7,2.327977815,1,1,3,7/27/1992,1,Pontia_occidentalis,Corfu_WA,Corfu.1992_2
359,29,SD,F,7,2.327977815,2,1,4,7/27/1992,1,Pontia_occidentalis,Corfu_WA,Corfu.1992_2
360,31,SD,F,7,2.386910854,1,1,1,7/27,1,Pontia_occidentalis,Corfu_WA,Corfu.1992_2
361,31,SD,F,7,2.386910854,1,1,2,7/27,1,Pontia_occidentalis,Corfu_WA,Corfu.1992_2
362,31,SD,F,7,2.386910854,3,4,3,7/27,1,Pontia_occidentalis,Corfu_WA,Corfu.1992_2
363,34,SD,M,7,2.585709659,1,1,1,7/27/1992,1,Pontia_occidentalis,Corfu_WA,Corfu.1992_2
364,34,SD,M,7,2.585709659,2,2,2,7/27/1992,1,Pontia_occidentalis,Corfu_WA,Corfu.1992_2
365,34,SD,M,7,2.585709659,3,3,3,7/27/1992,1,Pontia_occidentalis,Corfu_WA,Corfu.1992_2
366,34,SD,M,7,2.585709659,4,3,4,7/27/1992,1,Pontia_occidentalis,Corfu_WA,Corfu.1992_2
367,35,SD,M,7,2.367891745,1,1,1,7/27/1992,1,Pontia_occidentalis,Corfu_WA,Corfu.1992_2
368,35,SD,M,7,2.367891745,2,2,2,7/27/1992,1,Pontia_occidentalis,Corfu_WA,Corfu.1992_2
369,35,SD,M,7,2.367891745,3,2,3,7/27/1992,1,Pontia_occidentalis,Corfu_WA,Corfu.1992_2
370,35,SD,M,7,2.367891745,3,2,4,7/27/1992,1,Pontia_occidentalis,Corfu_WA,Corfu.1992_2
371,35,SD,M,7,2.367891745,4,3,5,7/27/1992,1,Pontia_occidentalis,Corfu_WA,Corfu.1992_2
372,35,SD,M,7,2.367891745,4,5,6,7/27/1992,1,Pontia_occidentalis,Corfu_WA,Corfu.1992_2
373,35,SD,M,7,2.367891745,4,4,7,7/27/1992,1,Pontia_occidentalis,Corfu_WA,Corfu.1992_2
374,35,SD,M,7,2.367891745,5,6,8,7/27/1992,1,Pontia_occidentalis,Corfu_WA,Corfu.1992_2
375,35,SD,M,7,2.367891745,5,4,9,7/27/1992,1,Pontia_occidentalis,Corfu_WA,Corfu.1992_2
376,35,SD,M,7,2.367891745,5,5,10,7/27/1992,1,Pontia_occidentalis,Corfu_WA,Corfu.1992_2
377,36,SD,M,4,2.382141802,1,1,1,7/27/1992,1,Pontia_occidentalis,Corfu_WA,Corfu.1992_2
378,36,SD,M,4,2.382141802,2,1,2,7/27/1992,1,Pontia_occidentalis,Corfu_WA,Corfu.1992_2
379,36,SD,M,4,2.382141802,2,1,3,7/27/1992,1,Pontia_occidentalis,Corfu_WA,Corfu.1992_2
380,36,SD,M,4,2.382141802,3,3,4,7/27/1992,1,Pontia_occidentalis,Corfu_WA,Corfu.1992_2
381,37,SD,M,2,2.425408588,1,1,1,7/27/1992,1,Pontia_occidentalis,Corfu_WA,Corfu.1992_2
382,37,SD,M,2,2.425408588,3,3,2,7/27/1992,1,Pontia_occidentalis,Corfu_WA,Corfu.1992_2
383,39,SD,M,8,2.227767583,1,3,1,7/27/1992,1,Pontia_occidentalis,Corfu_WA,Corfu.1992_2
384,40,SD,M,8,2.365525036,1,2,1,7/27/1992,1,Pontia_occidentalis,Corfu_WA,Corfu.1992_2
385,40,SD,M,8,2.365525036,2,4,2,7/27/1992,1,Pontia_occidentalis,Corfu_WA,Corfu.1992_2
386,40,SD,M,8,2.365525036,2,5,3,7/27/1992,1,Pontia_occidentalis,Corfu_WA,Corfu.1992_2
387,40,SD,M,8,2.365525036,2,3,4,7/27/1992,1,Pontia_occidentalis,Corfu_WA,Corfu.1992_2
388,42,SD,M,12,2.506782354,1,1,1,7/27/1992,1,Pontia_occidentalis,Corfu_WA,Corfu.1992_2
389,42,SD,F,12,2.506782354,1,2,2,7/27/1992,1,Pontia_occidentalis,Corfu_WA,Corfu.1992_2
390,42,SD,M,12,2.506782354,2,3,3,7/27/1992,1,Pontia_occidentalis,Corfu_WA,Corfu.1992_2
391,42,SD,M,12,2.506782354,2,3,4,7/27/1992,1,Pontia_occidentalis,Corfu_WA,Corfu.1992_2
392,42,SD,M,12,2.506782354,2,3,5,7/27/1992,1,Pontia_occidentalis,Corfu_WA,Corfu.1992_2
393,43,SD,M,13,2.534509178,1,1,1,7/27/1992,1,Pontia_occidentalis,Corfu_WA,Corfu.1992_2
394,43,SD,M,13,2.534509178,3,3,2,7/27/1992,1,Pontia_occidentalis,Corfu_WA,Corfu.1992_2
395,43,SD,M,13,2.534509178,3,3,3,7/27/1992,1,Pontia_occidentalis,Corfu_WA,Corfu.1992_2
396,43,SD,M,13,2.534509178,3,3,4,7/27/1992,1,Pontia_occidentalis,Corfu_WA,Corfu.1992_2
397,43,SD,M,13,2.534509178,3,3,5,7/27/1992,1,Pontia_occidentalis,Corfu_WA,Corfu.1992_2
398,43,SD,M,13,2.534509178,3,4,6,7/27/1992,1,Pontia_occidentalis,Corfu_WA,Corfu.1992_2
399,43,SD,M,13,2.534509178,4,5,7,7/27/1992,1,Pontia_occidentalis,Corfu_WA,Corfu.1992_2
400,43,SD,M,13,2.534509178,4,5,8,7/27/1992,1,Pontia_occidentalis,Corfu_WA,Corfu.1992_2
401,43,SD,F,13,2.534509178,5,4,9,7/27/1992,1,Pontia_occidentalis,Corfu_WA,Corfu.1992_2
402,43,SD,M,13,2.534509178,5,4,10,7/27/1992,1,Pontia_occidentalis,Corfu_WA,Corfu.1992_2
403,43,SD,F,13,2.534509178,5,6,11,7/27/1992,1,Pontia_occidentalis,Corfu_WA,Corfu.1992_2
404,43,SD,F,13,2.534509178,5,6,12,7/27/1992,1,Pontia_occidentalis,Corfu_WA,Corfu.1992_2
405,44,SD,F,13,2.46452724,1,1,1,7/27/1992,1,Pontia_occidentalis,Corfu_WA,Corfu.1992_2
406,44,SD,F,13,2.46452724,1,2,2,7/27/1992,1,Pontia_occidentalis,Corfu_WA,Corfu.1992_2
407,44,SD,F,13,2.46452724,1,2,3,7/27/1992,1,Pontia_occidentalis,Corfu_WA,Corfu.1992_2
408,45,SD,F,13,2.531975935,1,3,1,7/27/1992,1,Pontia_occidentalis,Corfu_WA,Corfu.1992_2
409,48,SD,M,6,2.418143265,2,1,1,7/27/1992,1,Pontia_occidentalis,Corfu_WA,Corfu.1992_2
410,50,SD,F,6,2.339646852,4,2,1,7/27/1992,1,Pontia_occidentalis,Corfu_WA,Corfu.1992_2
411,51,SD,M,6,2.146846454,3,4,1,7/27/1992,1,Pontia_occidentalis,Corfu_WA,Corfu.1992_2
412,51,SD,M,6,2.146846454,3,5,2,7/27/1992,1,Pontia_occidentalis,Corfu_WA,Corfu.1992_2
413,51,SD,M,6,2.146846454,3,5,3,7/27/1992,1,Pontia_occidentalis,Corfu_WA,Corfu.1992_2
414,52,SD,M,6,2.207807629,2,2,1,7/27/1992,1,Pontia_occidentalis,Corfu_WA,Corfu.1992_2
415,52,SD,M,6,2.207807629,2,2,2,7/27/1992,1,Pontia_occidentalis,Corfu_WA,Corfu.1992_2
416,56,LD,F,6,2.311738872,1,2,1,7/27/1992,1,Pontia_occidentalis,Corfu_WA,Corfu.1992_2
417,56,SD,F,6,2.311738872,1,1,2,7/27/1992,1,Pontia_occidentalis,Corfu_WA,Corfu.1992_2
418,56,SD,F,6,2.311738872,2,4,3,7/27/1992,1,Pontia_occidentalis,Corfu_WA,Corfu.1992_2
419,58,SD,F,6,2.406082726,1,1,1,7/27/1992,1,Pontia_occidentalis,Corfu_WA,Corfu.1992_2
420,60,SD,F,6,2.286449094,1,1,1,7/27/1992,1,Pontia_occidentalis,Corfu_WA,Corfu.1992_2
421,60,SD,F,6,2.286449094,1,3,2,7/27/1992,1,Pontia_occidentalis,Corfu_WA,Corfu.1992_2
422,60,SD,F,6,2.286449094,2,4,3,7/27/1992,1,Pontia_occidentalis,Corfu_WA,Corfu.1992_2
423,60,SD,F,6,2.286449094,4,5,4,7/27/1992,1,Pontia_occidentalis,Corfu_WA,Corfu.1992_2
424,61,SD,F,6,2.394082338,1,1,1,7/27/1992,1,Pontia_occidentalis,Corfu_WA,Corfu.1992_2
425,62,SD,F,6,2.469461227,1,1,1,7/27/1992,1,Pontia_occidentalis,Corfu_WA,Corfu.1992_2
426,62,SD,F,6,2.469461227,1,1,2,7/27/1992,1,Pontia_occidentalis,Corfu_WA,Corfu.1992_2
427,63,SD,F,6,2.286449094,2,2,1,7/27/1992,1,Pontia_occidentalis,Corfu_WA,Corfu.1992_2
428,63,SD,F,6,2.286449094,3,1,2,7/27/1992,1,Pontia_occidentalis,Corfu_WA,Corfu.1992_2
429,63,SD,F,6,2.286449094,4,2,3,7/27/1992,1,Pontia_occidentalis,Corfu_WA,Corfu.1992_2
430,63,SD,F,6,2.286449094,4,1,4,7/27/1992,1,Pontia_occidentalis,Corfu_WA,Corfu.1992_2
431,64,SD,F,6,2.300209027,2,1,1,7/27/1992,1,Pontia_occidentalis,Corfu_WA,Corfu.1992_2
432,64,SD,F,6,2.300209027,3,1,2,7/27/1992,1,Pontia_occidentalis,Corfu_WA,Corfu.1992_2
433,65,SD,M,6,2.418143265,1,1,1,7/27/1992,1,Pontia_occidentalis,Corfu_WA,Corfu.1992_2
434,65,SD,M,6,2.418143265,1,3,2,7/27/1992,1,Pontia_occidentalis,Corfu_WA,Corfu.1992_2
435,65,SD,M,6,2.418143265,1,3,3,7/27/1992,1,Pontia_occidentalis,Corfu_WA,Corfu.1992_2
436,65,SD,M,6,2.418143265,1,3,4,7/27/1992,1,Pontia_occidentalis,Corfu_WA,Corfu.1992_2
437,69,SD,F,14,2.601270553,1,1,1,7/27/1992,1,Pontia_occidentalis,Corfu_WA,Corfu.1992_2
438,69,SD,F,14,2.601270553,1,1,2,7/27/1992,1,Pontia_occidentalis,Corfu_WA,Corfu.1992_2
439,70,SD,M,14,2.444889677,1,3,1,7/27/1992,1,Pontia_occidentalis,Corfu_WA,Corfu.1992_2
440,70,SD,M,14,2.444889677,2,3,2,7/27/1992,1,Pontia_occidentalis,Corfu_WA,Corfu.1992_2
441,76,SD,M,14,2.437565999,1,1,1,7/27/1992,1,Pontia_occidentalis,Corfu_WA,Corfu.1992_2
442,76,SD,M,14,2.437565999,1,1,2,7/27/1992,1,Pontia_occidentalis,Corfu_WA,Corfu.1992_2
443,76,SD,M,14,2.437565999,2,1,3,7/27/1992,1,Pontia_occidentalis,Corfu_WA,Corfu.1992_2
444,76,SD,M,14,2.437565999,3,3,4,7/27/1992,1,Pontia_occidentalis,Corfu_WA,Corfu.1992_2
445,77,SD,M,14,2.46452724,2,3,1,7/27/1992,1,Pontia_occidentalis,Corfu_WA,Corfu.1992_2
446,77,SD,M,14,2.46452724,2,3,2,7/27/1992,1,Pontia_occidentalis,Corfu_WA,Corfu.1992_2
447,77,SD,M,14,2.46452724,3,4,3,7/27/1992,1,Pontia_occidentalis,Corfu_WA,Corfu.1992_2
448,77,SD,M,14,2.46452724,3,4,4,7/27/1992,1,Pontia_occidentalis,Corfu_WA,Corfu.1992_2
449,77,SD,M,14,2.46452724,3,4,5,7/27/1992,1,Pontia_occidentalis,Corfu_WA,Corfu.1992_2
450,77,SD,M,14,2.46452724,4,5,6,7/27/1992,1,Pontia_occidentalis,Corfu_WA,Corfu.1992_2
451,77,SD,M,14,2.46452724,4,5,7,7/27/1992,1,Pontia_occidentalis,Corfu_WA,Corfu.1992_2
452,77,SD,M,14,2.46452724,4,5,8,7/27/1992,1,Pontia_occidentalis,Corfu_WA,Corfu.1992_2
453,77,SD,M,14,2.46452724,4,5,9,7/27/1992,1,Pontia_occidentalis,Corfu_WA,Corfu.1992_2
454,78,SD,M,14,2.501773799,1,1,1,7/27/1992,1,Pontia_occidentalis,Corfu_WA,Corfu.1992_2
455,79,SD,M,14,2.547213458,2,3,1,7/27/1992,1,Pontia_occidentalis,Corfu_WA,Corfu.1992_2
456,79,SD,M,14,2.547213458,2,3,2,7/27/1992,1,Pontia_occidentalis,Corfu_WA,Corfu.1992_2
457,79,SD,M,14,2.547213458,2,3,3,7/27/1992,1,Pontia_occidentalis,Corfu_WA,Corfu.1992_2
458,79,SD,M,14,2.547213458,3,3,4,7/27/1992,1,Pontia_occidentalis,Corfu_WA,Corfu.1992_2
459,79,SD,M,14,2.547213458,3,4,5,7/27/1992,1,Pontia_occidentalis,Corfu_WA,Corfu.1992_2
460,79,SD,F,14,2.547213458,4,6,6,7/27/1992,1,Pontia_occidentalis,Corfu_WA,Corfu.1992_2
461,80,SD,M,14,2.567672894,1,1,1,7/27/1992,1,Pontia_occidentalis,Corfu_WA,Corfu.1992_2
462,80,SD,M,14,2.567672894,4,5,2,7/27/1992,1,Pontia_occidentalis,Corfu_WA,Corfu.1992_2
463,81,SD,F,14,2.585709659,1,3,1,7/27/1992,1,Pontia_occidentalis,Corfu_WA,Corfu.1992_2
464,82,SD,F,14,2.537044954,2,1,1,7/27/1992,1,Pontia_occidentalis,Corfu_WA,Corfu.1992_2
465,82,SD,F,14,2.537044954,2,3,2,7/27/1992,1,Pontia_occidentalis,Corfu_WA,Corfu.1992_2
466,83,SD,M,14,2.427835209,1,1,1,7/27/1992,1,Pontia_occidentalis,Corfu_WA,Corfu.1992_2
467,83,SD,M,14,2.427835209,2,3,2,7/27/1992,1,Pontia_occidentalis,Corfu_WA,Corfu.1992_2
468,83,SD,M,14,2.427835209,3,2,3,7/27/1992,1,Pontia_occidentalis,Corfu_WA,Corfu.1992_2
469,83,SD,M,14,2.427835209,3,3,4,7/27/1992,1,Pontia_occidentalis,Corfu_WA,Corfu.1992_2
470,83,SD,M,14,2.427835209,3,2,5,7/27/1992,1,Pontia_occidentalis,Corfu_WA,Corfu.1992_2
471,83,SD,M,14,2.427835209,4,5,6,7/27/1992,1,Pontia_occidentalis,Corfu_WA,Corfu.1992_2
472,83,SD,M,14,2.427835209,5,5,7,7/27/1992,1,Pontia_occidentalis,Corfu_WA,Corfu.1992_2
473,83,SD,M,14,2.427835209,5,5,8,7/27/1992,1,Pontia_occidentalis,Corfu_WA,Corfu.1992_2
474,84,SD,M,14,2.330306957,1,1,1,7/27/1992,1,Pontia_occidentalis,Corfu_WA,Corfu.1992_2
475,84,SD,M,14,2.330306957,1,1,2,7/27/1992,1,Pontia_occidentalis,Corfu_WA,Corfu.1992_2
476,85,SD,M,14,2.542124122,1,1,1,7/27/1992,1,Pontia_occidentalis,Corfu_WA,Corfu.1992_2
477,85,SD,M,14,2.542124122,2,1,2,7/27/1992,1,Pontia_occidentalis,Corfu_WA,Corfu.1992_2
478,85,SD,M,14,2.542124122,2,1,3,7/27/1992,1,Pontia_occidentalis,Corfu_WA,Corfu.1992_2
479,85,SD,M,14,2.542124122,3,2,4,7/27/1992,1,Pontia_occidentalis,Corfu_WA,Corfu.1992_2
480,85,SD,M,14,2.542124122,4,3,5,7/27/1992,1,Pontia_occidentalis,Corfu_WA,Corfu.1992_2
481,85,SD,M,14,2.542124122,4,3,6,7/27/1992,1,Pontia_occidentalis,Corfu_WA,Corfu.1992_2
482,85,SD,M,14,2.542124122,4,4,7,7/27/1992,1,Pontia_occidentalis,Corfu_WA,Corfu.1992_2
483,85,SD,M,14,2.542124122,4,4,8,7/27/1992,1,Pontia_occidentalis,Corfu_WA,Corfu.1992_2
484,85,SD,F,14,2.542124122,5,5,9,7/27/1992,1,Pontia_occidentalis,Corfu_WA,Corfu.1992_2
485,85,SD,M,14,2.542124122,5,5,10,7/27/1992,1,Pontia_occidentalis,Corfu_WA,Corfu.1992_2
486,85,SD,M,14,2.542124122,5,4,11,7/27/1992,1,Pontia_occidentalis,Corfu_WA,Corfu.1992_2
487,85,SD,M,14,2.542124122,5,5,12,7/27/1992,1,Pontia_occidentalis,Corfu_WA,Corfu.1992_2
488,85,SD,M,14,2.542124122,6,6,13,7/27/1992,1,Pontia_occidentalis,Corfu_WA,Corfu.1992_2
489,86,SD,M,14,2.648517369,1,1,1,7/27/1992,1,Pontia_occidentalis,Corfu_WA,Corfu.1992_2
490,86,SD,M,14,2.648517369,2,1,2,7/27/1992,1,Pontia_occidentalis,Corfu_WA,Corfu.1992_2
491,86,SD,M,14,2.648517369,3,2,3,7/27/1992,1,Pontia_occidentalis,Corfu_WA,Corfu.1992_2
492,86,SD,M,14,2.648517369,3,2,4,7/27/1992,1,Pontia_occidentalis,Corfu_WA,Corfu.1992_2
493,86,SD,F,14,2.648517369,3,2,5,7/27/1992,1,Pontia_occidentalis,Corfu_WA,Corfu.1992_2
494,86,SD,M,14,2.648517369,4,2,6,7/27/1992,1,Pontia_occidentalis,Corfu_WA,Corfu.1992_2
495,86,SD,M,14,2.648517369,4,3,7,7/27/1992,1,Pontia_occidentalis,Corfu_WA,Corfu.1992_2
496,86,SD,F,14,2.648517369,4,4,8,7/27/1992,1,Pontia_occidentalis,Corfu_WA,Corfu.1992_2
497,86,SD,M,14,2.648517369,5,3,9,7/27/1992,1,Pontia_occidentalis,Corfu_WA,Corfu.1992_2
498,86,SD,M,14,2.648517369,6,4,10,7/27/1992,1,Pontia_occidentalis,Corfu_WA,Corfu.1992_2
499,86,SD,M,14,2.648517369,6,5,11,7/27/1992,1,Pontia_occidentalis,Corfu_WA,Corfu.1992_2
500,86,SD,M,14,2.648517369,6,5,12,7/27/1992,1,Pontia_occidentalis,Corfu_WA,Corfu.1992_2
501,86,SD,M,14,2.648517369,6,4,13,7/27/1992,1,Pontia_occidentalis,Corfu_WA,Corfu.1992_2
502,86,SD,M,14,2.648517369,6,4,14,7/27/1992,1,Pontia_occidentalis,Corfu_WA,Corfu.1992_2
503,86,SD,M,14,2.648517369,6,4,15,7/27/1992,1,Pontia_occidentalis,Corfu_WA,Corfu.1992_2
504,86,SD,M,14,2.648517369,6,5,16,7/27/1992,1,Pontia_occidentalis,Corfu_WA,Corfu.1992_2
505,86,SD,M,14,2.648517369,7,4,17,7/27/1992,1,Pontia_occidentalis,Corfu_WA,Corfu.1992_2
506,86,SD,M,14,2.648517369,7,6,18,7/27/1992,1,Pontia_occidentalis,Corfu_WA,Corfu.1992_2
507,90,SD,M,15,2.506782354,1,1,1,7/27/1992,1,Pontia_occidentalis,Corfu_WA,Corfu.1992_2
508,90,SD,M,15,2.506782354,1,1,2,7/27/1992,1,Pontia_occidentalis,Corfu_WA,Corfu.1992_2
509,90,SD,M,15,2.506782354,1,1,3,7/27/1992,1,Pontia_occidentalis,Corfu_WA,Corfu.1992_2
510,90,SD,M,15,2.506782354,4,3,4,7/27/1992,1,Pontia_occidentalis,Corfu_WA,Corfu.1992_2
511,91,SD,M,14,2.327977815,1,1,1,7/27/1992,1,Pontia_occidentalis,Corfu_WA,Corfu.1992_2
512,91,SD,F,14,2.327977815,1,1,2,7/27/1992,1,Pontia_occidentalis,Corfu_WA,Corfu.1992_2
513,94,SD,F,14,2.457144737,1,3,1,7/27/1992,1,Pontia_occidentalis,Corfu_WA,Corfu.1992_2
514,94,SD,F,14,2.457144737,2,3,2,7/27/1992,1,Pontia_occidentalis,Corfu_WA,Corfu.1992_2
515,94,SD,F,14,2.457144737,2,3,3,7/27/1992,1,Pontia_occidentalis,Corfu_WA,Corfu.1992_2
516,94,SD,F,14,2.457144737,3,3,4,7/27/1992,1,Pontia_occidentalis,Corfu_WA,Corfu.1992_2
517,94,SD,F,14,2.457144737,3,2,5,7/27/1992,1,Pontia_occidentalis,Corfu_WA,Corfu.1992_2
518,203,LD,F,14,2.603873125,2,2,1,7/27/1992,1,Pontia_occidentalis,Corfu_WA,Corfu.1992_2
519,203,LD,F,14,2.603873125,2,3,2,7/27/1992,1,Pontia_occidentalis,Corfu_WA,Corfu.1992_2
520,203,LD,F,14,2.603873125,3,4,3,7/27/1992,1,Pontia_occidentalis,Corfu_WA,Corfu.1992_2
521,203,LD,F,14,2.603873125,3,5,4,7/27/1992,1,Pontia_occidentalis,Corfu_WA,Corfu.1992_2
522,203,LD,F,14,2.603873125,4,5,5,7/27/1992,1,Pontia_occidentalis,Corfu_WA,Corfu.1992_2
523,203,LD,F,14,2.603873125,5,5,6,7/27/1992,1,Pontia_occidentalis,Corfu_WA,Corfu.1992_2
524,204,LD,F,14,2.494279725,1,1,1,7/27/1992,1,Pontia_occidentalis,Corfu_WA,Corfu.1992_2
525,204,LD,F,14,2.494279725,1,6,2,7/27/1992,1,Pontia_occidentalis,Corfu_WA,Corfu.1992_2
526,205,LD,F,14,2.572813379,1,1,1,7/27/1992,1,Pontia_occidentalis,Corfu_WA,Corfu.1992_2
527,205,LD,F,14,2.572813379,2,1,2,7/27/1992,1,Pontia_occidentalis,Corfu_WA,Corfu.1992_2
528,205,LD,F,14,2.572813379,2,2,3,7/27/1992,1,Pontia_occidentalis,Corfu_WA,Corfu.1992_2
529,205,LD,F,14,2.572813379,2,2,4,7/27/1992,1,Pontia_occidentalis,Corfu_WA,Corfu.1992_2
530,205,LD,F,14,2.572813379,3,2,5,7/27/1992,1,Pontia_occidentalis,Corfu_WA,Corfu.1992_2
531,205,LD,F,14,2.572813379,3,3,6,7/27/1992,1,Pontia_occidentalis,Corfu_WA,Corfu.1992_2
532,205,LD,F,14,2.572813379,3,3,7,7/27/1992,1,Pontia_occidentalis,Corfu_WA,Corfu.1992_2
533,205,LD,F,14,2.572813379,3,5,8,7/27/1992,1,Pontia_occidentalis,Corfu_WA,Corfu.1992_2
534,207,LD,F,14,2.669790487,1,1,1,7/27/1992,1,Pontia_occidentalis,Corfu_WA,Corfu.1992_2
535,207,LD,F,14,2.669790487,4,3,2,7/27/1992,1,Pontia_occidentalis,Corfu_WA,Corfu.1992_2
536,208,LD,M,14,2.442446009,1,1,1,7/27/1992,1,Pontia_occidentalis,Corfu_WA,Corfu.1992_2
537,208,LD,M,14,2.442446009,3,4,2,7/27/1992,1,Pontia_occidentalis,Corfu_WA,Corfu.1992_2
538,208,LD,M,14,2.442446009,3,3,3,7/27/1992,1,Pontia_occidentalis,Corfu_WA,Corfu.1992_2
539,210,LD,F,14,2.778746704,1,1,1,7/27/1992,1,Pontia_occidentalis,Corfu_WA,Corfu.1992_2
540,210,LD,F,14,2.778746704,1,1,2,7/27/1992,1,Pontia_occidentalis,Corfu_WA,Corfu.1992_2
541,210,LD,F,14,2.778746704,2,2,3,7/27/1992,1,Pontia_occidentalis,Corfu_WA,Corfu.1992_2
542,210,LD,F,14,2.778746704,2,1,4,7/27/1992,1,Pontia_occidentalis,Corfu_WA,Corfu.1992_2
543,212,LD,F,14,2.622164181,3,2,1,7/27/1992,1,Pontia_occidentalis,Corfu_WA,Corfu.1992_2
544,212,LD,F,14,2.622164181,4,2,2,7/27/1992,1,Pontia_occidentalis,Corfu_WA,Corfu.1992_2
545,212,LD,F,14,2.622164181,5,2,3,7/27/1992,1,Pontia_occidentalis,Corfu_WA,Corfu.1992_2
546,212,LD,F,14,2.622164181,5,2,4,7/27/1992,1,Pontia_occidentalis,Corfu_WA,Corfu.1992_2
547,213,LD,F,14,2.580543408,2,1,1,7/27/1992,1,Pontia_occidentalis,Corfu_WA,Corfu.1992_2
548,214,LD,M,14,2.544667517,1,1,1,7/27/1992,1,Pontia_occidentalis,Corfu_WA,Corfu.1992_2
549,214,LD,M,14,2.544667517,1,3,2,7/27/1992,1,Pontia_occidentalis,Corfu_WA,Corfu.1992_2
550,216,LD,M,14,2.648517369,1,1,1,7/27/1992,1,Pontia_occidentalis,Corfu_WA,Corfu.1992_2
551,219,LD,M,14,2.554866572,2,1,1,7/27/1992,1,Pontia_occidentalis,Corfu_WA,Corfu.1992_2
552,219,LD,M,14,2.554866572,2,1,2,7/27/1992,1,Pontia_occidentalis,Corfu_WA,Corfu.1992_2
553,219,LD,M,14,2.554866572,2,1,3,7/27/1992,1,Pontia_occidentalis,Corfu_WA,Corfu.1992_2
554,219,LD,M,14,2.554866572,3,5,4,7/27/1992,1,Pontia_occidentalis,Corfu_WA,Corfu.1992_2
555,219,LD,M,14,2.554866572,3,5,5,7/27/1992,1,Pontia_occidentalis,Corfu_WA,Corfu.1992_2
556,220,LD,M,14,2.447335789,1,3,1,7/27/1992,1,Pontia_occidentalis,Corfu_WA,Corfu.1992_2
557,220,LD,M,14,2.447335789,2,4,2,7/27/1992,1,Pontia_occidentalis,Corfu_WA,Corfu.1992_2
558,220,LD,M,14,2.447335789,3,4,3,7/27/1992,1,Pontia_occidentalis,Corfu_WA,Corfu.1992_2
559,220,LD,M,14,2.447335789,3,4,4,7/27/1992,1,Pontia_occidentalis,Corfu_WA,Corfu.1992_2
560,220,LD,M,14,2.447335789,3,2,1,7/27/1992,1,Pontia_occidentalis,Corfu_WA,Corfu.1992_2
561,221,LD,M,14,2.23446092,3,3,2,7/27/1992,1,Pontia_occidentalis,Corfu_WA,Corfu.1992_2
562,221,LD,M,14,2.23446092,3,3,3,7/27/1992,1,Pontia_occidentalis,Corfu_WA,Corfu.1992_2
563,221,LD,M,14,2.23446092,3,3,4,7/27/1992,1,Pontia_occidentalis,Corfu_WA,Corfu.1992_2
564,221,LD,M,14,2.23446092,4,3,5,7/27/1992,1,Pontia_occidentalis,Corfu_WA,Corfu.1992_2
565,221,LD,M,14,2.23446092,4,3,6,7/27/1992,1,Pontia_occidentalis,Corfu_WA,Corfu.1992_2
566,221,LD,M,14,2.23446092,5,4,7,7/27/1992,1,Pontia_occidentalis,Corfu_WA,Corfu.1992_2
567,221,LD,M,14,2.23446092,5,4,8,7/27/1992,1,Pontia_occidentalis,Corfu_WA,Corfu.1992_2
568,221,LD,M,14,2.23446092,5,4,9,7/27/1992,1,Pontia_occidentalis,Corfu_WA,Corfu.1992_2
569,221,LD,M,14,2.23446092,5,4,10,7/27/1992,1,Pontia_occidentalis,Corfu_WA,Corfu.1992_2
570,221,LD,M,14,2.23446092,6,5,11,7/27/1992,1,Pontia_occidentalis,Corfu_WA,Corfu.1992_2
571,222,LD,M,14,2.344330828,1,1,1,7/27/1992,1,Pontia_occidentalis,Corfu_WA,Corfu.1992_2
572,222,LD,M,14,2.344330828,1,1,2,7/27/1992,1,Pontia_occidentalis,Corfu_WA,Corfu.1992_2
573,222,LD,M,14,2.344330828,3,1,3,7/27/1992,1,Pontia_occidentalis,Corfu_WA,Corfu.1992_2
574,222,LD,M,14,2.344330828,3,3,4,7/27/1992,1,Pontia_occidentalis,Corfu_WA,Corfu.1992_2
575,224,LD,F,14,2.643225628,1,1,1,7/27/1992,1,Pontia_occidentalis,Corfu_WA,Corfu.1992_2
576,224,LD,F,14,2.643225628,2,2,2,7/27/1992,1,Pontia_occidentalis,Corfu_WA,Corfu.1992_2
577,224,LD,F,14,2.643225628,2,2,3,7/27/1992,1,Pontia_occidentalis,Corfu_WA,Corfu.1992_2
578,224,LD,F,14,2.643225628,3,3,4,7/27/1992,1,Pontia_occidentalis,Corfu_WA,Corfu.1992_2
579,224,LD,F,14,2.643225628,5,4,5,7/27/1992,1,Pontia_occidentalis,Corfu_WA,Corfu.1992_2
580,224,LD,F,14,2.643225628,6,5,6,7/27/1992,1,Pontia_occidentalis,Corfu_WA,Corfu.1992_2
581,225,LD,F,14,2.516829564,4,1,1,7/27/1992,1,Pontia_occidentalis,Corfu_WA,Corfu.1992_2
582,225,LD,F,14,2.516829564,5,2,2,7/27/1992,1,Pontia_occidentalis,Corfu_WA,Corfu.1992_2
583,226,LD,M,14,2.452235359,1,1,1,7/27/1992,1,Pontia_occidentalis,Corfu_WA,Corfu.1992_2
584,226,LD,F,14,2.452235359,1,1,2,7/27/1992,1,Pontia_occidentalis,Corfu_WA,Corfu.1992_2
585,226,LD,M,14,2.452235359,3,2,3,7/27/1992,1,Pontia_occidentalis,Corfu_WA,Corfu.1992_2
586,226,LD,M,14,2.452235359,3,2,4,7/27/1992,1,Pontia_occidentalis,Corfu_WA,Corfu.1992_2
587,226,LD,M,14,2.452235359,3,2,5,7/27/1992,1,Pontia_occidentalis,Corfu_WA,Corfu.1992_2
588,226,LD,M,14,2.452235359,3,3,6,7/27/1992,1,Pontia_occidentalis,Corfu_WA,Corfu.1992_2
589,227,LD,M,14,2.337308375,1,1,1,7/27/1992,1,Pontia_occidentalis,Corfu_WA,Corfu.1992_2
590,227,LD,M,14,2.337308375,2,2,2,7/27/1992,1,Pontia_occidentalis,Corfu_WA,Corfu.1992_2
591,229,LD,M,14,2.531975935,1,1,1,7/27/1992,1,Pontia_occidentalis,Corfu_WA,Corfu.1992_2
592,231,LD,F,7,2.572813379,2,2,1,7/27/1992,1,Pontia_occidentalis,Corfu_WA,Corfu.1992_2
593,231,LD,F,7,2.572813379,3,2,2,7/27/1992,1,Pontia_occidentalis,Corfu_WA,Corfu.1992_2
594,231,LD,F,7,2.572813379,3,3,3,7/27/1992,1,Pontia_occidentalis,Corfu_WA,Corfu.1992_2
595,232,LD,M,8,2.420562618,1,1,1,7/27/1992,1,Pontia_occidentalis,Corfu_WA,Corfu.1992_2
596,233,LD,M,8,2.430264259,2,2,1,7/27/1992,1,Pontia_occidentalis,Corfu_WA,Corfu.1992_2
597,233,LD,M,8,2.430264259,2,2,2,7/27/1992,1,Pontia_occidentalis,Corfu_WA,Corfu.1992_2
598,233,LD,M,8,2.430264259,3,2,3,7/27/1992,1,Pontia_occidentalis,Corfu_WA,Corfu.1992_2
599,233,LD,M,8,2.430264259,3,2,4,7/27/1992,1,Pontia_occidentalis,Corfu_WA,Corfu.1992_2
600,233,LD,M,8,2.430264259,3,3,5,7/27/1992,1,Pontia_occidentalis,Corfu_WA,Corfu.1992_2
601,234,LD,F,9,2.275045381,1,2,1,7/27/1992,1,Pontia_occidentalis,Corfu_WA,Corfu.1992_2
602,235,LD,F,9,2.323326512,1,1,1,7/27/1992,1,Pontia_occidentalis,Corfu_WA,Corfu.1992_2
603,235,LD,F,9,2.323326512,1,3,2,7/27/1992,1,Pontia_occidentalis,Corfu_WA,Corfu.1992_2
604,236,LD,F,9,2.427835209,1,1,1,7/27/1992,1,Pontia_occidentalis,Corfu_WA,Corfu.1992_2
605,236,LD,F,9,2.427835209,1,1,2,7/27/1992,1,Pontia_occidentalis,Corfu_WA,Corfu.1992_2
606,236,LD,F,9,2.427835209,1,1,3,7/27/1992,1,Pontia_occidentalis,Corfu_WA,Corfu.1992_2
607,236,LD,F,9,2.427835209,2,1,4,7/27/1992,1,Pontia_occidentalis,Corfu_WA,Corfu.1992_2
608,236,SD,F,9,2.427835209,3,1,5,7/27/1992,1,Pontia_occidentalis,Corfu_WA,Corfu.1992_2
609,236,LD,F,9,2.427835209,4,2,6,7/27/1992,1,Pontia_occidentalis,Corfu_WA,Corfu.1992_2
610,236,LD,F,9,2.427835209,4,2,7,7/27/1992,1,Pontia_occidentalis,Corfu_WA,Corfu.1992_2
611,236,LD,F,9,2.427835209,5,4,8,7/27/1992,1,Pontia_occidentalis,Corfu_WA,Corfu.1992_2
612,236,LD,F,9,2.427835209,6,4,9,7/27/1992,1,Pontia_occidentalis,Corfu_WA,Corfu.1992_2
613,236,LD,F,9,2.427835209,6,4,10,7/27/1992,1,Pontia_occidentalis,Corfu_WA,Corfu.1992_2
614,236,LD,F,9,2.427835209,7,4,11,7/27/1992,1,Pontia_occidentalis,Corfu_WA,Corfu.1992_2
615,236,LD,F,9,2.427835209,7,4,12,7/27/1992,1,Pontia_occidentalis,Corfu_WA,Corfu.1992_2
616,238,LD,F,9,2.583125242,4,5,1,7/27/1992,1,Pontia_occidentalis,Corfu_WA,Corfu.1992_2
617,241,LD,F,9,2.375006086,6,2,1,7/27/1992,1,Pontia_occidentalis,Corfu_WA,Corfu.1992_2
618,243,LD,F,9,2.375006086,1,1,1,7/27/1992,1,Pontia_occidentalis,Corfu_WA,Corfu.1992_2
619,243,LD,F,9,2.375006086,1,1,2,7/27/1992,1,Pontia_occidentalis,Corfu_WA,Corfu.1992_2
620,243,LD,F,9,2.375006086,1,2,3,7/27/1992,1,Pontia_occidentalis,Corfu_WA,Corfu.1992_2
621,243,LD,F,9,2.375006086,1,3,4,7/27/1992,1,Pontia_occidentalis,Corfu_WA,Corfu.1992_2
622,245,LD,M,9,2.275045381,1,1,1,7/27/1992,1,Pontia_occidentalis,Corfu_WA,Corfu.1992_2
623,245,LD,M,9,2.275045381,2,1,2,7/27/1992,1,Pontia_occidentalis,Corfu_WA,Corfu.1992_2
624,245,LD,M,9,2.275045381,2,1,3,7/27/1992,1,Pontia_occidentalis,Corfu_WA,Corfu.1992_2
625,246,LD,M,9,2.382141802,1,1,1,7/27/1992,1,Pontia_occidentalis,Corfu_WA,Corfu.1992_2
626,246,LD,M,9,2.382141802,1,1,2,7/27/1992,1,Pontia_occidentalis,Corfu_WA,Corfu.1992_2
627,247,LD,M,9,2.389298958,1,1,1,7/27/1992,1,Pontia_occidentalis,Corfu_WA,Corfu.1992_2
628,247,LD,M,9,2.389298958,2,1,2,7/27/1992,1,Pontia_occidentalis,Corfu_WA,Corfu.1992_2
629,247,LD,M,9,2.389298958,4,2,3,7/27/1992,1,Pontia_occidentalis,Corfu_WA,Corfu.1992_2
630,247,LD,M,9,2.389298958,4,3,4,7/27/1992,1,Pontia_occidentalis,Corfu_WA,Corfu.1992_2
631,247,LD,M,9,2.389298958,5,4,5,7/27/1992,1,Pontia_occidentalis,Corfu_WA,Corfu.1992_2
632,247,LD,M,9,2.389298958,6,4,6,7/27/1992,1,Pontia_occidentalis,Corfu_WA,Corfu.1992_2
633,247,LD,M,9,2.389298958,6,6,7,7/27/1992,1,Pontia_occidentalis,Corfu_WA,Corfu.1992_2
634,247,LD,M,9,2.389298958,6,4,8,7/27/1992,1,Pontia_occidentalis,Corfu_WA,Corfu.1992_2
635,247,LD,M,9,2.389298958,7,6,9,7/27/1992,1,Pontia_occidentalis,Corfu_WA,Corfu.1992_2
636,247,LD,M,9,2.389298958,7,4,10,7/27/1992,1,Pontia_occidentalis,Corfu_WA,Corfu.1992_2
637,248,LD,F,9,2.391689452,1,1,1,7/27/1992,1,Pontia_occidentalis,Corfu_WA,Corfu.1992_2
638,248,LD,F,9,2.391689452,1,1,2,7/27/1992,1,Pontia_occidentalis,Corfu_WA,Corfu.1992_2
639,248,LD,F,9,2.391689452,3,3,3,7/27/1992,1,Pontia_occidentalis,Corfu_WA,Corfu.1992_2
640,248,LD,F,9,2.391689452,4,2,4,7/27/1992,1,Pontia_occidentalis,Corfu_WA,Corfu.1992_2
641,248,LD,F,9,2.391689452,4,2,5,7/27/1992,1,Pontia_occidentalis,Corfu_WA,Corfu.1992_2
642,248,LD,F,9,2.391689452,5,3,6,7/27/1992,1,Pontia_occidentalis,Corfu_WA,Corfu.1992_2
643,248,LD,F,9,2.391689452,6,4,7,7/27/1992,1,Pontia_occidentalis,Corfu_WA,Corfu.1992_2
644,248,LD,F,9,2.391689452,6,5,8,7/27/1992,1,Pontia_occidentalis,Corfu_WA,Corfu.1992_2
645,249,LD,F,9,2.570241851,1,1,1,7/27/1992,1,Pontia_occidentalis,Corfu_WA,Corfu.1992_2
646,249,LD,M,9,2.570241851,5,3,2,7/27/1992,1,Pontia_occidentalis,Corfu_WA,Corfu.1992_2
647,250,LD,M,11,2.506782354,1,1,1,7/27/1992,1,Pontia_occidentalis,Corfu_WA,Corfu.1992_2
648,250,LD,M,11,2.506782354,1,1,2,7/27/1992,1,Pontia_occidentalis,Corfu_WA,Corfu.1992_2
649,250,LD,M,11,2.506782354,1,2,3,7/27/1992,1,Pontia_occidentalis,Corfu_WA,Corfu.1992_2
650,251,LD,F,13,2.542124122,1,1,1,7/27/1992,1,Pontia_occidentalis,Corfu_WA,Corfu.1992_2
651,251,LD,F,13,2.542124122,2,2,2,7/27/1992,1,Pontia_occidentalis,Corfu_WA,Corfu.1992_2
652,251,LD,F,13,2.542124122,2,1,3,7/27/1992,1,Pontia_occidentalis,Corfu_WA,Corfu.1992_2
653,251,LD,F,13,2.542124122,2,2,4,7/27/1992,1,Pontia_occidentalis,Corfu_WA,Corfu.1992_2
654,251,LD,F,13,2.542124122,2,2,5,7/27/1992,1,Pontia_occidentalis,Corfu_WA,Corfu.1992_2
655,251,LD,F,13,2.542124122,3,3,6,7/27/1992,1,Pontia_occidentalis,Corfu_WA,Corfu.1992_2
656,252,LD,F,13,2.447335789,1,1,1,7/27/1992,1,Pontia_occidentalis,Corfu_WA,Corfu.1992_2
657,254,LD,M,13,2.346676331,1,2,1,7/27/1992,1,Pontia_occidentalis,Corfu_WA,Corfu.1992_2
658,254,LD,M,13,2.346676331,3,2,2,7/27/1992,1,Pontia_occidentalis,Corfu_WA,Corfu.1992_2
659,254,LD,M,13,2.346676331,4,2,3,7/27/1992,1,Pontia_occidentalis,Corfu_WA,Corfu.1992_2
660,254,LD,M,13,2.346676331,4,3,4,7/27/1992,1,Pontia_occidentalis,Corfu_WA,Corfu.1992_2
661,255,LD,M,13,2.685857382,1,1,1,7/27/1992,1,Pontia_occidentalis,Corfu_WA,Corfu.1992_2
662,255,LD,M,13,2.685857382,1,1,2,7/27/1992,1,Pontia_occidentalis,Corfu_WA,Corfu.1992_2
663,255,LD,M,13,2.685857382,1,1,3,7/27/1992,1,Pontia_occidentalis,Corfu_WA,Corfu.1992_2
664,255,LD,M,13,2.685857382,3,2,4,7/27/1992,1,Pontia_occidentalis,Corfu_WA,Corfu.1992_2
665,255,LD,M,13,2.685857382,3,3,5,7/27/1992,1,Pontia_occidentalis,Corfu_WA,Corfu.1992_2
666,255,LD,M,13,2.685857382,3,3,6,7/27/1992,1,Pontia_occidentalis,Corfu_WA,Corfu.1992_2
667,255,LD,M,13,2.685857382,4,4,7,7/27/1992,1,Pontia_occidentalis,Corfu_WA,Corfu.1992_2
668,255,LD,F,13,2.685857382,4,5,8,7/27/1992,1,Pontia_occidentalis,Corfu_WA,Corfu.1992_2
669,255,LD,M,13,2.685857382,4,5,9,7/27/1992,1,Pontia_occidentalis,Corfu_WA,Corfu.1992_2
670,256,LD,F,12,2.466993,1,1,1,7/27/1992,1,Pontia_occidentalis,Corfu_WA,Corfu.1992_2
671,256,LD,F,12,2.466993,4,2,2,7/27/1992,1,Pontia_occidentalis,Corfu_WA,Corfu.1992_2
672,257,LD,M,12,2.469461227,1,1,1,7/27/1992,1,Pontia_occidentalis,Corfu_WA,Corfu.1992_2
673,257,LD,M,12,2.469461227,2,1,2,7/27/1992,1,Pontia_occidentalis,Corfu_WA,Corfu.1992_2
674,257,LD,M,12,2.469461227,2,1,3,7/27/1992,1,Pontia_occidentalis,Corfu_WA,Corfu.1992_2
675,257,LD,M,12,2.469461227,2,1,4,7/27/1992,1,Pontia_occidentalis,Corfu_WA,Corfu.1992_2
676,257,LD,M,12,2.469461227,2,2,5,7/27/1992,1,Pontia_occidentalis,Corfu_WA,Corfu.1992_2
677,257,LD,M,12,2.469461227,2,2,6,7/27/1992,1,Pontia_occidentalis,Corfu_WA,Corfu.1992_2
678,257,LD,M,12,2.469461227,2,3,7,7/27/1992,1,Pontia_occidentalis,Corfu_WA,Corfu.1992_2
679,258,LD,F,12,2.611696473,2,3,1,7/27/1992,1,Pontia_occidentalis,Corfu_WA,Corfu.1992_2
680,258,LD,F,12,2.611696473,3,4,2,7/27/1992,1,Pontia_occidentalis,Corfu_WA,Corfu.1992_2
681,258,LD,F,12,2.611696473,4,4,3,7/27/1992,1,Pontia_occidentalis,Corfu_WA,Corfu.1992_2
682,258,LD,F,12,2.611696473,4,4,4,7/27/1992,1,Pontia_occidentalis,Corfu_WA,Corfu.1992_2
683,258,LD,F,12,2.611696473,5,4,5,7/27/1992,1,Pontia_occidentalis,Corfu_WA,Corfu.1992_2
684,258,LD,F,12,2.611696473,5,5,6,7/27/1992,1,Pontia_occidentalis,Corfu_WA,Corfu.1992_2
685,258,LD,F,12,2.611696473,6,5,7,7/27/1992,1,Pontia_occidentalis,Corfu_WA,Corfu.1992_2
686,258,LD,F,12,2.611696473,7,5,8,7/27/1992,1,Pontia_occidentalis,Corfu_WA,Corfu.1992_2
687,258,LD,F,12,2.611696473,8,6,9,7/27/1992,1,Pontia_occidentalis,Corfu_WA,Corfu.1992_2
688,258,LD,F,12,2.611696473,8,6,10,7/27/1992,1,Pontia_occidentalis,Corfu_WA,Corfu.1992_2
689,259,LD,F,12,2.481839453,3,3,1,7/27/1992,1,Pontia_occidentalis,Corfu_WA,Corfu.1992_2
690,259,LD,F,12,2.481839453,3,3,2,7/27/1992,1,Pontia_occidentalis,Corfu_WA,Corfu.1992_2
691,259,LD,F,12,2.481839453,3,3,3,7/27/1992,1,Pontia_occidentalis,Corfu_WA,Corfu.1992_2
692,259,LD,F,12,2.481839453,7,4,4,7/27/1992,1,Pontia_occidentalis,Corfu_WA,Corfu.1992_2
693,259,LD,F,12,2.481839453,8,4,5,7/27/1992,1,Pontia_occidentalis,Corfu_WA,Corfu.1992_2
694,259,LD,F,12,2.481839453,8,3,6,7/27/1992,1,Pontia_occidentalis,Corfu_WA,Corfu.1992_2
695,261,LD,M,12,2.565106505,1,1,1,7/27/1992,1,Pontia_occidentalis,Corfu_WA,Corfu.1992_2
696,261,LD,F,12,2.565106505,1,3,2,7/27/1992,1,Pontia_occidentalis,Corfu_WA,Corfu.1992_2
697,267,LD,F,14,2.583125242,1,1,1,7/27/1992,1,Pontia_occidentalis,Corfu_WA,Corfu.1992_2
698,267,LD,F,14,2.583125242,2,2,2,7/27/1992,1,Pontia_occidentalis,Corfu_WA,Corfu.1992_2
699,267,LD,F,14,2.583125242,3,5,3,7/27/1992,1,Pontia_occidentalis,Corfu_WA,Corfu.1992_2
700,268,LD,F,9,2.46452724,1,1,1,7/27/1992,1,Pontia_occidentalis,Corfu_WA,Corfu.1992_2
701,268,LD,F,9,2.46452724,3,3,2,7/27/1992,1,Pontia_occidentalis,Corfu_WA,Corfu.1992_2
702,268,LD,F,9,2.46452724,3,3,3,7/27/1992,1,Pontia_occidentalis,Corfu_WA,Corfu.1992_2
703,268,LD,F,9,2.46452724,5,5,4,7/27/1992,1,Pontia_occidentalis,Corfu_WA,Corfu.1992_2
704,268,LD,F,9,2.46452724,5,5,5,7/27/1992,1,Pontia_occidentalis,Corfu_WA,Corfu.1992_2
705,269,LD,F,5,2.327977815,3,1,1,7/27/1992,1,Pontia_occidentalis,Corfu_WA,Corfu.1992_2