,SPECIES,SITE,ID,SEX,TREAT,FWL,BUT_WT,REL_DATE,COND_0,RECAP_DATE,NRECAP,BEH,TIME,NOTEBOOK
1,Pontia_occidentalis,Corfu_WA,1,F,CUT,2.2,0.66,1993-07-05,3,186,0,NA,NA,Corfu.CutWings.1993_2
2,Pontia_occidentalis,Corfu_WA,2,M,CTL,2.5,0.67,1993-07-05,1,186,0,NA,NA,Corfu.CutWings.1993_2
3,Pontia_occidentalis,Corfu_WA,3,F,CUT,2.2,1.11,1993-07-05,1,186,0,NA,NA,Corfu.CutWings.1993_2
4,Pontia_occidentalis,Corfu_WA,4,M,CTL,2.5,0.71,1993-07-05,1,186,0,NA,NA,Corfu.CutWings.1993_2
5,Pontia_occidentalis,Corfu_WA,5,M,CUT,2,0.76,1993-07-05,1,186,0,NA,NA,Corfu.CutWings.1993_2
6,Pontia_occidentalis,Corfu_WA,6,F,CTL,2.6,0.56,1993-07-05,4,186,0,NA,NA,Corfu.CutWings.1993_2
7,Pontia_occidentalis,Corfu_WA,7,M,CUT,2,0.7,1993-07-05,1,186,0,NA,NA,Corfu.CutWings.1993_2
8,Pontia_occidentalis,Corfu_WA,8,M,CTL,2.2,0.54,1993-07-05,1,186,0,NA,NA,Corfu.CutWings.1993_2
9,Pontia_occidentalis,Corfu_WA,9,M,CUT,2.1,0.64,1993-07-05,2,186,0,NA,NA,Corfu.CutWings.1993_2
10,Pontia_occidentalis,Corfu_WA,10,M,CTL,2.6,0.62,1993-07-05,2,186,0,NA,NA,Corfu.CutWings.1993_2
11,Pontia_occidentalis,Corfu_WA,11,M,CUT,2.1,0.72,1993-07-05,1,186,0,NA,NA,Corfu.CutWings.1993_2
12,Pontia_occidentalis,Corfu_WA,12,F,CTL,2.7,1.21,1993-07-05,1,186,0,NA,NA,Corfu.CutWings.1993_2
13,Pontia_occidentalis,Corfu_WA,13,M,CUT,2.1,0.6,1993-07-05,1,186,0,NA,NA,Corfu.CutWings.1993_2
14,Pontia_occidentalis,Corfu_WA,14,M,CTL,2.4,0.66,1993-07-05,1,186,0,NA,NA,Corfu.CutWings.1993_2
15,Pontia_occidentalis,Corfu_WA,15,F,CUT,2,0.65,1993-07-05,2,186,0,NA,NA,Corfu.CutWings.1993_2
16,Pontia_occidentalis,Corfu_WA,16,F,CTL,2.3,0.66,1993-07-05,1,186,0,NA,NA,Corfu.CutWings.1993_2
17,Pontia_occidentalis,Corfu_WA,17,F,CUT,2.3,0.72,1993-07-05,2,186,0,NA,NA,Corfu.CutWings.1993_2
18,Pontia_occidentalis,Corfu_WA,18,M,CTL,2.4,0.62,1993-07-05,3,186,0,NA,NA,Corfu.CutWings.1993_2
19,Pontia_occidentalis,Corfu_WA,19,F,CUT,2.1,0.77,1993-07-05,2,186,0,NA,NA,Corfu.CutWings.1993_2
20,Pontia_occidentalis,Corfu_WA,20,F,CTL,2.3,0.52,1993-07-05,3,186,0,NA,NA,Corfu.CutWings.1993_2
21,Pontia_occidentalis,Corfu_WA,21,M,CUT,2.1,0.67,1993-07-05,1,186,0,NA,NA,Corfu.CutWings.1993_2
22,Pontia_occidentalis,Corfu_WA,22,F,CTL,2.4,0.55,1993-07-05,4,186,0,NA,NA,Corfu.CutWings.1993_2
23,Pontia_occidentalis,Corfu_WA,24,M,CTL,2.3,0.65,1993-07-05,2,186,0,NA,NA,Corfu.CutWings.1993_2
24,Pontia_occidentalis,Corfu_WA,25,M,CUT,1.7,0.37,1993-07-05,1,186,0,NA,NA,Corfu.CutWings.1993_2
25,Pontia_occidentalis,Corfu_WA,26,F,CTL,2.5,0.82,1993-07-05,3,186,0,NA,NA,Corfu.CutWings.1993_2
26,Pontia_occidentalis,Corfu_WA,27,M,CUT,2.1,0.65,1993-07-05,1,186,0,NA,NA,Corfu.CutWings.1993_2
27,Pontia_occidentalis,Corfu_WA,28,M,CTL,2.6,0.67,1993-07-05,3,186,0,NA,NA,Corfu.CutWings.1993_2
28,Pontia_occidentalis,Corfu_WA,29,M,CUT,2,0.63,1993-07-05,1,186,0,NA,NA,Corfu.CutWings.1993_2
29,Pontia_occidentalis,Corfu_WA,30,F,CTL,2.3,0.72,1993-07-05,1,186,0,NA,NA,Corfu.CutWings.1993_2
30,Pontia_occidentalis,Corfu_WA,31,F,CUT,2.3,0.85,1993-07-05,2,186,0,NA,NA,Corfu.CutWings.1993_2
31,Pontia_occidentalis,Corfu_WA,32,M,CTL,2.2,0.59,1993-07-05,1,186,0,NA,NA,Corfu.CutWings.1993_2
32,Pontia_occidentalis,Corfu_WA,33,M,CUT,2.1,0.65,1993-07-05,2,186,0,NA,NA,Corfu.CutWings.1993_2
33,Pontia_occidentalis,Corfu_WA,34,M,CTL,2.3,0.53,1993-07-05,1,186,0,NA,NA,Corfu.CutWings.1993_2
34,Pontia_occidentalis,Corfu_WA,35,F,CUT,2.1,0.72,1993-07-05,1,186,0,NA,NA,Corfu.CutWings.1993_2
35,Pontia_occidentalis,Corfu_WA,36,F,CTL,2.6,0.98,1993-07-05,3,186,0,NA,NA,Corfu.CutWings.1993_2
36,Pontia_occidentalis,Corfu_WA,37,F,CUT,1.9,0.62,1993-07-05,1,186,0,NA,NA,Corfu.CutWings.1993_2
37,Pontia_occidentalis,Corfu_WA,38,F,CTL,2.4,0.66,1993-07-05,1,186,0,NA,NA,Corfu.CutWings.1993_2
38,Pontia_occidentalis,Corfu_WA,39,F,CUT,2,0.81,1993-07-05,1,186,0,NA,NA,Corfu.CutWings.1993_2
39,Pontia_occidentalis,Corfu_WA,40,F,CTL,2.7,1.11,1993-07-05,1,186,0,NA,NA,Corfu.CutWings.1993_2
40,Pontia_occidentalis,Corfu_WA,41,M,CUT,2,0.68,1993-07-05,1,186,0,NA,NA,Corfu.CutWings.1993_2
41,Pontia_occidentalis,Corfu_WA,42,M,CTL,2.3,0.72,1993-07-05,2,186,0,NA,NA,Corfu.CutWings.1993_2
42,Pontia_occidentalis,Corfu_WA,43,F,CUT,2.3,1.12,1993-07-05,1,186,0,NA,NA,Corfu.CutWings.1993_2
43,Pontia_occidentalis,Corfu_WA,44,M,CTL,2.3,0.58,1993-07-05,2,186,0,NA,NA,Corfu.CutWings.1993_2
44,Pontia_occidentalis,Corfu_WA,45,M,CUT,2.1,0.88,1993-07-05,2,186,0,NA,NA,Corfu.CutWings.1993_2
45,Pontia_occidentalis,Corfu_WA,46,M,CTL,2.5,0.6,1993-07-05,2,186,0,NA,NA,Corfu.CutWings.1993_2
46,Pontia_occidentalis,Corfu_WA,47,M,CUT,2.1,0.53,1993-07-05,3,186,0,NA,NA,Corfu.CutWings.1993_2
47,Pontia_occidentalis,Corfu_WA,48,M,CTL,2.5,0.59,1993-07-05,2,186,0,NA,NA,Corfu.CutWings.1993_2
48,Pontia_occidentalis,Corfu_WA,49,M,CUT,2.1,0.57,1993-07-05,2,186,0,NA,NA,Corfu.CutWings.1993_2
49,Pontia_occidentalis,Corfu_WA,50,F,CTL,2.3,0.67,1993-07-05,1,186,0,NA,NA,Corfu.CutWings.1993_2
50,Pontia_occidentalis,Corfu_WA,51,F,CUT,2.1,0.65,1993-07-05,4,186,0,NA,NA,Corfu.CutWings.1993_2
51,Pontia_occidentalis,Corfu_WA,52,F,CTL,2.4,0.7,1993-07-05,1,186,0,NA,NA,Corfu.CutWings.1993_2
52,Pontia_occidentalis,Corfu_WA,53,F,CUT,2,0.7,1993-07-05,2,186,0,NA,NA,Corfu.CutWings.1993_2
53,Pontia_occidentalis,Corfu_WA,54,F,CTL,2.2,0.48,1993-07-05,2,186,0,NA,NA,Corfu.CutWings.1993_2
54,Pontia_occidentalis,Corfu_WA,55,M,CUT,1.9,0.49,1993-07-05,1,186,0,NA,NA,Corfu.CutWings.1993_2
55,Pontia_occidentalis,Corfu_WA,56,M,CTL,2.5,0.77,1993-07-05,1,186,0,NA,NA,Corfu.CutWings.1993_2
56,Pontia_occidentalis,Corfu_WA,57,F,CUT,2.1,0.5,1993-07-05,2,186,0,NA,NA,Corfu.CutWings.1993_2
57,Pontia_occidentalis,Corfu_WA,58,M,CTL,2.4,0.84,1993-07-05,1,186,0,NA,NA,Corfu.CutWings.1993_2
58,Pontia_occidentalis,Corfu_WA,59,M,CUT,2,0.54,1993-07-05,2,186,0,NA,NA,Corfu.CutWings.1993_2
59,Pontia_occidentalis,Corfu_WA,60,F,CTL,2.7,1.12,1993-07-05,1,186,0,NA,NA,Corfu.CutWings.1993_2
60,Pontia_occidentalis,Corfu_WA,61,F,CUT,2.2,0.81,1993-07-05,2,186,0,NA,NA,Corfu.CutWings.1993_2
61,Pontia_occidentalis,Corfu_WA,62,M,CTL,2.2,0.48,1993-07-05,2,186,0,NA,NA,Corfu.CutWings.1993_2
62,Pontia_occidentalis,Corfu_WA,63,F,CUT,2.1,0.96,1993-07-05,1,186,0,NA,NA,Corfu.CutWings.1993_2
63,Pontia_occidentalis,Corfu_WA,64,F,CTL,2.4,0.91,1993-07-05,1,186,0,NA,NA,Corfu.CutWings.1993_2
64,Pontia_occidentalis,Corfu_WA,65,F,CUT,2.2,1,1993-07-05,1,186,0,NA,NA,Corfu.CutWings.1993_2
65,Pontia_occidentalis,Corfu_WA,66,F,CTL,2.4,0.67,1993-07-05,1,186,0,NA,NA,Corfu.CutWings.1993_2
66,Pontia_occidentalis,Corfu_WA,67,M,CUT,2,0.72,1993-07-05,1,186,0,NA,NA,Corfu.CutWings.1993_2
67,Pontia_occidentalis,Corfu_WA,68,M,CTL,2.5,0.53,1993-07-05,2,186,0,NA,NA,Corfu.CutWings.1993_2
68,Pontia_occidentalis,Corfu_WA,69,M,CUT,2.1,0.69,1993-07-05,3,186,0,NA,NA,Corfu.CutWings.1993_2
69,Pontia_occidentalis,Corfu_WA,70,F,CTL,2.4,0.85,1993-07-05,3,186,0,NA,NA,Corfu.CutWings.1993_2
70,Pontia_occidentalis,Corfu_WA,71,M,CUT,2,0.71,1993-07-05,2,186,0,NA,NA,Corfu.CutWings.1993_2
71,Pontia_occidentalis,Corfu_WA,72,F,CTL,2.5,1.02,1993-07-05,1,186,0,NA,NA,Corfu.CutWings.1993_2
72,Pontia_occidentalis,Corfu_WA,73,F,CUT,2.2,0.6,1993-07-05,3,186,0,NA,NA,Corfu.CutWings.1993_2
73,Pontia_occidentalis,Corfu_WA,74,M,CTL,2.6,0.91,1993-07-05,2,186,0,NA,NA,Corfu.CutWings.1993_2
74,Pontia_occidentalis,Corfu_WA,75,F,CUT,2.1,0.8,1993-07-05,2,186,0,NA,NA,Corfu.CutWings.1993_2
75,Pontia_occidentalis,Corfu_WA,76,M,CTL,2.5,0.94,1993-07-05,1,186,0,NA,NA,Corfu.CutWings.1993_2
76,Pontia_occidentalis,Corfu_WA,77,M,CUT,2,0.62,1993-07-05,2,186,0,NA,NA,Corfu.CutWings.1993_2
77,Pontia_occidentalis,Corfu_WA,78,M,CTL,2.3,0.53,1993-07-05,1,186,0,NA,NA,Corfu.CutWings.1993_2
78,Pontia_occidentalis,Corfu_WA,79,F,CUT,2.1,0.52,1993-07-05,3,186,0,NA,NA,Corfu.CutWings.1993_2
79,Pontia_occidentalis,Corfu_WA,80,M,CTL,2.6,0.86,1993-07-05,2,186,0,NA,NA,Corfu.CutWings.1993_2
80,Pontia_occidentalis,Corfu_WA,81,M,CUT,2.3,0.79,1993-07-05,2,186,0,NA,NA,Corfu.CutWings.1993_2
81,Pontia_occidentalis,Corfu_WA,82,F,CTL,2.5,0.73,1993-07-05,3,186,0,NA,NA,Corfu.CutWings.1993_2
82,Pontia_occidentalis,Corfu_WA,84,M,CTL,2.5,0.75,1993-07-05,1,186,0,NA,NA,Corfu.CutWings.1993_2
83,Pontia_occidentalis,Corfu_WA,85,M,CUT,2.1,0.6,1993-07-05,2,186,0,NA,NA,Corfu.CutWings.1993_2
84,Pontia_occidentalis,Corfu_WA,86,F,CTL,2.7,1.36,1993-07-05,1,186,0,NA,NA,Corfu.CutWings.1993_2
85,Pontia_occidentalis,Corfu_WA,87,M,CUT,2.4,0.76,1993-07-05,1,186,0,NA,NA,Corfu.CutWings.1993_2
86,Pontia_occidentalis,Corfu_WA,88,F,CTL,2.5,0.91,1993-07-05,1,186,0,NA,NA,Corfu.CutWings.1993_2
87,Pontia_occidentalis,Corfu_WA,89,M,CUT,2.1,0.59,1993-07-05,2,186,0,NA,NA,Corfu.CutWings.1993_2
88,Pontia_occidentalis,Corfu_WA,90,M,CTL,2.3,0.59,1993-07-05,2,186,0,NA,NA,Corfu.CutWings.1993_2
89,Pontia_occidentalis,Corfu_WA,91,M,CUT,1.7,0.38,1993-07-05,1,186,0,NA,NA,Corfu.CutWings.1993_2
90,Pontia_occidentalis,Corfu_WA,92,F,CTL,2.5,0.83,1993-07-05,1,186,0,NA,NA,Corfu.CutWings.1993_2
91,Pontia_occidentalis,Corfu_WA,93,F,CUT,2.1,0.83,1993-07-05,1,186,0,NA,NA,Corfu.CutWings.1993_2
92,Pontia_occidentalis,Corfu_WA,94,M,CTL,2.3,0.48,1993-07-05,2,186,0,NA,NA,Corfu.CutWings.1993_2
93,Pontia_occidentalis,Corfu_WA,95,M,CUT,2.2,1.05,1993-07-05,1,186,0,NA,NA,Corfu.CutWings.1993_2
94,Pontia_occidentalis,Corfu_WA,96,F,CTL,2.5,0.63,1993-07-05,2,186,0,NA,NA,Corfu.CutWings.1993_2
95,Pontia_occidentalis,Corfu_WA,97,M,CUT,2.2,0.86,1993-07-05,1,186,0,NA,NA,Corfu.CutWings.1993_2
96,Pontia_occidentalis,Corfu_WA,98,F,CTL,2.5,0.5,1993-07-06,3,187,0,NA,NA,Corfu.CutWings.1993_2
97,Pontia_occidentalis,Corfu_WA,99,F,CUT,2.1,0.66,1993-07-06,2,187,0,NA,NA,Corfu.CutWings.1993_2
98,Pontia_occidentalis,Corfu_WA,100,F,CTL,2.5,0.79,1993-07-06,1,187,0,NA,NA,Corfu.CutWings.1993_2
99,Pontia_occidentalis,Corfu_WA,101,M,CUT,2.5,0.9,1993-07-06,2,187,0,NA,NA,Corfu.CutWings.1993_2
100,Pontia_occidentalis,Corfu_WA,102,F,CTL,2.7,1.15,1993-07-06,2,187,0,NA,NA,Corfu.CutWings.1993_2
101,Pontia_occidentalis,Corfu_WA,103,M,CUT,2.3,0.72,1993-07-06,1,187,0,NA,NA,Corfu.CutWings.1993_2
102,Pontia_occidentalis,Corfu_WA,104,M,CTL,2.3,0.63,1993-07-06,2,187,0,NA,NA,Corfu.CutWings.1993_2
103,Pontia_occidentalis,Corfu_WA,105,M,CUT,2,0.44,1993-07-06,2,187,0,NA,NA,Corfu.CutWings.1993_2
104,Pontia_occidentalis,Corfu_WA,106,F,CTL,2.4,1.05,1993-07-06,1,187,0,NA,NA,Corfu.CutWings.1993_2
105,Pontia_occidentalis,Corfu_WA,107,F,CUT,2.1,0.56,1993-07-06,3,187,0,NA,NA,Corfu.CutWings.1993_2
106,Pontia_occidentalis,Corfu_WA,108,F,CTL,2.6,0.95,1993-07-06,3,187,0,NA,NA,Corfu.CutWings.1993_2
107,Pontia_occidentalis,Corfu_WA,109,M,CUT,2.1,0.64,1993-07-06,3,187,0,NA,NA,Corfu.CutWings.1993_2
108,Pontia_occidentalis,Corfu_WA,110,M,CTL,2,0.43,1993-07-06,2,187,0,NA,NA,Corfu.CutWings.1993_2
109,Pontia_occidentalis,Corfu_WA,111,F,CUT,2.2,0.72,1993-07-06,2,187,0,NA,NA,Corfu.CutWings.1993_2
110,Pontia_occidentalis,Corfu_WA,112,M,CTL,2.6,0.85,1993-07-06,2,187,0,NA,NA,Corfu.CutWings.1993_2
111,Pontia_occidentalis,Corfu_WA,113,F,CUT,1.9,0.73,1993-07-06,1,187,0,NA,NA,Corfu.CutWings.1993_2
112,Pontia_occidentalis,Corfu_WA,114,F,CTL,2.3,0.54,1993-07-06,3,187,0,NA,NA,Corfu.CutWings.1993_2
113,Pontia_occidentalis,Corfu_WA,115,M,CUT,2.2,0.47,1993-07-06,3,187,0,NA,NA,Corfu.CutWings.1993_2
114,Pontia_occidentalis,Corfu_WA,116,F,CTL,2.7,1,1993-07-06,1,187,0,NA,NA,Corfu.CutWings.1993_2
115,Pontia_occidentalis,Corfu_WA,117,M,CUT,2.1,0.61,1993-07-06,3,187,0,NA,NA,Corfu.CutWings.1993_2
116,Pontia_occidentalis,Corfu_WA,118,M,CTL,2.4,0.58,1993-07-06,3,187,0,NA,NA,Corfu.CutWings.1993_2
117,Pontia_occidentalis,Corfu_WA,119,M,CUT,2.1,0.61,1993-07-06,1,187,0,NA,NA,Corfu.CutWings.1993_2
118,Pontia_occidentalis,Corfu_WA,120,M,CTL,2.6,0.72,1993-07-06,1,187,0,NA,NA,Corfu.CutWings.1993_2
119,Pontia_occidentalis,Corfu_WA,121,F,CUT,2.3,0.65,1993-07-06,2,187,0,NA,NA,Corfu.CutWings.1993_2
120,Pontia_occidentalis,Corfu_WA,122,M,CTL,2.3,0.54,1993-07-06,3,187,0,NA,NA,Corfu.CutWings.1993_2
121,Pontia_occidentalis,Corfu_WA,123,M,CUT,2.2,0.59,1993-07-06,3,187,0,NA,NA,Corfu.CutWings.1993_2
122,Pontia_occidentalis,Corfu_WA,124,M,CTL,2.5,0.77,1993-07-06,3,187,0,NA,NA,Corfu.CutWings.1993_2
123,Pontia_occidentalis,Corfu_WA,125,F,CUT,2,0.65,1993-07-06,1,187,0,NA,NA,Corfu.CutWings.1993_2
124,Pontia_occidentalis,Corfu_WA,126,M,CTL,2.1,0.42,1993-07-06,1,187,0,NA,NA,Corfu.CutWings.1993_2
125,Pontia_occidentalis,Corfu_WA,127,F,CUT,2.1,0.63,1993-07-06,3,187,0,NA,NA,Corfu.CutWings.1993_2
126,Pontia_occidentalis,Corfu_WA,128,F,CTL,2.5,0.88,1993-07-06,2,187,0,NA,NA,Corfu.CutWings.1993_2
127,Pontia_occidentalis,Corfu_WA,129,M,CUT,2.2,0.68,1993-07-06,3,187,0,NA,NA,Corfu.CutWings.1993_2
128,Pontia_occidentalis,Corfu_WA,130,F,CTL,2.7,1.02,1993-07-06,3,187,0,NA,NA,Corfu.CutWings.1993_2
129,Pontia_occidentalis,Corfu_WA,131,M,CUT,2,0.58,1993-07-06,2,187,0,NA,NA,Corfu.CutWings.1993_2
130,Pontia_occidentalis,Corfu_WA,132,F,CTL,2.6,0.95,1993-07-06,2,187,0,NA,NA,Corfu.CutWings.1993_2
131,Pontia_occidentalis,Corfu_WA,133,F,CUT,2.4,1.32,1993-07-06,1,187,0,NA,NA,Corfu.CutWings.1993_2
132,Pontia_occidentalis,Corfu_WA,134,M,CTL,2.2,0.57,1993-07-06,1,187,0,NA,NA,Corfu.CutWings.1993_2
133,Pontia_occidentalis,Corfu_WA,135,M,CUT,2.2,0.94,1993-07-06,2,187,0,NA,NA,Corfu.CutWings.1993_2
134,Pontia_occidentalis,Corfu_WA,136,F,CTL,2.4,0.59,1993-07-06,3,187,0,NA,NA,Corfu.CutWings.1993_2
135,Pontia_occidentalis,Corfu_WA,137,M,CUT,2.2,0.7,1993-07-06,3,187,0,NA,NA,Corfu.CutWings.1993_2
136,Pontia_occidentalis,Corfu_WA,138,F,CTL,2.4,0.94,1993-07-06,1,187,0,NA,NA,Corfu.CutWings.1993_2
137,Pontia_occidentalis,Corfu_WA,139,F,CUT,2.4,1.09,1993-07-06,2,187,0,NA,NA,Corfu.CutWings.1993_2
138,Pontia_occidentalis,Corfu_WA,140,M,CTL,2.6,0.77,1993-07-06,2,187,0,NA,NA,Corfu.CutWings.1993_2
139,Pontia_occidentalis,Corfu_WA,141,F,CUT,2.1,0.68,1993-07-06,2,187,0,NA,NA,Corfu.CutWings.1993_2
140,Pontia_occidentalis,Corfu_WA,142,F,CTL,2.5,1.06,1993-07-06,1,187,0,NA,NA,Corfu.CutWings.1993_2
141,Pontia_occidentalis,Corfu_WA,143,F,CUT,2.2,0.81,1993-07-06,1,187,0,NA,NA,Corfu.CutWings.1993_2
142,Pontia_occidentalis,Corfu_WA,144,F,CTL,2.6,0.85,1993-07-06,3,187,0,NA,NA,Corfu.CutWings.1993_2
143,Pontia_occidentalis,Corfu_WA,145,F,CUT,2.2,0.79,1993-07-06,1,187,0,NA,NA,Corfu.CutWings.1993_2
144,Pontia_occidentalis,Corfu_WA,146,F,CTL,2.1,0.66,1993-07-06,1,187,0,NA,NA,Corfu.CutWings.1993_2
145,Pontia_occidentalis,Corfu_WA,147,F,CUT,2.2,0.99,1993-07-06,2,187,0,NA,NA,Corfu.CutWings.1993_2
146,Pontia_occidentalis,Corfu_WA,149,F,CUT,2.1,0.77,1993-07-06,2,187,0,NA,NA,Corfu.CutWings.1993_2
147,Pontia_occidentalis,Corfu_WA,150,F,CTL,2.6,0.61,1993-07-06,3,187,0,NA,NA,Corfu.CutWings.1993_2
148,Pontia_occidentalis,Corfu_WA,151,F,CUT,2.1,0.86,1993-07-06,1,187,0,NA,NA,Corfu.CutWings.1993_2
149,Pontia_occidentalis,Corfu_WA,152,M,CTL,2.6,0.73,1993-07-06,2,187,0,NA,NA,Corfu.CutWings.1993_2
150,Pontia_occidentalis,Corfu_WA,153,M,CUT,2.2,0.54,1993-07-06,3,187,0,NA,NA,Corfu.CutWings.1993_2
151,Pontia_occidentalis,Corfu_WA,154,M,CTL,2.3,0.57,1993-07-06,1,187,0,NA,NA,Corfu.CutWings.1993_2
152,Pontia_occidentalis,Corfu_WA,155,M,CUT,2.3,0.77,1993-07-06,2,187,0,NA,NA,Corfu.CutWings.1993_2
153,Pontia_occidentalis,Corfu_WA,156,M,CTL,2.3,0.5,1993-07-06,3,187,0,NA,NA,Corfu.CutWings.1993_2
154,Pontia_occidentalis,Corfu_WA,157,F,CUT,1.9,0.59,1993-07-06,2,187,0,NA,NA,Corfu.CutWings.1993_2
155,Pontia_occidentalis,Corfu_WA,159,M,CUT,2.3,0.82,1993-07-06,1,187,0,NA,NA,Corfu.CutWings.1993_2
156,Pontia_occidentalis,Corfu_WA,160,F,CTL,2.5,1,1993-07-06,1,187,0,NA,NA,Corfu.CutWings.1993_2
157,Pontia_occidentalis,Corfu_WA,161,F,CUT,2.2,0.96,1993-07-06,1,187,0,NA,NA,Corfu.CutWings.1993_2
158,Pontia_occidentalis,Corfu_WA,162,M,CTL,2.4,0.64,1993-07-06,1,187,0,NA,NA,Corfu.CutWings.1993_2
159,Pontia_occidentalis,Corfu_WA,163,F,CUT,2.1,0.88,1993-07-06,1,187,0,NA,NA,Corfu.CutWings.1993_2
160,Pontia_occidentalis,Corfu_WA,164,F,CTL,2.4,0.75,1993-07-06,2,187,0,NA,NA,Corfu.CutWings.1993_2
161,Pontia_occidentalis,Corfu_WA,165,F,CUT,2.3,0.78,1993-07-06,3,187,0,NA,NA,Corfu.CutWings.1993_2
162,Pontia_occidentalis,Corfu_WA,166,F,CTL,2.6,1.04,1993-07-06,1,187,0,NA,NA,Corfu.CutWings.1993_2
163,Pontia_occidentalis,Corfu_WA,167,M,CUT,2.2,0.73,1993-07-06,1,187,0,NA,NA,Corfu.CutWings.1993_2
164,Pontia_occidentalis,Corfu_WA,168,M,CTL,2.7,0.87,1993-07-06,2,187,0,NA,NA,Corfu.CutWings.1993_2
165,Pontia_occidentalis,Corfu_WA,169,M,CUT,1.7,0.48,1993-07-06,2,187,0,NA,NA,Corfu.CutWings.1993_2
166,Pontia_occidentalis,Corfu_WA,170,M,CTL,2.2,0.54,1993-07-06,1,187,0,NA,NA,Corfu.CutWings.1993_2
167,Pontia_occidentalis,Corfu_WA,171,M,CUT,2.2,0.92,1993-07-06,3,187,0,NA,NA,Corfu.CutWings.1993_2
168,Pontia_occidentalis,Corfu_WA,172,M,CTL,2.6,0.92,1993-07-06,2,187,0,NA,NA,Corfu.CutWings.1993_2
169,Pontia_occidentalis,Corfu_WA,173,M,CUT,2,0.62,1993-07-06,2,187,0,NA,NA,Corfu.CutWings.1993_2
170,Pontia_occidentalis,Corfu_WA,174,F,CTL,2.2,0.52,1993-07-06,2,187,0,NA,NA,Corfu.CutWings.1993_2
171,Pontia_occidentalis,Corfu_WA,175,M,CUT,1.7,0.4,1993-07-06,2,187,0,NA,NA,Corfu.CutWings.1993_2
172,Pontia_occidentalis,Corfu_WA,176,F,CTL,2.5,0.91,1993-07-06,3,187,0,NA,NA,Corfu.CutWings.1993_2
173,Pontia_occidentalis,Corfu_WA,177,F,CUT,2.2,0.62,1993-07-06,3,187,0,NA,NA,Corfu.CutWings.1993_2
174,Pontia_occidentalis,Corfu_WA,178,F,CTL,2.3,0.79,1993-07-06,2,187,0,NA,NA,Corfu.CutWings.1993_2
175,Pontia_occidentalis,Corfu_WA,179,F,CUT,2,0.65,1993-07-06,3,187,0,NA,NA,Corfu.CutWings.1993_2
176,Pontia_occidentalis,Corfu_WA,180,M,CTL,2.5,0.72,1993-07-06,3,187,0,NA,NA,Corfu.CutWings.1993_2
177,Pontia_occidentalis,Corfu_WA,181,F,CUT,2.2,0.97,1993-07-06,2,187,0,NA,NA,Corfu.CutWings.1993_2
178,Pontia_occidentalis,Corfu_WA,182,F,CTL,2.3,0.63,1993-07-06,1,187,0,NA,NA,Corfu.CutWings.1993_2
179,Pontia_occidentalis,Corfu_WA,183,F,CUT,2.1,0.49,1993-07-06,3,187,0,NA,NA,Corfu.CutWings.1993_2
180,Pontia_occidentalis,Corfu_WA,184,F,CTL,2.6,0.89,1993-07-06,2,187,0,NA,NA,Corfu.CutWings.1993_2
181,Pontia_occidentalis,Corfu_WA,185,M,CUT,2.2,0.59,1993-07-06,3,187,0,NA,NA,Corfu.CutWings.1993_2
182,Pontia_occidentalis,Corfu_WA,186,F,CTL,2.6,0.81,1993-07-06,2,187,0,NA,NA,Corfu.CutWings.1993_2
183,Pontia_occidentalis,Corfu_WA,187,M,CUT,2.3,0.8,1993-07-06,2,187,0,NA,NA,Corfu.CutWings.1993_2
184,Pontia_occidentalis,Corfu_WA,188,M,CTL,2.4,0.64,1993-07-06,2,187,0,NA,NA,Corfu.CutWings.1993_2
185,Pontia_occidentalis,Corfu_WA,189,F,CUT,1.9,0.59,1993-07-06,1,187,0,NA,NA,Corfu.CutWings.1993_2
186,Pontia_occidentalis,Corfu_WA,190,F,CTL,2.3,0.66,1993-07-06,3,187,0,NA,NA,Corfu.CutWings.1993_2
187,Pontia_occidentalis,Corfu_WA,191,F,CUT,2.4,0.86,1993-07-06,3,187,0,NA,NA,Corfu.CutWings.1993_2
188,Pontia_occidentalis,Corfu_WA,192,M,CTL,2.5,0.85,1993-07-06,1,187,0,NA,NA,Corfu.CutWings.1993_2
189,Pontia_occidentalis,Corfu_WA,193,F,CUT,2.1,0.74,1993-07-06,1,187,0,NA,NA,Corfu.CutWings.1993_2
190,Pontia_occidentalis,Corfu_WA,194,F,CTL,2.7,0.74,1993-07-06,4,187,0,NA,NA,Corfu.CutWings.1993_2
191,Pontia_occidentalis,Corfu_WA,195,F,CUT,2.1,0.77,1993-07-06,2,187,0,NA,NA,Corfu.CutWings.1993_2
192,Pontia_occidentalis,Corfu_WA,196,M,CTL,2.4,0.72,1993-07-06,1,187,0,NA,NA,Corfu.CutWings.1993_2
193,Pontia_occidentalis,Corfu_WA,197,M,CUT,2,0.68,1993-07-06,1,187,0,NA,NA,Corfu.CutWings.1993_2
194,Pontia_occidentalis,Corfu_WA,198,F,CTL,2.4,0.85,1993-07-06,2,187,0,NA,NA,Corfu.CutWings.1993_2
195,Pontia_occidentalis,Corfu_WA,199,M,CUT,2.1,0.65,1993-07-06,2,187,0,NA,NA,Corfu.CutWings.1993_2
196,Pontia_occidentalis,Corfu_WA,200,F,CTL,2.7,0.83,1993-07-06,1,187,0,NA,NA,Corfu.CutWings.1993_2
197,Pontia_occidentalis,Corfu_WA,201,F,CUT,2.1,0.6,1993-07-06,2,187,0,NA,NA,Corfu.CutWings.1993_2
198,Pontia_occidentalis,Corfu_WA,202,F,CTL,2.5,0.79,1993-07-06,1,187,0,NA,NA,Corfu.CutWings.1993_2
199,Pontia_occidentalis,Corfu_WA,203,M,CUT,2.2,0.48,1993-07-06,2,187,0,NA,NA,Corfu.CutWings.1993_2
200,Pontia_occidentalis,Corfu_WA,204,F,CTL,2.3,0.59,1993-07-06,3,187,0,NA,NA,Corfu.CutWings.1993_2
201,Pontia_occidentalis,Corfu_WA,205,F,CUT,2.2,0.76,1993-07-06,3,187,0,NA,NA,Corfu.CutWings.1993_2
202,Pontia_occidentalis,Corfu_WA,206,F,CTL,2.4,0.94,1993-07-06,2,187,0,NA,NA,Corfu.CutWings.1993_2
203,Pontia_occidentalis,Corfu_WA,207,M,CUT,2.1,0.7,1993-07-06,2,187,0,NA,NA,Corfu.CutWings.1993_2
204,Pontia_occidentalis,Corfu_WA,208,F,CTL,2.6,1.11,1993-07-07,1,188,0,NA,NA,Corfu.CutWings.1993_2
205,Pontia_occidentalis,Corfu_WA,210,F,CTL,2.6,1,1993-07-07,2,188,0,NA,NA,Corfu.CutWings.1993_2
206,Pontia_occidentalis,Corfu_WA,211,F,CUT,2.3,0.74,1993-07-07,2,188,0,NA,NA,Corfu.CutWings.1993_2
207,Pontia_occidentalis,Corfu_WA,212,M,CTL,2.6,0.71,1993-07-07,2,188,0,NA,NA,Corfu.CutWings.1993_2
208,Pontia_occidentalis,Corfu_WA,214,F,CTL,2.4,0.95,1993-07-07,1,188,0,NA,NA,Corfu.CutWings.1993_2
209,Pontia_occidentalis,Corfu_WA,215,M,CUT,2.1,0.87,1993-07-07,1,188,0,NA,NA,Corfu.CutWings.1993_2
210,Pontia_occidentalis,Corfu_WA,216,F,CTL,2.7,1.2,1993-07-07,1,188,0,NA,NA,Corfu.CutWings.1993_2
211,Pontia_occidentalis,Corfu_WA,217,F,CUT,2.2,0.9,1993-07-07,2,188,0,NA,NA,Corfu.CutWings.1993_2
212,Pontia_occidentalis,Corfu_WA,218,M,CTL,2.3,0.54,1993-07-07,1,188,0,NA,NA,Corfu.CutWings.1993_2
213,Pontia_occidentalis,Corfu_WA,219,M,CUT,2.1,0.44,1993-07-07,2,188,0,NA,NA,Corfu.CutWings.1993_2
214,Pontia_occidentalis,Corfu_WA,220,F,CTL,2.4,0.63,1993-07-07,3,188,0,NA,NA,Corfu.CutWings.1993_2
215,Pontia_occidentalis,Corfu_WA,221,F,CUT,2.3,0.67,1993-07-07,1,188,0,NA,NA,Corfu.CutWings.1993_2
216,Pontia_occidentalis,Corfu_WA,222,F,CTL,1.6,0.91,1993-07-07,3,188,0,NA,NA,Corfu.CutWings.1993_2
217,Pontia_occidentalis,Corfu_WA,223,F,CUT,2.4,0.96,1993-07-07,1,188,0,NA,NA,Corfu.CutWings.1993_2
218,Pontia_occidentalis,Corfu_WA,224,F,CTL,2.2,0.57,1993-07-07,2,188,0,NA,NA,Corfu.CutWings.1993_2
219,Pontia_occidentalis,Corfu_WA,225,F,CUT,2.3,1.05,1993-07-07,1,188,0,NA,NA,Corfu.CutWings.1993_2
220,Pontia_occidentalis,Corfu_WA,226,F,CTL,2.4,0.7,1993-07-07,3,188,0,NA,NA,Corfu.CutWings.1993_2
221,Pontia_occidentalis,Corfu_WA,227,M,CUT,2,0.54,1993-07-07,1,188,0,NA,NA,Corfu.CutWings.1993_2
222,Pontia_occidentalis,Corfu_WA,228,M,CTL,2.5,0.71,1993-07-07,4,188,0,NA,NA,Corfu.CutWings.1993_2
223,Pontia_occidentalis,Corfu_WA,229,F,CUT,2.2,0.63,1993-07-07,1,188,0,NA,NA,Corfu.CutWings.1993_2
224,Pontia_occidentalis,Corfu_WA,230,M,CTL,2.3,0.71,1993-07-07,1,188,0,NA,NA,Corfu.CutWings.1993_2
225,Pontia_occidentalis,Corfu_WA,231,M,CUT,2.2,0.68,1993-07-07,2,188,0,NA,NA,Corfu.CutWings.1993_2
226,Pontia_occidentalis,Corfu_WA,232,F,CTL,2.4,0.7,1993-07-07,4,188,0,NA,NA,Corfu.CutWings.1993_2
227,Pontia_occidentalis,Corfu_WA,233,F,CUT,2,0.51,1993-07-07,3,188,0,NA,NA,Corfu.CutWings.1993_2
228,Pontia_occidentalis,Corfu_WA,234,M,CTL,2.7,0.81,1993-07-07,3,188,0,NA,NA,Corfu.CutWings.1993_2
229,Pontia_occidentalis,Corfu_WA,235,F,CUT,2.2,1.29,1993-07-07,1,188,0,NA,NA,Corfu.CutWings.1993_2
230,Pontia_occidentalis,Corfu_WA,236,F,CTL,2.4,0.55,1993-07-07,3,188,0,NA,NA,Corfu.CutWings.1993_2
231,Pontia_occidentalis,Corfu_WA,237,M,CUT,1.9,0.48,1993-07-07,2,188,0,NA,NA,Corfu.CutWings.1993_2
232,Pontia_occidentalis,Corfu_WA,238,F,CTL,2.6,0.81,1993-07-07,2,188,0,NA,NA,Corfu.CutWings.1993_2
233,Pontia_occidentalis,Corfu_WA,239,F,CUT,2.3,0.75,1993-07-07,2,188,0,NA,NA,Corfu.CutWings.1993_2
234,Pontia_occidentalis,Corfu_WA,240,M,CTL,2.3,0.56,1993-07-07,2,188,0,NA,NA,Corfu.CutWings.1993_2
235,Pontia_occidentalis,Corfu_WA,241,M,CUT,2.2,0.81,1993-07-07,2,188,0,NA,NA,Corfu.CutWings.1993_2
236,Pontia_occidentalis,Corfu_WA,242,F,CTL,2.5,0.92,1993-07-07,2,188,0,NA,NA,Corfu.CutWings.1993_2
237,Pontia_occidentalis,Corfu_WA,243,F,CUT,2.2,0.74,1993-07-07,1,188,0,NA,NA,Corfu.CutWings.1993_2
238,Pontia_occidentalis,Corfu_WA,244,F,CTL,2.2,0.74,1993-07-07,1,188,0,NA,NA,Corfu.CutWings.1993_2
239,Pontia_occidentalis,Corfu_WA,245,F,CUT,2.1,0.59,1993-07-07,3,188,0,NA,NA,Corfu.CutWings.1993_2
240,Pontia_occidentalis,Corfu_WA,246,M,CTL,2.4,0.68,1993-07-07,2,188,0,NA,NA,Corfu.CutWings.1993_2
241,Pontia_occidentalis,Corfu_WA,247,M,CUT,2.2,0.71,1993-07-07,2,188,0,NA,NA,Corfu.CutWings.1993_2
242,Pontia_occidentalis,Corfu_WA,248,M,CTL,2.5,0.68,1993-07-07,3,188,0,NA,NA,Corfu.CutWings.1993_2
243,Pontia_occidentalis,Corfu_WA,249,M,CUT,2.2,0.62,1993-07-07,1,188,0,NA,NA,Corfu.CutWings.1993_2
244,Pontia_occidentalis,Corfu_WA,250,M,CTL,2.4,0.58,1993-07-07,3,188,0,NA,NA,Corfu.CutWings.1993_2
245,Pontia_occidentalis,Corfu_WA,251,F,CUT,2.5,0.85,1993-07-07,3,188,0,NA,NA,Corfu.CutWings.1993_2
246,Pontia_occidentalis,Corfu_WA,252,F,CTL,2.1,1.18,1993-07-07,1,188,0,NA,NA,Corfu.CutWings.1993_2
247,Pontia_occidentalis,Corfu_WA,253,M,CUT,2.1,0.44,1993-07-07,2,188,0,NA,NA,Corfu.CutWings.1993_2
248,Pontia_occidentalis,Corfu_WA,254,M,CTL,2.5,0.65,1993-07-07,3,188,0,NA,NA,Corfu.CutWings.1993_2
249,Pontia_occidentalis,Corfu_WA,255,F,CUT,2.2,0.85,1993-07-07,2,188,0,NA,NA,Corfu.CutWings.1993_2
250,Pontia_occidentalis,Corfu_WA,256,F,CTL,2.5,0.95,1993-07-07,1,188,0,NA,NA,Corfu.CutWings.1993_2
251,Pontia_occidentalis,Corfu_WA,257,M,CUT,2.3,0.64,1993-07-07,3,188,0,NA,NA,Corfu.CutWings.1993_2
252,Pontia_occidentalis,Corfu_WA,258,M,CTL,2.6,0.78,1993-07-07,3,188,0,NA,NA,Corfu.CutWings.1993_2
253,Pontia_occidentalis,Corfu_WA,259,F,CUT,2.2,0.9,1993-07-07,1,188,0,NA,NA,Corfu.CutWings.1993_2
254,Pontia_occidentalis,Corfu_WA,260,F,CTL,2.6,1.03,1993-07-07,3,188,0,NA,NA,Corfu.CutWings.1993_2
255,Pontia_occidentalis,Corfu_WA,261,F,CUT,2.3,0.71,1993-07-07,3,188,0,NA,NA,Corfu.CutWings.1993_2
256,Pontia_occidentalis,Corfu_WA,263,M,CUT,2.2,0.72,1993-07-07,3,188,0,NA,NA,Corfu.CutWings.1993_2
257,Pontia_occidentalis,Corfu_WA,264,M,CTL,2.5,0.85,1993-07-07,1,188,0,NA,NA,Corfu.CutWings.1993_2
258,Pontia_occidentalis,Corfu_WA,265,M,CUT,2.2,0.52,1993-07-07,3,188,0,NA,NA,Corfu.CutWings.1993_2
259,Pontia_occidentalis,Corfu_WA,266,M,CTL,2.4,0.6,1993-07-07,2,188,0,NA,NA,Corfu.CutWings.1993_2
260,Pontia_occidentalis,Corfu_WA,267,M,CUT,2.2,0.89,1993-07-07,2,188,0,NA,NA,Corfu.CutWings.1993_2
261,Pontia_occidentalis,Corfu_WA,268,F,CTL,2.5,0.78,1993-07-07,1,188,0,NA,NA,Corfu.CutWings.1993_2
262,Pontia_occidentalis,Corfu_WA,269,F,CUT,2.2,0.81,1993-07-07,3,188,0,NA,NA,Corfu.CutWings.1993_2
263,Pontia_occidentalis,Corfu_WA,270,F,CTL,2.5,0.9,1993-07-07,1,188,0,NA,NA,Corfu.CutWings.1993_2
264,Pontia_occidentalis,Corfu_WA,271,M,CUT,2.1,0.64,1993-07-07,1,188,0,NA,NA,Corfu.CutWings.1993_2
265,Pontia_occidentalis,Corfu_WA,272,M,CTL,2.4,0.6,1993-07-07,2,188,0,NA,NA,Corfu.CutWings.1993_2
266,Pontia_occidentalis,Corfu_WA,273,F,CUT,2.3,0.86,1993-07-07,1,188,0,NA,NA,Corfu.CutWings.1993_2
267,Pontia_occidentalis,Corfu_WA,274,F,CTL,2.8,1.14,1993-07-07,1,188,0,NA,NA,Corfu.CutWings.1993_2
268,Pontia_occidentalis,Corfu_WA,275,M,CUT,2.3,0.95,1993-07-07,1,188,0,NA,NA,Corfu.CutWings.1993_2
269,Pontia_occidentalis,Corfu_WA,276,F,CTL,2.5,0.68,1993-07-07,2,188,0,NA,NA,Corfu.CutWings.1993_2
270,Pontia_occidentalis,Corfu_WA,277,F,CUT,2.2,0.66,1993-07-07,3,188,0,NA,NA,Corfu.CutWings.1993_2
271,Pontia_occidentalis,Corfu_WA,278,F,CTL,2.2,0.67,1993-07-07,2,188,0,NA,NA,Corfu.CutWings.1993_2
272,Pontia_occidentalis,Corfu_WA,279,M,CUT,2.3,0.91,1993-07-07,2,188,0,NA,NA,Corfu.CutWings.1993_2
273,Pontia_occidentalis,Corfu_WA,280,F,CTL,2.6,0.85,1993-07-07,1,188,0,NA,NA,Corfu.CutWings.1993_2
274,Pontia_occidentalis,Corfu_WA,281,F,CUT,2.3,0.85,1993-07-07,1,188,0,NA,NA,Corfu.CutWings.1993_2
275,Pontia_occidentalis,Corfu_WA,282,F,CTL,2.3,0.67,1993-07-07,3,188,0,NA,NA,Corfu.CutWings.1993_2
276,Pontia_occidentalis,Corfu_WA,283,F,CUT,1.9,0.55,1993-07-07,2,188,0,NA,NA,Corfu.CutWings.1993_2
277,Pontia_occidentalis,Corfu_WA,284,M,CTL,2.3,0.59,1993-07-07,1,188,0,NA,NA,Corfu.CutWings.1993_2
278,Pontia_occidentalis,Corfu_WA,285,F,CUT,2.1,0.67,1993-07-07,2,188,0,NA,NA,Corfu.CutWings.1993_2
279,Pontia_occidentalis,Corfu_WA,286,M,CTL,2.5,0.68,1993-07-07,3,188,0,NA,NA,Corfu.CutWings.1993_2
280,Pontia_occidentalis,Corfu_WA,287,F,CUT,2.4,1.05,1993-07-07,1,188,0,NA,NA,Corfu.CutWings.1993_2
281,Pontia_occidentalis,Corfu_WA,288,M,CTL,2.5,0.69,1993-07-07,3,188,0,NA,NA,Corfu.CutWings.1993_2
282,Pontia_occidentalis,Corfu_WA,289,F,CUT,2,0.92,1993-07-07,1,188,0,NA,NA,Corfu.CutWings.1993_2
283,Pontia_occidentalis,Corfu_WA,290,M,CTL,1.9,0.67,1993-07-07,1,188,0,NA,NA,Corfu.CutWings.1993_2
284,Pontia_occidentalis,Corfu_WA,291,F,CUT,2.2,0.69,1993-07-07,1,188,0,NA,NA,Corfu.CutWings.1993_2
285,Pontia_occidentalis,Corfu_WA,292,M,CTL,2.4,0.7,1993-07-07,2,188,0,NA,NA,Corfu.CutWings.1993_2
286,Pontia_occidentalis,Corfu_WA,293,M,CUT,2.1,0.62,1993-07-07,2,188,0,NA,NA,Corfu.CutWings.1993_2
287,Pontia_occidentalis,Corfu_WA,294,F,CTL,2.7,0.85,1993-07-07,1,188,0,NA,NA,Corfu.CutWings.1993_2
288,Pontia_occidentalis,Corfu_WA,295,M,CUT,2.4,1,1993-07-07,1,188,0,NA,NA,Corfu.CutWings.1993_2
289,Pontia_occidentalis,Corfu_WA,296,F,CTL,2.4,0.72,1993-07-07,1,188,0,NA,NA,Corfu.CutWings.1993_2
290,Pontia_occidentalis,Corfu_WA,297,F,CUT,2.2,0.83,1993-07-07,1,188,0,NA,NA,Corfu.CutWings.1993_2
291,Pontia_occidentalis,Corfu_WA,298,F,CTL,2.6,0.97,1993-07-07,2,188,0,NA,NA,Corfu.CutWings.1993_2
292,Pontia_occidentalis,Corfu_WA,299,F,CUT,2.3,1.06,1993-07-07,1,188,0,NA,NA,Corfu.CutWings.1993_2
293,Pontia_occidentalis,Corfu_WA,300,F,CTL,2.6,0.88,1993-07-07,3,188,0,NA,NA,Corfu.CutWings.1993_2
294,Pontia_occidentalis,Corfu_WA,301,M,CUT,1.9,0.61,1993-07-07,1,188,0,NA,NA,Corfu.CutWings.1993_2
295,Pontia_occidentalis,Corfu_WA,352,M,U,2.5,0.75,1993-07-06,2,187,0,NA,NA,Corfu.CutWings.1993_2
296,Pontia_occidentalis,Corfu_WA,353,F,U,2.7,0.8,1993-07-06,3,187,0,NA,NA,Corfu.CutWings.1993_2
297,Pontia_occidentalis,Corfu_WA,354,F,U,2,0.67,1993-07-06,2,187,0,NA,NA,Corfu.CutWings.1993_2
298,Pontia_occidentalis,Corfu_WA,355,F,U,2.5,0.83,1993-07-06,3,187,0,NA,NA,Corfu.CutWings.1993_2
299,Pontia_occidentalis,Corfu_WA,356,F,U,2.5,0.72,1993-07-06,2,187,0,NA,NA,Corfu.CutWings.1993_2
300,Pontia_occidentalis,Corfu_WA,357,F,U,2.5,0.63,1993-07-06,3,187,0,NA,NA,Corfu.CutWings.1993_2
301,Pontia_occidentalis,Corfu_WA,358,F,U,2.6,0.96,1993-07-06,1,187,0,NA,NA,Corfu.CutWings.1993_2
302,Pontia_occidentalis,Corfu_WA,359,M,U,2.4,0.58,1993-07-06,2,187,0,NA,NA,Corfu.CutWings.1993_2
303,Pontia_occidentalis,Corfu_WA,360,F,U,2.4,0.78,1993-07-06,1,187,0,NA,NA,Corfu.CutWings.1993_2
304,Pontia_occidentalis,Corfu_WA,361,F,U,2.3,0.56,1993-07-06,3,187,0,NA,NA,Corfu.CutWings.1993_2
305,Pontia_occidentalis,Corfu_WA,362,M,U,2.5,0.82,1993-07-06,4,187,0,NA,NA,Corfu.CutWings.1993_2
306,Pontia_occidentalis,Corfu_WA,363,F,U,2.5,0.89,1993-07-06,1,187,0,NA,NA,Corfu.CutWings.1993_2
307,Pontia_occidentalis,Corfu_WA,364,F,U,2.4,0.78,1993-07-06,1,187,0,NA,NA,Corfu.CutWings.1993_2
308,Pontia_occidentalis,Corfu_WA,365,F,U,2.5,0.81,1993-07-06,2,187,0,NA,NA,Corfu.CutWings.1993_2
309,Pontia_occidentalis,Corfu_WA,366,F,U,2.8,1.01,1993-07-06,3,187,0,NA,NA,Corfu.CutWings.1993_2
310,Pontia_occidentalis,Corfu_WA,367,M,U,2.5,0.67,1993-07-06,2,187,0,NA,NA,Corfu.CutWings.1993_2
311,Pontia_occidentalis,Corfu_WA,368,F,U,2.7,0.74,1993-07-06,2,187,0,NA,NA,Corfu.CutWings.1993_2
312,Pontia_occidentalis,Corfu_WA,369,M,U,2.5,0.82,1993-07-06,1,187,0,NA,NA,Corfu.CutWings.1993_2
313,Pontia_occidentalis,Corfu_WA,370,F,U,2.4,0.73,1993-07-06,2,187,0,NA,NA,Corfu.CutWings.1993_2
314,Pontia_occidentalis,Corfu_WA,371,F,U,2,0.74,1993-07-06,2,187,0,NA,NA,Corfu.CutWings.1993_2
315,Pontia_occidentalis,Corfu_WA,372,M,U,2.2,0.61,1993-07-06,3,187,0,NA,NA,Corfu.CutWings.1993_2
316,Pontia_occidentalis,Corfu_WA,373,M,U,2.4,0.76,1993-07-06,1,187,0,NA,NA,Corfu.CutWings.1993_2
317,Pontia_occidentalis,Corfu_WA,374,F,U,2.6,0.91,1993-07-06,2,187,0,NA,NA,Corfu.CutWings.1993_2
318,Pontia_occidentalis,Corfu_WA,375,M,U,2.5,0.6,1993-07-06,2,187,0,NA,NA,Corfu.CutWings.1993_2
319,Pontia_occidentalis,Corfu_WA,376,F,U,2.5,0.85,1993-07-06,2,187,0,NA,NA,Corfu.CutWings.1993_2
320,Pontia_occidentalis,Corfu_WA,377,M,U,2.5,0.75,1993-07-06,3,187,0,NA,NA,Corfu.CutWings.1993_2
321,Pontia_occidentalis,Corfu_WA,378,F,U,2.5,0.93,1993-07-06,2,187,0,NA,NA,Corfu.CutWings.1993_2
322,Pontia_occidentalis,Corfu_WA,379,F,U,2.2,0.68,1993-07-06,1,187,0,NA,NA,Corfu.CutWings.1993_2
323,Pontia_occidentalis,Corfu_WA,380,M,U,2.5,0.62,1993-07-06,2,187,0,NA,NA,Corfu.CutWings.1993_2
324,Pontia_occidentalis,Corfu_WA,381,F,U,2.7,0.76,1993-07-06,3,187,0,NA,NA,Corfu.CutWings.1993_2
325,Pontia_occidentalis,Corfu_WA,382,F,U,2.4,0.79,1993-07-06,2,187,0,NA,NA,Corfu.CutWings.1993_2
326,Pontia_occidentalis,Corfu_WA,383,F,U,2.3,0.57,1993-07-06,3,187,0,NA,NA,Corfu.CutWings.1993_2
327,Pontia_occidentalis,Corfu_WA,384,F,U,2.3,0.62,1993-07-06,1,187,0,NA,NA,Corfu.CutWings.1993_2
328,Pontia_occidentalis,Corfu_WA,385,F,U,2.4,0.74,1993-07-06,3,187,0,NA,NA,Corfu.CutWings.1993_2
329,Pontia_occidentalis,Corfu_WA,386,M,U,2.5,0.8,1993-07-06,2,187,0,NA,NA,Corfu.CutWings.1993_2
330,Pontia_occidentalis,Corfu_WA,387,M,U,2.4,0.63,1993-07-06,N/A,187,0,NA,NA,Corfu.CutWings.1993_2
331,Pontia_occidentalis,Corfu_WA,388,F,U,2.4,0.7,1993-07-06,1,187,0,NA,NA,Corfu.CutWings.1993_2
332,Pontia_occidentalis,Corfu_WA,389,M,U,2.2,0.5,1993-07-06,1,187,0,NA,NA,Corfu.CutWings.1993_2
333,Pontia_occidentalis,Corfu_WA,390,F,U,2.5,0.7,1993-07-06,2,187,0,NA,NA,Corfu.CutWings.1993_2
334,Pontia_occidentalis,Corfu_WA,391,M,U,2.6,0.78,1993-07-06,2,187,0,NA,NA,Corfu.CutWings.1993_2
335,Pontia_occidentalis,Corfu_WA,393,F,U,2.1,0.53,1993-07-06,3,187,0,NA,NA,Corfu.CutWings.1993_2
336,Pontia_occidentalis,Corfu_WA,394,M,U,2.3,0.61,1993-07-06,3,187,0,NA,NA,Corfu.CutWings.1993_2
337,Pontia_occidentalis,Corfu_WA,395,M,U,2.5,0.53,1993-07-06,3,187,0,NA,NA,Corfu.CutWings.1993_2
338,Pontia_occidentalis,Corfu_WA,396,F,U,2.2,0.61,1993-07-06,2,187,0,NA,NA,Corfu.CutWings.1993_2
339,Pontia_occidentalis,Corfu_WA,397,F,U,2.2,0.76,1993-07-06,2,187,0,NA,NA,Corfu.CutWings.1993_2
340,Pontia_occidentalis,Corfu_WA,399,F,U,2.5,0.93,1993-07-06,3,187,0,NA,NA,Corfu.CutWings.1993_2
341,Pontia_occidentalis,Corfu_WA,400,M,U,2.1,0.43,1993-07-06,1,187,0,NA,NA,Corfu.CutWings.1993_2
342,Pontia_occidentalis,Corfu_WA,401,F,U,2.3,0.62,1993-07-06,2,187,0,NA,NA,Corfu.CutWings.1993_2
343,Pontia_occidentalis,Corfu_WA,402,F,U,2.4,0.85,1993-07-06,3,187,0,NA,NA,Corfu.CutWings.1993_2
344,Pontia_occidentalis,Corfu_WA,403,F,U,2.5,0.86,1993-07-06,1,187,0,NA,NA,Corfu.CutWings.1993_2
345,Pontia_occidentalis,Corfu_WA,404,M,U,2.2,0.57,1993-07-06,1,187,0,NA,NA,Corfu.CutWings.1993_2
346,Pontia_occidentalis,Corfu_WA,405,M,U,2.2,0.46,1993-07-06,2,187,0,NA,NA,Corfu.CutWings.1993_2
347,Pontia_occidentalis,Corfu_WA,406,F,U,2.5,0.82,1993-07-06,1,187,0,NA,NA,Corfu.CutWings.1993_2
348,Pontia_occidentalis,Corfu_WA,407,F,U,2.5,0.84,1993-07-06,2,187,0,NA,NA,Corfu.CutWings.1993_2
349,Pontia_occidentalis,Corfu_WA,409,F,U,2.5,0.71,1993-07-06,2,187,0,NA,NA,Corfu.CutWings.1993_2
350,Pontia_occidentalis,Corfu_WA,410,F,U,2.5,0.67,1993-07-06,3,187,0,NA,NA,Corfu.CutWings.1993_2
351,Pontia_occidentalis,Corfu_WA,411,M,U,2.6,0.86,1993-07-07,2,188,0,NA,NA,Corfu.CutWings.1993_2
352,Pontia_occidentalis,Corfu_WA,412,M,U,2.6,0.73,1993-07-07,3,188,0,NA,NA,Corfu.CutWings.1993_2
353,Pontia_occidentalis,Corfu_WA,413,M,U,2.8,0.73,1993-07-07,3,188,0,NA,NA,Corfu.CutWings.1993_2
354,Pontia_occidentalis,Corfu_WA,414,F,U,2.6,0.9,1993-07-07,4,188,0,NA,NA,Corfu.CutWings.1993_2
355,Pontia_occidentalis,Corfu_WA,415,M,U,2.4,0.75,1993-07-07,2,188,0,NA,NA,Corfu.CutWings.1993_2
356,Pontia_occidentalis,Corfu_WA,416,F,U,2.6,0.58,1993-07-07,4,188,0,NA,NA,Corfu.CutWings.1993_2
357,Pontia_occidentalis,Corfu_WA,417,F,U,2.5,0.62,1993-07-07,3,188,0,NA,NA,Corfu.CutWings.1993_2
358,Pontia_occidentalis,Corfu_WA,418,F,U,2.5,0.75,1993-07-07,2,188,0,NA,NA,Corfu.CutWings.1993_2
359,Pontia_occidentalis,Corfu_WA,419,M,U,2.4,0.82,1993-07-07,2,188,0,NA,NA,Corfu.CutWings.1993_2
360,Pontia_occidentalis,Corfu_WA,420,F,U,2.5,0.68,1993-07-07,2,188,0,NA,NA,Corfu.CutWings.1993_2
361,Pontia_occidentalis,Corfu_WA,421,F,U,2.5,0.75,1993-07-07,1,188,0,NA,NA,Corfu.CutWings.1993_2
362,Pontia_occidentalis,Corfu_WA,422,F,U,2.4,0.65,1993-07-07,4,188,0,NA,NA,Corfu.CutWings.1993_2
363,Pontia_occidentalis,Corfu_WA,423,M,U,2.4,0.57,1993-07-07,3,188,0,NA,NA,Corfu.CutWings.1993_2
364,Pontia_occidentalis,Corfu_WA,424,F,U,2.6,1.12,1993-07-07,2,188,0,NA,NA,Corfu.CutWings.1993_2
365,Pontia_occidentalis,Corfu_WA,425,F,U,2.3,0.65,1993-07-07,4,188,0,NA,NA,Corfu.CutWings.1993_2
366,Pontia_occidentalis,Corfu_WA,426,F,U,2.5,0.82,1993-07-07,2,188,0,NA,NA,Corfu.CutWings.1993_2
367,Pontia_occidentalis,Corfu_WA,427,F,U,2.6,1.25,1993-07-07,4,188,0,NA,NA,Corfu.CutWings.1993_2
368,Pontia_occidentalis,Corfu_WA,428,F,U,2.6,1.01,1993-07-07,2,188,0,NA,NA,Corfu.CutWings.1993_2
369,Pontia_occidentalis,Corfu_WA,429,F,U,2.5,0.97,1993-07-07,2,188,0,NA,NA,Corfu.CutWings.1993_2
370,Pontia_occidentalis,Corfu_WA,430,F,U,2.2,0.62,1993-07-07,2,188,0,NA,NA,Corfu.CutWings.1993_2
371,Pontia_occidentalis,Corfu_WA,431,F,U,2.4,0.67,1993-07-07,3,188,0,NA,NA,Corfu.CutWings.1993_2
372,Pontia_occidentalis,Corfu_WA,432,F,U,2.5,0.53,1993-07-07,3,188,0,NA,NA,Corfu.CutWings.1993_2
373,Pontia_occidentalis,Corfu_WA,433,F,U,2.3,0.68,1993-07-07,2,188,0,NA,NA,Corfu.CutWings.1993_2
374,Pontia_occidentalis,Corfu_WA,434,F,U,2.5,0.8,1993-07-07,3,188,0,NA,NA,Corfu.CutWings.1993_2
375,Pontia_occidentalis,Corfu_WA,435,M,U,2.3,0.6,1993-07-07,1,188,0,NA,NA,Corfu.CutWings.1993_2
376,Pontia_occidentalis,Corfu_WA,436,F,U,2.6,0.94,1993-07-07,2,188,0,NA,NA,Corfu.CutWings.1993_2
377,Pontia_occidentalis,Corfu_WA,437,M,U,2.5,0.84,1993-07-07,2,188,0,NA,NA,Corfu.CutWings.1993_2
378,Pontia_occidentalis,Corfu_WA,438,F,U,2.6,0.92,1993-07-07,4,188,0,NA,NA,Corfu.CutWings.1993_2
379,Pontia_occidentalis,Corfu_WA,439,M,U,2.6,0.95,1993-07-07,1,188,0,NA,NA,Corfu.CutWings.1993_2
380,Pontia_occidentalis,Corfu_WA,440,F,U,2.5,0.92,1993-07-07,2,188,0,NA,NA,Corfu.CutWings.1993_2
381,Pontia_occidentalis,Corfu_WA,441,M,U,2.5,0.67,1993-07-07,4,188,0,NA,NA,Corfu.CutWings.1993_2
382,Pontia_occidentalis,Corfu_WA,442,F,U,2.3,0.73,1993-07-07,4,188,0,NA,NA,Corfu.CutWings.1993_2
383,Pontia_occidentalis,Corfu_WA,443,F,U,2.6,1.01,1993-07-07,2,188,0,NA,NA,Corfu.CutWings.1993_2
384,Pontia_occidentalis,Corfu_WA,444,F,U,2.3,0.64,1993-07-07,2,188,0,NA,NA,Corfu.CutWings.1993_2
385,Pontia_occidentalis,Corfu_WA,445,F,U,2.4,0.68,1993-07-07,3,188,0,NA,NA,Corfu.CutWings.1993_2
386,Pontia_occidentalis,Corfu_WA,446,F,U,2.4,0.67,1993-07-07,3,188,0,NA,NA,Corfu.CutWings.1993_2
387,Pontia_occidentalis,Corfu_WA,447,F,U,2.3,0.41,1993-07-07,3,188,0,NA,NA,Corfu.CutWings.1993_2
388,Pontia_occidentalis,Corfu_WA,448,M,U,2.1,0.45,1993-07-07,2,188,0,NA,NA,Corfu.CutWings.1993_2
389,Pontia_occidentalis,Corfu_WA,449,F,U,2.6,0.93,1993-07-07,2,188,0,NA,NA,Corfu.CutWings.1993_2
390,Pontia_occidentalis,Corfu_WA,450,F,U,2.6,0.77,1993-07-07,3,188,0,NA,NA,Corfu.CutWings.1993_2
391,Pontia_occidentalis,Corfu_WA,451,M,U,2.4,0.84,1993-07-07,1,188,0,NA,NA,Corfu.CutWings.1993_2
392,Pontia_occidentalis,Corfu_WA,452,M,U,2.5,0.84,1993-07-07,3,188,0,NA,NA,Corfu.CutWings.1993_2
393,Pontia_occidentalis,Corfu_WA,1025,F,CUT,2.3,0.93,1993-07-05,3,186,0,NA,NA,Corfu.CutWings.1993_2
394,Pontia_occidentalis,Corfu_WA,1,F,CUT,2.2,0.66,1993-07-05,3,187,1,BASK,MM,Corfu.CutWings.1993_2
395,Pontia_occidentalis,Corfu_WA,1,F,CUT,2.2,0.66,1993-07-05,3,187,2,OVI,MM,Corfu.CutWings.1993_2
396,Pontia_occidentalis,Corfu_WA,3,F,CUT,2.2,1.11,1993-07-05,1,187,1,SPOOK,MM,Corfu.CutWings.1993_2
397,Pontia_occidentalis,Corfu_WA,5,M,CUT,2,0.76,1993-07-05,1,187,1,BASK,AM,Corfu.CutWings.1993_2
398,Pontia_occidentalis,Corfu_WA,7,M,CUT,2,0.7,1993-07-05,1,187,1,FLIGHT,AM,Corfu.CutWings.1993_2
399,Pontia_occidentalis,Corfu_WA,8,M,CTL,2.2,0.54,1993-07-05,1,187,1,FLIGHT,AM,Corfu.CutWings.1993_2
400,Pontia_occidentalis,Corfu_WA,8,M,CTL,2.2,0.54,1993-07-05,1,187,2,FLIGHT,MM,Corfu.CutWings.1993_2
401,Pontia_occidentalis,Corfu_WA,8,M,CTL,2.2,0.54,1993-07-05,1,187,3,FLIGHT,MM,Corfu.CutWings.1993_2
402,Pontia_occidentalis,Corfu_WA,8,M,CTL,2.2,0.54,1993-07-05,1,188,4,FLIGHT,MM,Corfu.CutWings.1993_2
403,Pontia_occidentalis,Corfu_WA,8,M,CTL,2.2,0.54,1993-07-05,1,188,5,FLIGHT,PM,Corfu.CutWings.1993_2
404,Pontia_occidentalis,Corfu_WA,9,M,CUT,2.1,0.64,1993-07-05,2,187,1,FLIGHT,PM,Corfu.CutWings.1993_2
405,Pontia_occidentalis,Corfu_WA,9,M,CUT,2.1,0.64,1993-07-05,2,188,2,FLIGHT,AM,Corfu.CutWings.1993_2
406,Pontia_occidentalis,Corfu_WA,9,M,CUT,2.1,0.64,1993-07-05,2,188,3,FLIGHT,MM,Corfu.CutWings.1993_2
407,Pontia_occidentalis,Corfu_WA,9,M,CUT,2.1,0.64,1993-07-05,2,189,4,NECTAR,MM,Corfu.CutWings.1993_2
408,Pontia_occidentalis,Corfu_WA,9,M,CUT,2.1,0.64,1993-07-05,2,189,5,FLIGHT,MM,Corfu.CutWings.1993_2
409,Pontia_occidentalis,Corfu_WA,10,M,CTL,2.6,0.62,1993-07-05,2,187,1,SPOOK,AM,Corfu.CutWings.1993_2
410,Pontia_occidentalis,Corfu_WA,10,M,CTL,2.6,0.62,1993-07-05,2,188,2,SPOOK,AM,Corfu.CutWings.1993_2
411,Pontia_occidentalis,Corfu_WA,10,M,CTL,2.6,0.62,1993-07-05,2,188,3,NECTAR,MM,Corfu.CutWings.1993_2
412,Pontia_occidentalis,Corfu_WA,10,M,CTL,2.6,0.62,1993-07-05,2,188,4,FLIGHT,MM,Corfu.CutWings.1993_2
413,Pontia_occidentalis,Corfu_WA,10,M,CTL,2.6,0.62,1993-07-05,2,188,5,FLIGHT,MM,Corfu.CutWings.1993_2
414,Pontia_occidentalis,Corfu_WA,10,M,CTL,2.6,0.62,1993-07-05,2,190,6,FLIGHT,AM,Corfu.CutWings.1993_2
415,Pontia_occidentalis,Corfu_WA,10,M,CTL,2.6,0.62,1993-07-05,2,190,7,FLIGHT,PM,Corfu.CutWings.1993_2
416,Pontia_occidentalis,Corfu_WA,10,M,CTL,2.6,0.62,1993-07-05,2,192,8,FLIGHT,AM,Corfu.CutWings.1993_2
417,Pontia_occidentalis,Corfu_WA,10,M,CTL,2.6,0.62,1993-07-05,2,192,9,FLIGHT,MM,Corfu.CutWings.1993_2
418,Pontia_occidentalis,Corfu_WA,10,M,CTL,2.6,0.62,1993-07-05,2,193,10,COURT,PM,Corfu.CutWings.1993_2
419,Pontia_occidentalis,Corfu_WA,10,M,CTL,2.6,0.62,1993-07-05,2,193,11,FLIGHT,PM,Corfu.CutWings.1993_2
420,Pontia_occidentalis,Corfu_WA,10,M,CTL,2.6,0.62,1993-07-05,2,194,12,FLIGHT,AM,Corfu.CutWings.1993_2
421,Pontia_occidentalis,Corfu_WA,11,M,CUT,2.1,0.72,1993-07-05,1,187,1,FLIGHT,PM,Corfu.CutWings.1993_2
422,Pontia_occidentalis,Corfu_WA,13,M,CUT,2.1,0.6,1993-07-05,1,187,1,SPOOK,AM,Corfu.CutWings.1993_2
423,Pontia_occidentalis,Corfu_WA,13,M,CUT,2.1,0.6,1993-07-05,1,187,2,REST,AM,Corfu.CutWings.1993_2
424,Pontia_occidentalis,Corfu_WA,14,M,CTL,2.4,0.66,1993-07-05,1,187,1,REST,AM,Corfu.CutWings.1993_2
425,Pontia_occidentalis,Corfu_WA,14,M,CTL,2.4,0.66,1993-07-05,1,187,2,FLIGHT,MM,Corfu.CutWings.1993_2
426,Pontia_occidentalis,Corfu_WA,14,M,CTL,2.4,0.66,1993-07-05,1,187,3,FLIGHT,PM,Corfu.CutWings.1993_2
427,Pontia_occidentalis,Corfu_WA,14,M,CTL,2.4,0.66,1993-07-05,1,187,4,FLIGHT,PM,Corfu.CutWings.1993_2
428,Pontia_occidentalis,Corfu_WA,14,M,CTL,2.4,0.66,1993-07-05,1,188,5,FLIGHT,AM,Corfu.CutWings.1993_2
429,Pontia_occidentalis,Corfu_WA,14,M,CTL,2.4,0.66,1993-07-05,1,189,6,FLIGHT,AM,Corfu.CutWings.1993_2
430,Pontia_occidentalis,Corfu_WA,14,M,CTL,2.4,0.66,1993-07-05,1,189,7,FLIGHT,MM,Corfu.CutWings.1993_2
431,Pontia_occidentalis,Corfu_WA,14,M,CTL,2.4,0.66,1993-07-05,1,189,8,FLIGHT,MM,Corfu.CutWings.1993_2
432,Pontia_occidentalis,Corfu_WA,14,M,CTL,2.4,0.66,1993-07-05,1,189,9,FLIGHT,MM,Corfu.CutWings.1993_2
433,Pontia_occidentalis,Corfu_WA,14,M,CTL,2.4,0.66,1993-07-05,1,189,10,FLIGHT,MM,Corfu.CutWings.1993_2
434,Pontia_occidentalis,Corfu_WA,14,M,CTL,2.4,0.66,1993-07-05,1,190,11,SPOOK,AM,Corfu.CutWings.1993_2
435,Pontia_occidentalis,Corfu_WA,14,M,CTL,2.4,0.66,1993-07-05,1,190,12,REST,MM,Corfu.CutWings.1993_2
436,Pontia_occidentalis,Corfu_WA,14,M,CTL,2.4,0.66,1993-07-05,1,190,13,FLIGHT,MM,Corfu.CutWings.1993_2
437,Pontia_occidentalis,Corfu_WA,14,M,CTL,2.4,0.66,1993-07-05,1,190,14,FLIGHT,PM,Corfu.CutWings.1993_2
438,Pontia_occidentalis,Corfu_WA,14,M,CTL,2.4,0.66,1993-07-05,1,190,15,FLIGHT,PM,Corfu.CutWings.1993_2
439,Pontia_occidentalis,Corfu_WA,15,F,CUT,2,0.65,1993-07-05,2,187,1,SPOOK,MM,Corfu.CutWings.1993_2
440,Pontia_occidentalis,Corfu_WA,18,M,CTL,2.4,0.62,1993-07-05,3,187,1,FLIGHT,PM,Corfu.CutWings.1993_2
441,Pontia_occidentalis,Corfu_WA,18,M,CTL,2.4,0.62,1993-07-05,3,190,2,FLIGHT,PM,Corfu.CutWings.1993_2
442,Pontia_occidentalis,Corfu_WA,18,M,CTL,2.4,0.62,1993-07-05,3,192,3,NECTAR,PM,Corfu.CutWings.1993_2
443,Pontia_occidentalis,Corfu_WA,20,F,CTL,2.3,0.52,1993-07-05,3,187,1,FLIGHT,MM,Corfu.CutWings.1993_2
444,Pontia_occidentalis,Corfu_WA,20,F,CTL,2.3,0.52,1993-07-05,3,188,2,SPOOK,AM,Corfu.CutWings.1993_2
445,Pontia_occidentalis,Corfu_WA,25,M,CUT,1.7,0.37,1993-07-05,1,187,1,FLIGHT,MM,Corfu.CutWings.1993_2
446,Pontia_occidentalis,Corfu_WA,26,F,CTL,2.5,0.82,1993-07-05,3,187,1,SPOOK,AM,Corfu.CutWings.1993_2
447,Pontia_occidentalis,Corfu_WA,29,M,CUT,2,0.63,1993-07-05,1,187,1,BASK,AM,Corfu.CutWings.1993_2
448,Pontia_occidentalis,Corfu_WA,30,F,CTL,2.3,0.72,1993-07-05,1,187,1,FLIGHT,AM,Corfu.CutWings.1993_2
449,Pontia_occidentalis,Corfu_WA,32,M,CTL,2.2,0.59,1993-07-05,1,187,1,FLIGHT,AM,Corfu.CutWings.1993_2
450,Pontia_occidentalis,Corfu_WA,33,M,CUT,2.1,0.65,1993-07-05,2,187,1,SPOOK,PM,Corfu.CutWings.1993_2
451,Pontia_occidentalis,Corfu_WA,35,F,CUT,2.1,0.72,1993-07-05,1,187,1,FLIGHT,AM,Corfu.CutWings.1993_2
452,Pontia_occidentalis,Corfu_WA,35,F,CUT,2.1,0.72,1993-07-05,1,187,2,SPOOK,MM,Corfu.CutWings.1993_2
453,Pontia_occidentalis,Corfu_WA,35,F,CUT,2.1,0.72,1993-07-05,1,187,3,SPOOK,MM,Corfu.CutWings.1993_2
454,Pontia_occidentalis,Corfu_WA,36,F,CTL,2.6,0.98,1993-07-05,3,192,1,OVI,AM,Corfu.CutWings.1993_2
455,Pontia_occidentalis,Corfu_WA,37,M,CUT,1.9,0.62,1993-07-05,1,187,1,FLIGHT,AM,Corfu.CutWings.1993_2
456,Pontia_occidentalis,Corfu_WA,37,F,CUT,1.9,0.62,1993-07-05,1,187,2,REST,AM,Corfu.CutWings.1993_2
457,Pontia_occidentalis,Corfu_WA,38,F,CTL,2.4,0.66,1993-07-05,1,188,1,FLIGHT,MM,Corfu.CutWings.1993_2
458,Pontia_occidentalis,Corfu_WA,42,M,CTL,2.3,0.72,1993-07-05,2,187,1,FLIGHT,AM,Corfu.CutWings.1993_2
459,Pontia_occidentalis,Corfu_WA,42,M,CTL,2.3,0.72,1993-07-05,2,187,2,BASK,AM,Corfu.CutWings.1993_2
460,Pontia_occidentalis,Corfu_WA,43,F,CUT,2.3,1.12,1993-07-05,1,187,1,OVI,MM,Corfu.CutWings.1993_2
461,Pontia_occidentalis,Corfu_WA,45,M,CUT,2.1,0.88,1993-07-05,2,187,1,BASK,AM,Corfu.CutWings.1993_2
462,Pontia_occidentalis,Corfu_WA,46,M,CTL,2.5,0.6,1993-07-05,2,187,1,FLIGHT,PM,Corfu.CutWings.1993_2
463,Pontia_occidentalis,Corfu_WA,46,M,CTL,2.5,0.6,1993-07-05,2,188,2,FLIGHT,PM,Corfu.CutWings.1993_2
464,Pontia_occidentalis,Corfu_WA,46,M,CTL,2.5,0.6,1993-07-05,2,189,3,COURT,MM,Corfu.CutWings.1993_2
465,Pontia_occidentalis,Corfu_WA,46,M,CTL,2.5,0.6,1993-07-05,2,189,4,FLIGHT,MM,Corfu.CutWings.1993_2
466,Pontia_occidentalis,Corfu_WA,46,M,CTL,2.5,0.6,1993-07-05,2,190,5,FLIGHT,MM,Corfu.CutWings.1993_2
467,Pontia_occidentalis,Corfu_WA,47,M,CUT,2.1,0.53,1993-07-05,3,187,1,REST,AM,Corfu.CutWings.1993_2
468,Pontia_occidentalis,Corfu_WA,47,M,CUT,2.1,0.53,1993-07-05,3,187,2,FLIGHT,MM,Corfu.CutWings.1993_2
469,Pontia_occidentalis,Corfu_WA,47,M,CUT,2.1,0.53,1993-07-05,3,188,3,SPOOK,AM,Corfu.CutWings.1993_2
470,Pontia_occidentalis,Corfu_WA,47,M,CTL,2.1,0.53,1993-07-05,3,188,4,FLIGHT,MM,Corfu.CutWings.1993_2
471,Pontia_occidentalis,Corfu_WA,49,M,CUT,2.1,0.57,1993-07-05,2,187,1,SPOOK,AM,Corfu.CutWings.1993_2
472,Pontia_occidentalis,Corfu_WA,49,M,CUT,2.1,0.57,1993-07-05,2,187,2,FLIGHT,PM,Corfu.CutWings.1993_2
473,Pontia_occidentalis,Corfu_WA,49,M,CUT,2.1,0.57,1993-07-05,2,187,3,FLIGHT,PM,Corfu.CutWings.1993_2
474,Pontia_occidentalis,Corfu_WA,49,M,CUT,2.1,0.57,1993-07-05,2,188,4,FLIGHT,AM,Corfu.CutWings.1993_2
475,Pontia_occidentalis,Corfu_WA,49,M,CUT,2.1,0.57,1993-07-05,2,188,5,FLIGHT,AM,Corfu.CutWings.1993_2
476,Pontia_occidentalis,Corfu_WA,49,M,CUT,2.1,0.57,1993-07-05,2,188,6,FLIGHT,MM,Corfu.CutWings.1993_2
477,Pontia_occidentalis,Corfu_WA,49,M,CUT,2.1,0.57,1993-07-05,2,188,7,FLIGHT,MM,Corfu.CutWings.1993_2
478,Pontia_occidentalis,Corfu_WA,49,M,CUT,2.1,0.57,1993-07-05,2,188,8,FLIGHT,MM,Corfu.CutWings.1993_2
479,Pontia_occidentalis,Corfu_WA,50,F,CTL,2.3,0.67,1993-07-05,1,187,1,FLIGHT,MM,Corfu.CutWings.1993_2
480,Pontia_occidentalis,Corfu_WA,50,F,CTL,2.3,0.67,1993-07-05,1,187,2,FLIGHT,MM,Corfu.CutWings.1993_2
481,Pontia_occidentalis,Corfu_WA,51,F,CUT,2.1,0.65,1993-07-05,4,187,1,FLIGHT,AM,Corfu.CutWings.1993_2
482,Pontia_occidentalis,Corfu_WA,52,F,CTL,2.4,0.7,1993-07-05,1,187,1,FLIGHT,MM,Corfu.CutWings.1993_2
483,Pontia_occidentalis,Corfu_WA,52,F,CTL,2.4,0.7,1993-07-05,1,190,2,OVI,MM,Corfu.CutWings.1993_2
484,Pontia_occidentalis,Corfu_WA,52,F,CTL,2.4,0.7,1993-07-05,1,192,3,FLIGHT,MM,Corfu.CutWings.1993_2
485,Pontia_occidentalis,Corfu_WA,52,F,CTL,2.4,0.7,1993-07-05,1,193,4,REST,PM,Corfu.CutWings.1993_2
486,Pontia_occidentalis,Corfu_WA,53,F,CUT,2,0.7,1993-07-05,2,187,1,OVI,MM,Corfu.CutWings.1993_2
487,Pontia_occidentalis,Corfu_WA,53,F,CUT,2,0.7,1993-07-05,2,189,2,FLIGHT,MM,Corfu.CutWings.1993_2
488,Pontia_occidentalis,Corfu_WA,53,F,CUT,2,0.7,1993-07-05,2,191,3,FLIGHT,PM,Corfu.CutWings.1993_2
489,Pontia_occidentalis,Corfu_WA,53,F,CUT,2,0.7,1993-07-05,2,192,4,FLIGHT,MM,Corfu.CutWings.1993_2
490,Pontia_occidentalis,Corfu_WA,55,M,CUT,1.9,0.49,1993-07-05,1,187,1,FLIGHT,AM,Corfu.CutWings.1993_2
491,Pontia_occidentalis,Corfu_WA,59,M,CUT,2,0.54,1993-07-05,2,187,1,FLIGHT,AM,Corfu.CutWings.1993_2
492,Pontia_occidentalis,Corfu_WA,62,M,CTL,2.2,0.48,1993-07-05,2,187,1,FLIGHT,AM,Corfu.CutWings.1993_2
493,Pontia_occidentalis,Corfu_WA,62,M,CTL,2.2,0.48,1993-07-05,2,187,2,FLIGHT,PM,Corfu.CutWings.1993_2
494,Pontia_occidentalis,Corfu_WA,62,M,CTL,2.2,0.48,1993-07-05,2,188,3,FLIGHT,MM,Corfu.CutWings.1993_2
495,Pontia_occidentalis,Corfu_WA,62,M,CTL,2.2,0.48,1993-07-05,2,188,4,FLIGHT,MM,Corfu.CutWings.1993_2
496,Pontia_occidentalis,Corfu_WA,63,F,CUT,2.1,0.96,1993-07-05,1,188,1,NECTAR,MM,Corfu.CutWings.1993_2
497,Pontia_occidentalis,Corfu_WA,63,F,CUT,2.1,0.96,1993-07-05,1,189,2,FLIGHT,AM,Corfu.CutWings.1993_2
498,Pontia_occidentalis,Corfu_WA,63,F,CUT,2.1,0.96,1993-07-05,1,189,3,FLIGHT,AM,Corfu.CutWings.1993_2
499,Pontia_occidentalis,Corfu_WA,69,F,CUT,2.1,0.69,1993-07-05,3,187,1,COURT,PM,Corfu.CutWings.1993_2
500,Pontia_occidentalis,Corfu_WA,70,F,CTL,2.4,0.85,1993-07-05,3,187,1,FLIGHT,AM,Corfu.CutWings.1993_2
501,Pontia_occidentalis,Corfu_WA,70,F,CTL,2.4,0.85,1993-07-05,3,187,2,FLIGHT,PM,Corfu.CutWings.1993_2
502,Pontia_occidentalis,Corfu_WA,72,F,CTL,2.5,1.02,1993-07-05,1,187,1,FLIGHT,AM,Corfu.CutWings.1993_2
503,Pontia_occidentalis,Corfu_WA,72,F,CTL,2.5,1.02,1993-07-05,1,187,2,SPOOK,AM,Corfu.CutWings.1993_2
504,Pontia_occidentalis,Corfu_WA,73,F,CUT,2.2,0.6,1993-07-05,3,187,1,FLIGHT,AM,Corfu.CutWings.1993_2
505,Pontia_occidentalis,Corfu_WA,75,F,CUT,2.1,0.8,1993-07-05,2,187,1,FLIGHT,AM,Corfu.CutWings.1993_2
506,Pontia_occidentalis,Corfu_WA,77,M,CUT,2,0.62,1993-07-05,2,188,1,FLIGHT,MM,Corfu.CutWings.1993_2
507,Pontia_occidentalis,Corfu_WA,77,M,CUT,2,0.62,1993-07-05,2,189,2,FLIGHT,MM,Corfu.CutWings.1993_2
508,Pontia_occidentalis,Corfu_WA,78,M,CTL,2.3,0.53,1993-07-05,1,191,1,BASK,AM,Corfu.CutWings.1993_2
509,Pontia_occidentalis,Corfu_WA,78,M,CTL,2.3,0.53,1993-07-05,1,192,2,COURT,AM,Corfu.CutWings.1993_2
510,Pontia_occidentalis,Corfu_WA,78,M,CTL,2.3,0.53,1993-07-05,1,192,3,FLIGHT,PM,Corfu.CutWings.1993_2
511,Pontia_occidentalis,Corfu_WA,81,M,CUT,2.3,0.79,1993-07-05,2,187,1,SPOOK,AM,Corfu.CutWings.1993_2
512,Pontia_occidentalis,Corfu_WA,81,M,CUT,2.3,0.79,1993-07-05,2,189,2,FLIGHT,AM,Corfu.CutWings.1993_2
513,Pontia_occidentalis,Corfu_WA,82,F,CTL,2.5,0.73,1993-07-05,3,187,1,FLIGHT,MM,Corfu.CutWings.1993_2
514,Pontia_occidentalis,Corfu_WA,85,M,CUT,2.1,0.6,1993-07-05,2,187,1,FLIGHT,PM,Corfu.CutWings.1993_2
515,Pontia_occidentalis,Corfu_WA,85,M,CUT,2.1,0.6,1993-07-05,2,187,2,FLIGHT,PM,Corfu.CutWings.1993_2
516,Pontia_occidentalis,Corfu_WA,85,M,CUT,2.1,0.6,1993-07-05,2,188,3,FLIGHT,AM,Corfu.CutWings.1993_2
517,Pontia_occidentalis,Corfu_WA,85,M,CUT,2.1,0.6,1993-07-05,2,188,4,FLIGHT,MM,Corfu.CutWings.1993_2
518,Pontia_occidentalis,Corfu_WA,85,M,CUT,2.1,0.6,1993-07-05,2,188,5,FLIGHT,MM,Corfu.CutWings.1993_2
519,Pontia_occidentalis,Corfu_WA,85,M,CUT,2.1,0.6,1993-07-05,2,188,6,FLIGHT,MM,Corfu.CutWings.1993_2
520,Pontia_occidentalis,Corfu_WA,85,M,CUT,2.1,0.6,1993-07-05,2,188,7,FLIGHT,MM,Corfu.CutWings.1993_2
521,Pontia_occidentalis,Corfu_WA,85,M,CUT,2.1,0.6,1993-07-05,2,189,8,BASK,AM,Corfu.CutWings.1993_2
522,Pontia_occidentalis,Corfu_WA,85,M,CUT,2.1,0.6,1993-07-05,2,189,9,FLIGHT,AM,Corfu.CutWings.1993_2
523,Pontia_occidentalis,Corfu_WA,86,F,CTL,2.7,1.36,1993-07-05,1,187,1,FLIGHT,PM,Corfu.CutWings.1993_2
524,Pontia_occidentalis,Corfu_WA,87,M,CUT,2.4,0.76,1993-07-05,1,187,1,REST,AM,Corfu.CutWings.1993_2
525,Pontia_occidentalis,Corfu_WA,87,M,CUT,2.4,0.76,1993-07-05,1,187,2,FLIGHT,AM,Corfu.CutWings.1993_2
526,Pontia_occidentalis,Corfu_WA,87,M,CUT,2.4,0.76,1993-07-05,1,187,3,REST,AM,Corfu.CutWings.1993_2
527,Pontia_occidentalis,Corfu_WA,88,F,CUT,2.5,0.91,1993-07-05,1,187,1,FLIGHT,MM,Corfu.CutWings.1993_2
528,Pontia_occidentalis,Corfu_WA,88,F,CTL,2.5,0.91,1993-07-05,1,188,2,FLIGHT,AM,Corfu.CutWings.1993_2
529,Pontia_occidentalis,Corfu_WA,88,F,CTL,2.5,0.91,1993-07-05,1,188,3,FLIGHT,AM,Corfu.CutWings.1993_2
530,Pontia_occidentalis,Corfu_WA,88,F,CTL,2.5,0.91,1993-07-05,1,189,4,OVI,AM,Corfu.CutWings.1993_2
531,Pontia_occidentalis,Corfu_WA,88,F,CTL,2.5,0.91,1993-07-05,1,190,5,NECTAR,AM,Corfu.CutWings.1993_2
532,Pontia_occidentalis,Corfu_WA,88,F,CTL,2.5,0.91,1993-07-05,1,190,6,REST,MM,Corfu.CutWings.1993_2
533,Pontia_occidentalis,Corfu_WA,93,F,CUT,2.1,0.83,1993-07-05,1,187,1,SPOOK,MM,Corfu.CutWings.1993_2
534,Pontia_occidentalis,Corfu_WA,93,F,CUT,2.1,0.83,1993-07-05,1,187,2,NECTAR,PM,Corfu.CutWings.1993_2
535,Pontia_occidentalis,Corfu_WA,93,F,CUT,2.1,0.83,1993-07-05,1,188,3,NECTAR,MM,Corfu.CutWings.1993_2
536,Pontia_occidentalis,Corfu_WA,95,M,CUT,2.2,1.05,1993-07-05,1,188,1,NECTAR,AM,Corfu.CutWings.1993_2
537,Pontia_occidentalis,Corfu_WA,95,M,CUT,2.2,1.05,1993-07-05,1,188,2,SPOOK,AM,Corfu.CutWings.1993_2
538,Pontia_occidentalis,Corfu_WA,95,M,CUT,2.2,1.05,1993-07-05,1,188,3,FLIGHT,MM,Corfu.CutWings.1993_2
539,Pontia_occidentalis,Corfu_WA,95,M,CUT,2.2,1.05,1993-07-05,1,188,4,FLIGHT,MM,Corfu.CutWings.1993_2
540,Pontia_occidentalis,Corfu_WA,95,M,CUT,2.2,1.05,1993-07-05,1,189,5,FLIGHT,MM,Corfu.CutWings.1993_2
541,Pontia_occidentalis,Corfu_WA,95,M,CUT,2.2,1.05,1993-07-05,1,189,6,FLIGHT,MM,Corfu.CutWings.1993_2
542,Pontia_occidentalis,Corfu_WA,95,M,CUT,2.2,1.05,1993-07-05,1,189,7,FLIGHT,MM,Corfu.CutWings.1993_2
543,Pontia_occidentalis,Corfu_WA,99,F,CUT,2.1,0.66,1993-07-06,2,188,1,SPOOK,AM,Corfu.CutWings.1993_2
544,Pontia_occidentalis,Corfu_WA,100,F,CTL,2.5,0.79,1993-07-06,1,188,1,FLIGHT,AM,Corfu.CutWings.1993_2
545,Pontia_occidentalis,Corfu_WA,100,F,CTL,2.5,0.79,1993-07-06,1,188,2,OVI,AM,Corfu.CutWings.1993_2
546,Pontia_occidentalis,Corfu_WA,100,F,CTL,2.5,0.79,1993-07-06,1,188,3,FLIGHT,AM,Corfu.CutWings.1993_2
547,Pontia_occidentalis,Corfu_WA,101,M,CUT,2.5,0.9,1993-07-06,2,188,1,BASK,AM,Corfu.CutWings.1993_2
548,Pontia_occidentalis,Corfu_WA,101,M,CUT,2.5,0.9,1993-07-06,2,188,2,FLIGHT,AM,Corfu.CutWings.1993_2
549,Pontia_occidentalis,Corfu_WA,101,F,CUT,2.5,0.9,1993-07-06,2,188,3,FLIGHT,AM,Corfu.CutWings.1993_2
550,Pontia_occidentalis,Corfu_WA,104,M,CTL,2.3,0.63,1993-07-06,2,188,1,BASK,AM,Corfu.CutWings.1993_2
551,Pontia_occidentalis,Corfu_WA,105,M,CUT,2,0.44,1993-07-06,2,188,1,NECTAR,MM,Corfu.CutWings.1993_2
552,Pontia_occidentalis,Corfu_WA,106,F,CTL,2.4,1.05,1993-07-06,1,188,1,BASK,AM,Corfu.CutWings.1993_2
553,Pontia_occidentalis,Corfu_WA,108,F,CTL,2.6,0.95,1993-07-06,3,188,1,FLIGHT,MM,Corfu.CutWings.1993_2
554,Pontia_occidentalis,Corfu_WA,109,M,CUT,2.1,0.64,1993-07-06,3,188,1,FLIGHT,MM,Corfu.CutWings.1993_2
555,Pontia_occidentalis,Corfu_WA,110,M,CTL,2,0.43,1993-07-06,2,188,1,FLIGHT,AM,Corfu.CutWings.1993_2
556,Pontia_occidentalis,Corfu_WA,111,F,CUT,2.2,0.72,1993-07-06,2,188,1,FLIGHT,AM,Corfu.CutWings.1993_2
557,Pontia_occidentalis,Corfu_WA,111,F,CUT,2.2,0.72,1993-07-06,2,188,2,BASK,AM,Corfu.CutWings.1993_2
558,Pontia_occidentalis,Corfu_WA,113,F,CUT,1.9,0.73,1993-07-06,1,188,1,FLIGHT,MM,Corfu.CutWings.1993_2
559,Pontia_occidentalis,Corfu_WA,113,F,CUT,1.9,0.73,1993-07-06,1,189,2,FLIGHT,AM,Corfu.CutWings.1993_2
560,Pontia_occidentalis,Corfu_WA,113,F,CUT,1.9,0.73,1993-07-06,1,189,3,SPOOK,AM,Corfu.CutWings.1993_2
561,Pontia_occidentalis,Corfu_WA,113,F,CUT,1.9,0.73,1993-07-06,1,189,4,FLIGHT,AM,Corfu.CutWings.1993_2
562,Pontia_occidentalis,Corfu_WA,114,F,CTL,2.3,0.54,1993-07-06,3,188,1,FLIGHT,AM,Corfu.CutWings.1993_2
563,Pontia_occidentalis,Corfu_WA,117,M,CUT,2.1,0.61,1993-07-06,3,188,1,NECTAR,MM,Corfu.CutWings.1993_2
564,Pontia_occidentalis,Corfu_WA,117,M,CUT,2.1,0.61,1993-07-06,3,189,2,FLIGHT,AM,Corfu.CutWings.1993_2
565,Pontia_occidentalis,Corfu_WA,120,M,CTL,2.6,0.72,1993-07-06,1,188,1,COURT,MM,Corfu.CutWings.1993_2
566,Pontia_occidentalis,Corfu_WA,120,M,CTL,2.6,0.72,1993-07-06,1,188,2,FLIGHT,PM,Corfu.CutWings.1993_2
567,Pontia_occidentalis,Corfu_WA,120,M,CTL,2.6,0.72,1993-07-06,1,189,3,FLIGHT,AM,Corfu.CutWings.1993_2
568,Pontia_occidentalis,Corfu_WA,120,M,CTL,2.6,0.72,1993-07-06,1,189,4,FLIGHT,MM,Corfu.CutWings.1993_2
569,Pontia_occidentalis,Corfu_WA,120,M,CTL,2.6,0.72,1993-07-06,1,189,5,FLIGHT,MM,Corfu.CutWings.1993_2
570,Pontia_occidentalis,Corfu_WA,120,M,CTL,2.6,0.72,1993-07-06,1,190,6,FLIGHT,MM,Corfu.CutWings.1993_2
571,Pontia_occidentalis,Corfu_WA,123,M,CUT,2.2,0.59,1993-07-06,3,188,1,FLIGHT,PM,Corfu.CutWings.1993_2
572,Pontia_occidentalis,Corfu_WA,123,M,CUT,2.2,0.59,1993-07-06,3,189,2,NECTAR,MM,Corfu.CutWings.1993_2
573,Pontia_occidentalis,Corfu_WA,123,M,CUT,2.2,0.59,1993-07-06,3,192,3,REST,AM,Corfu.CutWings.1993_2
574,Pontia_occidentalis,Corfu_WA,123,M,CUT,2.2,0.59,1993-07-06,3,192,4,NECTAR,MM,Corfu.CutWings.1993_2
575,Pontia_occidentalis,Corfu_WA,123,M,CUT,2.2,0.59,1993-07-06,3,192,5,,PM,Corfu.CutWings.1993_2
576,Pontia_occidentalis,Corfu_WA,125,F,CUT,2,0.65,1993-07-06,1,188,1,BASK,AM,Corfu.CutWings.1993_2
577,Pontia_occidentalis,Corfu_WA,125,F,CUT,2,0.65,1993-07-06,1,188,2,SPOOK,AM,Corfu.CutWings.1993_2
578,Pontia_occidentalis,Corfu_WA,127,F,CUT,2.1,0.63,1993-07-06,3,188,1,SPOOK,AM,Corfu.CutWings.1993_2
579,Pontia_occidentalis,Corfu_WA,127,F,CUT,2.1,0.63,1993-07-06,3,190,2,FLIGHT,PM,Corfu.CutWings.1993_2
580,Pontia_occidentalis,Corfu_WA,129,M,CUT,2.2,0.68,1993-07-06,3,189,1,COURT,MM,Corfu.CutWings.1993_2
581,Pontia_occidentalis,Corfu_WA,130,F,CTL,2.7,1.02,1993-07-06,3,188,1,BASK,AM,Corfu.CutWings.1993_2
582,Pontia_occidentalis,Corfu_WA,130,F,CTL,2.7,1.02,1993-07-06,3,190,2,FLIGHT,MM,Corfu.CutWings.1993_2
583,Pontia_occidentalis,Corfu_WA,130,F,CTL,2.7,1.02,1993-07-06,3,190,3,FLIGHT,MM,Corfu.CutWings.1993_2
584,Pontia_occidentalis,Corfu_WA,131,M,CUT,2,0.58,1993-07-06,2,188,1,FLIGHT,AM,Corfu.CutWings.1993_2
585,Pontia_occidentalis,Corfu_WA,133,F,CUT,2.4,1.32,1993-07-06,1,190,1,FLIGHT,MM,Corfu.CutWings.1993_2
586,Pontia_occidentalis,Corfu_WA,133,F,CUT,2.4,1.32,1993-07-06,1,190,2,FLIGHT,MM,Corfu.CutWings.1993_2
587,Pontia_occidentalis,Corfu_WA,136,F,CTL,2.4,0.59,1993-07-06,3,188,1,BASK,AM,Corfu.CutWings.1993_2
588,Pontia_occidentalis,Corfu_WA,142,F,CTL,2.5,1.06,1993-07-06,1,188,1,BASK,AM,Corfu.CutWings.1993_2
589,Pontia_occidentalis,Corfu_WA,142,F,CTL,2.5,1.06,1993-07-06,1,188,2,BASK,AM,Corfu.CutWings.1993_2
590,Pontia_occidentalis,Corfu_WA,144,F,CTL,2.6,0.85,1993-07-06,3,188,1,BASK,AM,Corfu.CutWings.1993_2
591,Pontia_occidentalis,Corfu_WA,146,F,CTL,2.1,0.66,1993-07-06,1,188,1,BASK,AM,Corfu.CutWings.1993_2
592,Pontia_occidentalis,Corfu_WA,146,F,CTL,2.1,0.66,1993-07-06,1,188,2,FLIGHT,MM,Corfu.CutWings.1993_2
593,Pontia_occidentalis,Corfu_WA,147,F,CUT,2.2,0.99,1993-07-06,2,188,1,FLIGHT,MM,Corfu.CutWings.1993_2
594,Pontia_occidentalis,Corfu_WA,147,F,CUT,2.2,0.99,1993-07-06,2,189,2,FLIGHT,AM,Corfu.CutWings.1993_2
595,Pontia_occidentalis,Corfu_WA,147,F,CUT,2.2,0.99,1993-07-06,2,189,3,OVI,MM,Corfu.CutWings.1993_2
596,Pontia_occidentalis,Corfu_WA,147,F,CUT,2.2,0.99,1993-07-06,2,189,4,OVI,MM,Corfu.CutWings.1993_2
597,Pontia_occidentalis,Corfu_WA,147,F,CUT,2.2,0.99,1993-07-06,2,191,5,BASK,AM,Corfu.CutWings.1993_2
598,Pontia_occidentalis,Corfu_WA,147,F,CUT,2.2,0.99,1993-07-06,2,192,6,OVI,MM,Corfu.CutWings.1993_2
599,Pontia_occidentalis,Corfu_WA,149,F,CUT,2.1,0.77,1993-07-06,2,188,1,NECTAR,AM,Corfu.CutWings.1993_2
600,Pontia_occidentalis,Corfu_WA,151,F,CUT,2.1,0.86,1993-07-06,1,188,1,BASK,AM,Corfu.CutWings.1993_2
601,Pontia_occidentalis,Corfu_WA,154,F,CTL,2.3,0.57,1993-07-06,1,188,1,BASK,AM,Corfu.CutWings.1993_2
602,Pontia_occidentalis,Corfu_WA,156,M,CTL,2.3,0.5,1993-07-06,3,188,1,BASK,AM,Corfu.CutWings.1993_2
603,Pontia_occidentalis,Corfu_WA,161,F,CUT,2.2,0.96,1993-07-06,1,188,1,FLIGHT,AM,Corfu.CutWings.1993_2
604,Pontia_occidentalis,Corfu_WA,163,F,CUT,2.1,0.88,1993-07-06,1,188,1,SPOOK,AM,Corfu.CutWings.1993_2
605,Pontia_occidentalis,Corfu_WA,163,F,CUT,2.1,0.88,1993-07-06,1,189,2,NECTAR,AM,Corfu.CutWings.1993_2
606,Pontia_occidentalis,Corfu_WA,163,F,CUT,2.1,0.88,1993-07-06,1,190,3,FLIGHT,MM,Corfu.CutWings.1993_2
607,Pontia_occidentalis,Corfu_WA,163,F,CUT,2.1,0.88,1993-07-06,1,193,4,NECTAR,PM,Corfu.CutWings.1993_2
608,Pontia_occidentalis,Corfu_WA,165,F,CUT,2.3,0.78,1993-07-06,3,188,1,FLIGHT,MM,Corfu.CutWings.1993_2
609,Pontia_occidentalis,Corfu_WA,165,F,CUT,2.3,0.78,1993-07-06,3,188,2,FLIGHT,MM,Corfu.CutWings.1993_2
610,Pontia_occidentalis,Corfu_WA,165,F,CUT,2.3,0.78,1993-07-06,3,190,3,FLIGHT,MM,Corfu.CutWings.1993_2
611,Pontia_occidentalis,Corfu_WA,165,F,CUT,2.3,0.78,1993-07-06,3,190,4,FLIGHT,MM,Corfu.CutWings.1993_2
612,Pontia_occidentalis,Corfu_WA,165,F,CUT,2.3,0.78,1993-07-06,3,191,5,FLIGHT,MM,Corfu.CutWings.1993_2
613,Pontia_occidentalis,Corfu_WA,167,M,CUT,2.2,0.73,1993-07-06,1,188,1,SPOOK,MM,Corfu.CutWings.1993_2
614,Pontia_occidentalis,Corfu_WA,169,M,CUT,1.7,0.48,1993-07-06,2,188,1,BASK,AM,Corfu.CutWings.1993_2
615,Pontia_occidentalis,Corfu_WA,169,M,CUT,1.7,0.48,1993-07-06,2,188,2,NECTAR,MM,Corfu.CutWings.1993_2
616,Pontia_occidentalis,Corfu_WA,170,M,CTL,2.2,0.54,1993-07-06,1,188,1,FLIGHT,AM,Corfu.CutWings.1993_2
617,Pontia_occidentalis,Corfu_WA,171,M,CUT,2.2,0.92,1993-07-06,3,188,1,FLIGHT,AM,Corfu.CutWings.1993_2
618,Pontia_occidentalis,Corfu_WA,171,M,CUT,2.2,0.92,1993-07-06,3,188,2,FLIGHT,MM,Corfu.CutWings.1993_2
619,Pontia_occidentalis,Corfu_WA,174,F,CTL,2.2,0.52,1993-07-06,2,188,1,OVI,AM,Corfu.CutWings.1993_2
620,Pontia_occidentalis,Corfu_WA,175,M,CUT,1.7,0.4,1993-07-06,2,188,1,FLIGHT,AM,Corfu.CutWings.1993_2
621,Pontia_occidentalis,Corfu_WA,175,M,CUT,1.7,0.4,1993-07-06,2,188,2,FLIGHT,MM,Corfu.CutWings.1993_2
622,Pontia_occidentalis,Corfu_WA,178,F,CTL,2.3,0.79,1993-07-06,2,188,1,OVI,AM,Corfu.CutWings.1993_2
623,Pontia_occidentalis,Corfu_WA,178,F,CTL,2.3,0.79,1993-07-06,2,189,2,FLIGHT,AM,Corfu.CutWings.1993_2
624,Pontia_occidentalis,Corfu_WA,180,M,CTL,2.5,0.72,1993-07-06,3,188,1,FLIGHT,AM,Corfu.CutWings.1993_2
625,Pontia_occidentalis,Corfu_WA,180,M,CTL,2.5,0.72,1993-07-06,3,188,2,SPOOK,AM,Corfu.CutWings.1993_2
626,Pontia_occidentalis,Corfu_WA,182,F,CTL,2.3,0.63,1993-07-06,1,188,1,REST,AM,Corfu.CutWings.1993_2
627,Pontia_occidentalis,Corfu_WA,182,F,CTL,2.3,0.63,1993-07-06,1,189,2,FLIGHT,AM,Corfu.CutWings.1993_2
628,Pontia_occidentalis,Corfu_WA,184,F,CTL,2.6,0.89,1993-07-06,2,188,1,NECTAR,AM,Corfu.CutWings.1993_2
629,Pontia_occidentalis,Corfu_WA,187,M,CUT,2.3,0.8,1993-07-06,2,188,1,FLIGHT,AM,Corfu.CutWings.1993_2
630,Pontia_occidentalis,Corfu_WA,187,M,CUT,2.3,0.8,1993-07-06,2,188,2,SPOOK,AM,Corfu.CutWings.1993_2
631,Pontia_occidentalis,Corfu_WA,189,F,CUT,1.9,0.59,1993-07-06,1,188,1,BASK,AM,Corfu.CutWings.1993_2
632,Pontia_occidentalis,Corfu_WA,189,F,CUT,1.9,0.59,1993-07-06,1,189,2,FLIGHT,AM,Corfu.CutWings.1993_2
633,Pontia_occidentalis,Corfu_WA,189,F,CUT,1.9,0.59,1993-07-06,1,190,3,FLIGHT,AM,Corfu.CutWings.1993_2
634,Pontia_occidentalis,Corfu_WA,190,F,CTL,2.3,0.66,1993-07-06,3,188,1,OVI,AM,Corfu.CutWings.1993_2
635,Pontia_occidentalis,Corfu_WA,191,F,CUT,2.4,0.86,1993-07-06,3,188,1,BASK,AM,Corfu.CutWings.1993_2
636,Pontia_occidentalis,Corfu_WA,192,M,CTL,2.5,0.85,1993-07-06,1,188,1,BASK,AM,Corfu.CutWings.1993_2
637,Pontia_occidentalis,Corfu_WA,192,M,CTL,2.5,0.85,1993-07-06,1,188,2,REST,AM,Corfu.CutWings.1993_2
638,Pontia_occidentalis,Corfu_WA,193,M,CUT,2.1,0.74,1993-07-06,1,188,1,FLIGHT,MM,Corfu.CutWings.1993_2
639,Pontia_occidentalis,Corfu_WA,194,F,CTL,2.7,0.74,1993-07-06,4,188,1,FLIGHT,AM,Corfu.CutWings.1993_2
640,Pontia_occidentalis,Corfu_WA,195,F,CUT,2.1,0.77,1993-07-06,2,188,1,REST,AM,Corfu.CutWings.1993_2
641,Pontia_occidentalis,Corfu_WA,196,M,CTL,2.4,0.72,1993-07-06,1,188,1,FLIGHT,AM,Corfu.CutWings.1993_2
642,Pontia_occidentalis,Corfu_WA,198,M,CTL,2.4,0.85,1993-07-06,2,188,1,SPOOK,AM,Corfu.CutWings.1993_2
643,Pontia_occidentalis,Corfu_WA,199,M,CUT,2.1,0.65,1993-07-06,2,188,1,BASK,AM,Corfu.CutWings.1993_2
644,Pontia_occidentalis,Corfu_WA,202,F,CTL,2.5,0.79,1993-07-06,1,189,1,NECTAR,AM,Corfu.CutWings.1993_2
645,Pontia_occidentalis,Corfu_WA,202,F,CTL,2.5,0.79,1993-07-06,1,189,2,BASK,AM,Corfu.CutWings.1993_2
646,Pontia_occidentalis,Corfu_WA,203,M,CUT,2.2,0.48,1993-07-06,2,188,1,SPOOK,AM,Corfu.CutWings.1993_2
647,Pontia_occidentalis,Corfu_WA,203,M,CUT,2.2,0.48,1993-07-06,2,188,2,FLIGHT,AM,Corfu.CutWings.1993_2
648,Pontia_occidentalis,Corfu_WA,205,F,CUT,2.2,0.76,1993-07-06,3,188,1,FLIGHT,AM,Corfu.CutWings.1993_2
649,Pontia_occidentalis,Corfu_WA,208,F,CTL,2.6,1.11,1993-07-07,1,190,1,BASK,AM,Corfu.CutWings.1993_2
650,Pontia_occidentalis,Corfu_WA,211,F,CUT,2.3,0.74,1993-07-07,2,189,1,FLIGHT,AM,Corfu.CutWings.1993_2
651,Pontia_occidentalis,Corfu_WA,213,M,CUT,NA,NA,NA,NA,189,1,FLIGHT,PM,Corfu.CutWings.1993_2
652,Pontia_occidentalis,Corfu_WA,214,F,CTL,2.4,0.95,1993-07-07,1,189,1,SPOOK,AM,Corfu.CutWings.1993_2
653,Pontia_occidentalis,Corfu_WA,214,F,CTL,2.4,0.95,1993-07-07,1,189,2,OVI,MM,Corfu.CutWings.1993_2
654,Pontia_occidentalis,Corfu_WA,215,M,CUT,2.1,0.87,1993-07-07,1,189,1,FLIGHT,MM,Corfu.CutWings.1993_2
655,Pontia_occidentalis,Corfu_WA,215,M,CUT,2.1,0.87,1993-07-07,1,190,2,FLIGHT,AM,Corfu.CutWings.1993_2
656,Pontia_occidentalis,Corfu_WA,216,F,CTL,2.7,1.2,1993-07-07,1,189,1,BASK,AM,Corfu.CutWings.1993_2
657,Pontia_occidentalis,Corfu_WA,217,F,CUT,2.2,0.9,1993-07-07,2,189,1,SPOOK,MM,Corfu.CutWings.1993_2
658,Pontia_occidentalis,Corfu_WA,219,M,CUT,2.1,0.44,1993-07-07,2,189,1,FLIGHT,MM,Corfu.CutWings.1993_2
659,Pontia_occidentalis,Corfu_WA,219,M,CUT,2.1,0.44,1993-07-07,2,189,2,FLIGHT,MM,Corfu.CutWings.1993_2
660,Pontia_occidentalis,Corfu_WA,219,M,CUT,2.1,0.44,1993-07-07,2,189,3,FLIGHT,MM,Corfu.CutWings.1993_2
661,Pontia_occidentalis,Corfu_WA,220,F,CTL,2.4,0.63,1993-07-07,3,189,1,FLIGHT,MM,Corfu.CutWings.1993_2
662,Pontia_occidentalis,Corfu_WA,221,F,CUT,2.3,0.67,1993-07-07,1,189,1,SPOOK,AM,Corfu.CutWings.1993_2
663,Pontia_occidentalis,Corfu_WA,223,F,CUT,2.4,0.96,1993-07-07,1,189,1,FLIGHT,AM,Corfu.CutWings.1993_2
664,Pontia_occidentalis,Corfu_WA,224,F,CTL,2.2,0.57,1993-07-07,2,189,1,SPOOK,AM,Corfu.CutWings.1993_2
665,Pontia_occidentalis,Corfu_WA,224,F,CTL,2.2,0.57,1993-07-07,2,189,2,FLIGHT,MM,Corfu.CutWings.1993_2
666,Pontia_occidentalis,Corfu_WA,225,F,CUT,2.3,1.05,1993-07-07,1,189,1,FLIGHT,AM,Corfu.CutWings.1993_2
667,Pontia_occidentalis,Corfu_WA,225,F,CUT,2.3,1.05,1993-07-07,1,189,2,OVI,AM,Corfu.CutWings.1993_2
668,Pontia_occidentalis,Corfu_WA,227,M,CUT,2,0.54,1993-07-07,1,189,1,BASK,AM,Corfu.CutWings.1993_2
669,Pontia_occidentalis,Corfu_WA,228,M,CTL,2.5,0.71,1993-07-07,4,189,1,FLIGHT,AM,Corfu.CutWings.1993_2
670,Pontia_occidentalis,Corfu_WA,228,M,CTL,2.5,0.71,1993-07-07,4,190,2,FLIGHT,MM,Corfu.CutWings.1993_2
671,Pontia_occidentalis,Corfu_WA,230,M,CTL,2.3,0.71,1993-07-07,1,189,1,FLIGHT,AM,Corfu.CutWings.1993_2
672,Pontia_occidentalis,Corfu_WA,231,M,CUT,2.2,0.68,1993-07-07,2,189,1,FLIGHT,AM,Corfu.CutWings.1993_2
673,Pontia_occidentalis,Corfu_WA,232,F,CTL,2.4,0.7,1993-07-07,4,189,1,OVI,AM,Corfu.CutWings.1993_2
674,Pontia_occidentalis,Corfu_WA,233,F,CUT,2,0.51,1993-07-07,3,189,1,FLIGHT,AM,Corfu.CutWings.1993_2
675,Pontia_occidentalis,Corfu_WA,235,F,CUT,2.2,1.29,1993-07-07,1,190,1,OVI,AM,Corfu.CutWings.1993_2
676,Pontia_occidentalis,Corfu_WA,235,F,CUT,2.2,1.29,1993-07-07,1,192,2,REST,PM,Corfu.CutWings.1993_2
677,Pontia_occidentalis,Corfu_WA,235,F,CUT,2.2,1.29,1993-07-07,1,193,3,OVI,PM,Corfu.CutWings.1993_2
678,Pontia_occidentalis,Corfu_WA,235,F,CUT,2.2,1.29,1993-07-07,1,194,4,SPOOK,MM,Corfu.CutWings.1993_2
679,Pontia_occidentalis,Corfu_WA,238,F,CTL,2.6,0.81,1993-07-07,2,189,1,FLIGHT,AM,Corfu.CutWings.1993_2
680,Pontia_occidentalis,Corfu_WA,239,F,CUT,2.3,0.75,1993-07-07,2,189,1,FLIGHT,AM,Corfu.CutWings.1993_2
681,Pontia_occidentalis,Corfu_WA,240,M,CTL,2.3,0.56,1993-07-07,2,189,1,SPOOK,AM,Corfu.CutWings.1993_2
682,Pontia_occidentalis,Corfu_WA,242,F,CTL,2.5,0.92,1993-07-07,2,190,1,FLIGHT,MM,Corfu.CutWings.1993_2
683,Pontia_occidentalis,Corfu_WA,243,F,CUT,2.2,0.74,1993-07-07,1,189,1,SPOOK,AM,Corfu.CutWings.1993_2
684,Pontia_occidentalis,Corfu_WA,246,M,CTL,2.4,0.68,1993-07-07,2,189,1,FLIGHT,AM,Corfu.CutWings.1993_2
685,Pontia_occidentalis,Corfu_WA,246,M,CTL,2.4,0.68,1993-07-07,2,189,2,FLIGHT,AM,Corfu.CutWings.1993_2
686,Pontia_occidentalis,Corfu_WA,247,M,CUT,2.2,0.71,1993-07-07,2,190,1,FLIGHT,AM,Corfu.CutWings.1993_2
687,Pontia_occidentalis,Corfu_WA,251,F,CUT,2.5,0.85,1993-07-07,3,189,1,REST,AM,Corfu.CutWings.1993_2
688,Pontia_occidentalis,Corfu_WA,251,F,CUT,2.5,0.85,1993-07-07,3,190,2,FLIGHT,MM,Corfu.CutWings.1993_2
689,Pontia_occidentalis,Corfu_WA,256,F,CTL,2.5,0.95,1993-07-07,1,189,1,BASK,AM,Corfu.CutWings.1993_2
690,Pontia_occidentalis,Corfu_WA,259,F,CUT,2.2,0.9,1993-07-07,1,189,1,FLIGHT,AM,Corfu.CutWings.1993_2
691,Pontia_occidentalis,Corfu_WA,260,F,CTL,2.6,1.03,1993-07-07,3,189,1,REST,AM,Corfu.CutWings.1993_2
692,Pontia_occidentalis,Corfu_WA,261,F,CUT,2.3,0.71,1993-07-07,3,189,1,OVI,MM,Corfu.CutWings.1993_2
693,Pontia_occidentalis,Corfu_WA,263,M,CUT,2.2,0.72,1993-07-07,3,189,1,FLIGHT,AM,Corfu.CutWings.1993_2
694,Pontia_occidentalis,Corfu_WA,265,M,CUT,2.2,0.52,1993-07-07,3,189,1,FLIGHT,AM,Corfu.CutWings.1993_2
695,Pontia_occidentalis,Corfu_WA,266,M,CTL,2.4,0.6,1993-07-07,2,189,1,SPOOK,AM,Corfu.CutWings.1993_2
696,Pontia_occidentalis,Corfu_WA,267,M,CUT,2.2,0.89,1993-07-07,2,189,1,FLIGHT,AM,Corfu.CutWings.1993_2
697,Pontia_occidentalis,Corfu_WA,268,F,CTL,2.5,0.78,1993-07-07,1,189,1,OVI,AM,Corfu.CutWings.1993_2
698,Pontia_occidentalis,Corfu_WA,269,F,CUT,2.2,0.81,1993-07-07,3,189,1,OVI,AM,Corfu.CutWings.1993_2
699,Pontia_occidentalis,Corfu_WA,270,F,CTL,2.5,0.9,1993-07-07,1,189,1,OVI,AM,Corfu.CutWings.1993_2
700,Pontia_occidentalis,Corfu_WA,273,F,CUT,2.3,0.86,1993-07-07,1,189,1,SPOOK,AM,Corfu.CutWings.1993_2
701,Pontia_occidentalis,Corfu_WA,273,F,CUT,2.3,0.86,1993-07-07,1,189,2,FLIGHT,MM,Corfu.CutWings.1993_2
702,Pontia_occidentalis,Corfu_WA,274,F,CTL,2.8,1.14,1993-07-07,1,189,1,BASK,AM,Corfu.CutWings.1993_2
703,Pontia_occidentalis,Corfu_WA,281,F,CUT,2.3,0.85,1993-07-07,1,189,1,OVI,AM,Corfu.CutWings.1993_2
704,Pontia_occidentalis,Corfu_WA,281,F,CUT,2.3,0.85,1993-07-07,1,189,2,SPOOK,MM,Corfu.CutWings.1993_2
705,Pontia_occidentalis,Corfu_WA,283,F,CUT,1.9,0.55,1993-07-07,2,189,1,FLIGHT,AM,Corfu.CutWings.1993_2
706,Pontia_occidentalis,Corfu_WA,287,F,CUT,2.4,1.05,1993-07-07,1,189,1,FLIGHT,AM,Corfu.CutWings.1993_2
707,Pontia_occidentalis,Corfu_WA,287,F,CUT,2.4,1.05,1993-07-07,1,189,2,FLIGHT,MM,Corfu.CutWings.1993_2
708,Pontia_occidentalis,Corfu_WA,289,F,CUT,2,0.92,1993-07-07,1,189,1,FLIGHT,AM,Corfu.CutWings.1993_2
709,Pontia_occidentalis,Corfu_WA,289,F,CUT,2,0.92,1993-07-07,1,189,2,OVI,AM,Corfu.CutWings.1993_2
710,Pontia_occidentalis,Corfu_WA,289,F,CUT,2,0.92,1993-07-07,1,189,3,BASK,AM,Corfu.CutWings.1993_2
711,Pontia_occidentalis,Corfu_WA,290,M,CTL,1.9,0.67,1993-07-07,1,189,1,FLIGHT,MM,Corfu.CutWings.1993_2
712,Pontia_occidentalis,Corfu_WA,290,M,CTL,1.9,0.67,1993-07-07,1,189,2,NECTAR,MM,Corfu.CutWings.1993_2
713,Pontia_occidentalis,Corfu_WA,290,M,CTL,1.9,0.67,1993-07-07,1,190,3,NECTAR,MM,Corfu.CutWings.1993_2
714,Pontia_occidentalis,Corfu_WA,293,M,CUT,2.1,0.62,1993-07-07,2,189,1,FLIGHT,AM,Corfu.CutWings.1993_2
715,Pontia_occidentalis,Corfu_WA,293,M,CUT,2.1,0.62,1993-07-07,2,189,2,FLIGHT,MM,Corfu.CutWings.1993_2
716,Pontia_occidentalis,Corfu_WA,293,M,CUT,2.1,0.62,1993-07-07,2,189,3,FLIGHT,MM,Corfu.CutWings.1993_2
717,Pontia_occidentalis,Corfu_WA,293,M,CUT,2.1,0.62,1993-07-07,2,189,4,FLIGHT,MM,Corfu.CutWings.1993_2
718,Pontia_occidentalis,Corfu_WA,293,M,CUT,2.1,0.62,1993-07-07,2,190,5,FLIGHT,AM,Corfu.CutWings.1993_2
719,Pontia_occidentalis,Corfu_WA,293,M,CUT,2.1,0.62,1993-07-07,2,190,6,FLIGHT,MM,Corfu.CutWings.1993_2
720,Pontia_occidentalis,Corfu_WA,293,M,CUT,2.1,0.62,1993-07-07,2,190,7,FLIGHT,MM,Corfu.CutWings.1993_2
721,Pontia_occidentalis,Corfu_WA,293,M,CUT,2.1,0.62,1993-07-07,2,190,8,FLIGHT,MM,Corfu.CutWings.1993_2
722,Pontia_occidentalis,Corfu_WA,293,M,CUT,2.1,0.62,1993-07-07,2,190,9,FLIGHT,PM,Corfu.CutWings.1993_2
723,Pontia_occidentalis,Corfu_WA,293,M,CUT,2.1,0.62,1993-07-07,2,190,10,FLIGHT,PM,Corfu.CutWings.1993_2
724,Pontia_occidentalis,Corfu_WA,293,M,CUT,2.1,0.62,1993-07-07,2,191,11,FLIGHT,MM,Corfu.CutWings.1993_2
725,Pontia_occidentalis,Corfu_WA,293,M,CUT,2.1,0.62,1993-07-07,2,191,12,FLIGHT,MM,Corfu.CutWings.1993_2
726,Pontia_occidentalis,Corfu_WA,293,M,CUT,2.1,0.62,1993-07-07,2,191,13,FLIGHT,PM,Corfu.CutWings.1993_2
727,Pontia_occidentalis,Corfu_WA,293,M,CUT,2.1,0.62,1993-07-07,2,192,14,NECTAR,AM,Corfu.CutWings.1993_2
728,Pontia_occidentalis,Corfu_WA,296,F,CTL,2.4,0.72,1993-07-07,1,189,1,BASK,AM,Corfu.CutWings.1993_2
729,Pontia_occidentalis,Corfu_WA,298,F,CTL,2.6,0.97,1993-07-07,2,189,1,FLIGHT,MM,Corfu.CutWings.1993_2
730,Pontia_occidentalis,Corfu_WA,301,M,CUT,1.9,0.61,1993-07-07,1,189,1,FLIGHT,AM,Corfu.CutWings.1993_2
731,Pontia_occidentalis,Corfu_WA,301,M,CUT,1.9,0.61,1993-07-07,1,189,2,FLIGHT,MM,Corfu.CutWings.1993_2
732,Pontia_occidentalis,Corfu_WA,353,F,U,2.7,0.8,1993-07-06,3,188,1,BASK,AM,Corfu.CutWings.1993_2
733,Pontia_occidentalis,Corfu_WA,353,F,U,2.7,0.8,1993-07-06,3,188,2,FLIGHT,MM,Corfu.CutWings.1993_2
734,Pontia_occidentalis,Corfu_WA,353,F,U,2.7,0.8,1993-07-06,3,189,3,SPOOK,AM,Corfu.CutWings.1993_2
735,Pontia_occidentalis,Corfu_WA,353,F,U,2.7,0.8,1993-07-06,3,189,4,FLIGHT,AM,Corfu.CutWings.1993_2
736,Pontia_occidentalis,Corfu_WA,353,F,U,2.7,0.8,1993-07-06,3,189,5,OVI,MM,Corfu.CutWings.1993_2
737,Pontia_occidentalis,Corfu_WA,353,F,U,2.7,0.8,1993-07-06,3,190,6,FLIGHT,MM,Corfu.CutWings.1993_2
738,Pontia_occidentalis,Corfu_WA,354,F,U,2,0.67,1993-07-06,2,188,1,OVI,AM,Corfu.CutWings.1993_2
739,Pontia_occidentalis,Corfu_WA,354,F,U,2,0.67,1993-07-06,2,188,2,FLIGHT,AM,Corfu.CutWings.1993_2
740,Pontia_occidentalis,Corfu_WA,357,F,U,2.5,0.63,1993-07-06,3,188,1,BASK,AM,Corfu.CutWings.1993_2
741,Pontia_occidentalis,Corfu_WA,357,F,U,2.5,0.63,1993-07-06,3,188,2,FLIGHT,AM,Corfu.CutWings.1993_2
742,Pontia_occidentalis,Corfu_WA,357,F,U,2.5,0.63,1993-07-06,3,188,3,FLIGHT,AM,Corfu.CutWings.1993_2
743,Pontia_occidentalis,Corfu_WA,358,F,U,2.6,0.96,1993-07-06,1,188,1,SPOOK,AM,Corfu.CutWings.1993_2
744,Pontia_occidentalis,Corfu_WA,358,F,U,2.6,0.96,1993-07-06,1,189,2,FLIGHT,AM,Corfu.CutWings.1993_2
745,Pontia_occidentalis,Corfu_WA,359,M,U,2.4,0.58,1993-07-06,2,188,1,FLIGHT,AM,Corfu.CutWings.1993_2
746,Pontia_occidentalis,Corfu_WA,360,F,U,2.4,0.78,1993-07-06,1,188,1,SPOOK,AM,Corfu.CutWings.1993_2
747,Pontia_occidentalis,Corfu_WA,361,F,U,2.3,0.56,1993-07-06,3,188,1,BASK,AM,Corfu.CutWings.1993_2
748,Pontia_occidentalis,Corfu_WA,361,F,U,2.3,0.56,1993-07-06,3,189,2,FLIGHT,AM,Corfu.CutWings.1993_2
749,Pontia_occidentalis,Corfu_WA,361,F,U,2.3,0.56,1993-07-06,3,189,3,OVI,AM,Corfu.CutWings.1993_2
750,Pontia_occidentalis,Corfu_WA,361,F,U,2.3,0.56,1993-07-06,3,189,4,FLIGHT,MM,Corfu.CutWings.1993_2
751,Pontia_occidentalis,Corfu_WA,362,M,U,2.5,0.82,1993-07-06,4,188,1,NECTAR,AM,Corfu.CutWings.1993_2
752,Pontia_occidentalis,Corfu_WA,363,F,U,2.5,0.89,1993-07-06,1,188,1,FLIGHT,AM,Corfu.CutWings.1993_2
753,Pontia_occidentalis,Corfu_WA,363,F,U,2.5,0.89,1993-07-06,1,190,2,BASK,AM,Corfu.CutWings.1993_2
754,Pontia_occidentalis,Corfu_WA,364,F,U,2.4,0.78,1993-07-06,1,188,1,BASK,AM,Corfu.CutWings.1993_2
755,Pontia_occidentalis,Corfu_WA,368,F,U,2.7,0.74,1993-07-06,2,188,1,SPOOK,AM,Corfu.CutWings.1993_2
756,Pontia_occidentalis,Corfu_WA,371,F,U,2,0.74,1993-07-06,2,188,1,FLIGHT,AM,Corfu.CutWings.1993_2
757,Pontia_occidentalis,Corfu_WA,372,M,U,2.2,0.61,1993-07-06,3,188,1,BASK,AM,Corfu.CutWings.1993_2
758,Pontia_occidentalis,Corfu_WA,374,F,U,2.6,0.91,1993-07-06,2,188,1,SPOOK,AM,Corfu.CutWings.1993_2
759,Pontia_occidentalis,Corfu_WA,375,M,U,2.5,0.6,1993-07-06,2,188,1,NECTAR,AM,Corfu.CutWings.1993_2
760,Pontia_occidentalis,Corfu_WA,376,F,U,2.5,0.85,1993-07-06,2,188,1,FLIGHT,AM,Corfu.CutWings.1993_2
761,Pontia_occidentalis,Corfu_WA,377,M,U,2.5,0.75,1993-07-06,3,188,1,FLIGHT,AM,Corfu.CutWings.1993_2
762,Pontia_occidentalis,Corfu_WA,378,F,U,2.5,0.93,1993-07-06,2,188,1,FLIGHT,MM,Corfu.CutWings.1993_2
763,Pontia_occidentalis,Corfu_WA,380,F,U,2.5,0.62,1993-07-06,2,188,1,FLIGHT,AM,Corfu.CutWings.1993_2
764,Pontia_occidentalis,Corfu_WA,384,F,U,2.3,0.62,1993-07-06,1,191,1,BASK,AM,Corfu.CutWings.1993_2
765,Pontia_occidentalis,Corfu_WA,387,M,U,2.4,0.63,1993-07-06,N/A,188,1,SPOOK,AM,Corfu.CutWings.1993_2
766,Pontia_occidentalis,Corfu_WA,390,F,U,2.5,0.7,1993-07-06,2,188,1,BASK,AM,Corfu.CutWings.1993_2
767,Pontia_occidentalis,Corfu_WA,391,M,U,2.6,0.78,1993-07-06,2,188,1,SPOOK,AM,Corfu.CutWings.1993_2
768,Pontia_occidentalis,Corfu_WA,395,M,U,2.5,0.53,1993-07-06,3,188,1,FLIGHT,AM,Corfu.CutWings.1993_2
769,Pontia_occidentalis,Corfu_WA,397,F,U,2.2,0.76,1993-07-06,2,188,1,BASK,AM,Corfu.CutWings.1993_2
770,Pontia_occidentalis,Corfu_WA,401,F,U,2.3,0.62,1993-07-06,2,188,1,FLIGHT,AM,Corfu.CutWings.1993_2
771,Pontia_occidentalis,Corfu_WA,403,F,U,2.5,0.86,1993-07-06,1,188,1,FLIGHT,MM,Corfu.CutWings.1993_2
772,Pontia_occidentalis,Corfu_WA,403,F,U,2.5,0.86,1993-07-06,1,188,2,FLIGHT,MM,Corfu.CutWings.1993_2
773,Pontia_occidentalis,Corfu_WA,406,F,U,2.5,0.82,1993-07-06,1,188,1,FLIGHT,AM,Corfu.CutWings.1993_2
774,Pontia_occidentalis,Corfu_WA,407,F,U,2.5,0.84,1993-07-06,2,188,1,FLIGHT,AM,Corfu.CutWings.1993_2
775,Pontia_occidentalis,Corfu_WA,409,F,U,2.5,0.71,1993-07-06,2,188,1,FLIGHT,AM,Corfu.CutWings.1993_2
776,Pontia_occidentalis,Corfu_WA,409,F,U,2.5,0.71,1993-07-06,2,188,2,BASK,AM,Corfu.CutWings.1993_2
777,Pontia_occidentalis,Corfu_WA,409,F,U,2.5,0.71,1993-07-06,2,188,3,FLIGHT,AM,Corfu.CutWings.1993_2
778,Pontia_occidentalis,Corfu_WA,411,M,U,2.6,0.86,1993-07-07,2,189,1,FLIGHT,AM,Corfu.CutWings.1993_2
779,Pontia_occidentalis,Corfu_WA,413,M,U,2.8,0.73,1993-07-07,3,189,1,FLIGHT,AM,Corfu.CutWings.1993_2
780,Pontia_occidentalis,Corfu_WA,413,M,U,2.8,0.73,1993-07-07,3,191,2,FLIGHT,MM,Corfu.CutWings.1993_2
781,Pontia_occidentalis,Corfu_WA,415,M,U,2.4,0.75,1993-07-07,2,189,1,FLIGHT,AM,Corfu.CutWings.1993_2
782,Pontia_occidentalis,Corfu_WA,416,F,U,2.6,0.58,1993-07-07,4,189,1,REST,AM,Corfu.CutWings.1993_2
783,Pontia_occidentalis,Corfu_WA,416,F,U,2.6,0.58,1993-07-07,4,189,2,OVI,AM,Corfu.CutWings.1993_2
784,Pontia_occidentalis,Corfu_WA,417,F,U,2.5,0.62,1993-07-07,3,189,1,FLIGHT,AM,Corfu.CutWings.1993_2
785,Pontia_occidentalis,Corfu_WA,418,F,U,2.5,0.75,1993-07-07,2,189,1,FLIGHT,AM,Corfu.CutWings.1993_2
786,Pontia_occidentalis,Corfu_WA,420,M,U,2.5,0.68,1993-07-07,2,189,1,SPOOK,AM,Corfu.CutWings.1993_2
787,Pontia_occidentalis,Corfu_WA,421,F,U,2.5,0.75,1993-07-07,1,189,1,REST,AM,Corfu.CutWings.1993_2
788,Pontia_occidentalis,Corfu_WA,421,F,U,2.5,0.75,1993-07-07,1,189,2,FLIGHT,MM,Corfu.CutWings.1993_2
789,Pontia_occidentalis,Corfu_WA,421,F,U,2.5,0.75,1993-07-07,1,190,3,FLIGHT,MM,Corfu.CutWings.1993_2
790,Pontia_occidentalis,Corfu_WA,425,F,U,2.3,0.65,1993-07-07,4,189,1,OVI,AM,Corfu.CutWings.1993_2
791,Pontia_occidentalis,Corfu_WA,425,F,CTL,2.3,0.65,1993-07-07,4,191,2,FLIGHT,MM,Corfu.CutWings.1993_2
792,Pontia_occidentalis,Corfu_WA,426,F,U,2.5,0.82,1993-07-07,2,189,1,,AM,Corfu.CutWings.1993_2
793,Pontia_occidentalis,Corfu_WA,428,F,U,2.6,1.01,1993-07-07,2,189,1,FLIGHT,AM,Corfu.CutWings.1993_2
794,Pontia_occidentalis,Corfu_WA,431,F,U,2.4,0.67,1993-07-07,3,189,1,OVI,AM,Corfu.CutWings.1993_2
795,Pontia_occidentalis,Corfu_WA,431,F,U,2.4,0.67,1993-07-07,3,189,2,FLIGHT,MM,Corfu.CutWings.1993_2
796,Pontia_occidentalis,Corfu_WA,431,F,U,2.4,0.67,1993-07-07,3,189,3,OVI,MM,Corfu.CutWings.1993_2
797,Pontia_occidentalis,Corfu_WA,432,F,U,2.5,0.53,1993-07-07,3,189,1,SPOOK,AM,Corfu.CutWings.1993_2
798,Pontia_occidentalis,Corfu_WA,433,F,U,2.3,0.68,1993-07-07,2,189,1,FLIGHT,AM,Corfu.CutWings.1993_2
799,Pontia_occidentalis,Corfu_WA,433,F,U,2.3,0.68,1993-07-07,2,189,2,FLIGHT,AM,Corfu.CutWings.1993_2
800,Pontia_occidentalis,Corfu_WA,435,M,U,2.3,0.6,1993-07-07,1,189,1,FLIGHT,AM,Corfu.CutWings.1993_2
801,Pontia_occidentalis,Corfu_WA,436,F,U,2.6,0.94,1993-07-07,2,189,1,BASK,AM,Corfu.CutWings.1993_2
802,Pontia_occidentalis,Corfu_WA,437,M,U,2.5,0.84,1993-07-07,2,189,1,FLIGHT,MM,Corfu.CutWings.1993_2
803,Pontia_occidentalis,Corfu_WA,437,M,U,2.5,0.84,1993-07-07,2,189,2,,PM,Corfu.CutWings.1993_2
804,Pontia_occidentalis,Corfu_WA,437,M,U,2.5,0.84,1993-07-07,2,190,3,FLIGHT,MM,Corfu.CutWings.1993_2
805,Pontia_occidentalis,Corfu_WA,437,M,U,2.5,0.84,1993-07-07,2,190,4,FLIGHT,PM,Corfu.CutWings.1993_2
806,Pontia_occidentalis,Corfu_WA,437,M,U,2.5,0.84,1993-07-07,2,191,5,FLIGHT,MM,Corfu.CutWings.1993_2
807,Pontia_occidentalis,Corfu_WA,442,F,U,2.3,0.73,1993-07-07,4,189,1,FLIGHT,AM,Corfu.CutWings.1993_2
808,Pontia_occidentalis,Corfu_WA,443,F,U,2.6,1.01,1993-07-07,2,189,1,FLIGHT,AM,Corfu.CutWings.1993_2
809,Pontia_occidentalis,Corfu_WA,443,F,U,2.6,1.01,1993-07-07,2,189,2,NECTAR,MM,Corfu.CutWings.1993_2
810,Pontia_occidentalis,Corfu_WA,445,F,U,2.4,0.68,1993-07-07,3,189,1,FLIGHT,AM,Corfu.CutWings.1993_2
811,Pontia_occidentalis,Corfu_WA,445,F,U,2.4,0.68,1993-07-07,3,189,2,SPOOK,AM,Corfu.CutWings.1993_2
812,Pontia_occidentalis,Corfu_WA,445,F,U,2.4,0.68,1993-07-07,3,189,3,OVI,MM,Corfu.CutWings.1993_2
813,Pontia_occidentalis,Corfu_WA,445,F,U,2.4,0.68,1993-07-07,3,190,4,OVI,MM,Corfu.CutWings.1993_2
814,Pontia_occidentalis,Corfu_WA,447,F,U,2.3,0.41,1993-07-07,3,189,1,SPOOK,AM,Corfu.CutWings.1993_2
815,Pontia_occidentalis,Corfu_WA,451,M,U,2.4,0.84,1993-07-07,1,189,1,FLIGHT,AM,Corfu.CutWings.1993_2